record_type,cohort,validation,outcome_metric,outcome_formulation,model,base_model,candidate_model,comparison,metric,estimate,ci_lower,ci_upper,bootstrap_se,n_persons,n_train_min,n_train_max,temporal_cutoff,bootstrap_success,bootstrap_attempts,notes
model_metric,HRS,grouped_10fold,acute,change,B0,,,,RMSE,1.029128281300503,,,,1166,1049,1050,,,,
model_metric,HRS,grouped_10fold,acute,change,B0,,,,MAE,0.7548726161194755,,,,1166,1049,1050,,,,
model_metric,HRS,grouped_10fold,acute,change,B0,,,,predictive_R2,0.0005363020318093,,,,1166,1049,1050,,,,
model_metric,HRS,grouped_10fold,acute,change,B0,,,,mean_log_predictive_density,-1.448823805685041,,,,1166,1049,1050,,,,
model_metric,HRS,grouped_10fold,acute,change,B0,,,,calibration_intercept,0.1024007463014714,,,,1166,1049,1050,,,,
model_metric,HRS,grouped_10fold,acute,change,B0,,,,calibration_slope,0.5139897297077882,,,,1166,1049,1050,,,,
model_metric,HRS,grouped_10fold,acute,change,B1,,,,RMSE,1.0303085550444568,,,,1166,1049,1050,,,,
model_metric,HRS,grouped_10fold,acute,change,B1,,,,MAE,0.7556854321918215,,,,1166,1049,1050,,,,
model_metric,HRS,grouped_10fold,acute,change,B1,,,,predictive_R2,-0.0017575173646615,,,,1166,1049,1050,,,,
model_metric,HRS,grouped_10fold,acute,change,B1,,,,mean_log_predictive_density,-1.4500142465871728,,,,1166,1049,1050,,,,
model_metric,HRS,grouped_10fold,acute,change,B1,,,,calibration_intercept,0.1146984803442544,,,,1166,1049,1050,,,,
model_metric,HRS,grouped_10fold,acute,change,B1,,,,calibration_slope,0.4548305414769545,,,,1166,1049,1050,,,,
model_metric,HRS,grouped_10fold,acute,change,B2,,,,RMSE,1.027910535783712,,,,1166,1049,1050,,,,
model_metric,HRS,grouped_10fold,acute,change,B2,,,,MAE,0.7562066088415541,,,,1166,1049,1050,,,,
model_metric,HRS,grouped_10fold,acute,change,B2,,,,predictive_R2,0.0029001907320883,,,,1166,1049,1050,,,,
model_metric,HRS,grouped_10fold,acute,change,B2,,,,mean_log_predictive_density,-1.4476398151109924,,,,1166,1049,1050,,,,
model_metric,HRS,grouped_10fold,acute,change,B2,,,,calibration_intercept,0.0924732885620499,,,,1166,1049,1050,,,,
model_metric,HRS,grouped_10fold,acute,change,B2,,,,calibration_slope,0.560034806430302,,,,1166,1049,1050,,,,
model_metric,HRS,grouped_10fold,acute,change,B3,,,,RMSE,0.9185420021530304,,,,1166,1049,1050,,,,
model_metric,HRS,grouped_10fold,acute,change,B3,,,,MAE,0.741343093669634,,,,1166,1049,1050,,,,
model_metric,HRS,grouped_10fold,acute,change,B3,,,,predictive_R2,0.2037929139593854,,,,1166,1049,1050,,,,
model_metric,HRS,grouped_10fold,acute,change,B3,,,,mean_log_predictive_density,-1.334729655032682,,,,1166,1049,1050,,,,
model_metric,HRS,grouped_10fold,acute,change,B3,,,,calibration_intercept,0.0099224121490642,,,,1166,1049,1050,,,,
model_metric,HRS,grouped_10fold,acute,change,B3,,,,calibration_slope,0.9526438647453808,,,,1166,1049,1050,,,,
model_metric,HRS,grouped_10fold,acute,change,B4,,,,RMSE,0.9193390650663182,,,,1166,1049,1050,,,,
model_metric,HRS,grouped_10fold,acute,change,B4,,,,MAE,0.7422591822980289,,,,1166,1049,1050,,,,
model_metric,HRS,grouped_10fold,acute,change,B4,,,,predictive_R2,0.2024105003380543,,,,1166,1049,1050,,,,
model_metric,HRS,grouped_10fold,acute,change,B4,,,,mean_log_predictive_density,-1.335634273672783,,,,1166,1049,1050,,,,
model_metric,HRS,grouped_10fold,acute,change,B4,,,,calibration_intercept,0.0100490222655489,,,,1166,1049,1050,,,,
model_metric,HRS,grouped_10fold,acute,change,B4,,,,calibration_slope,0.950090965336344,,,,1166,1049,1050,,,,
comparison,HRS,grouped_10fold,acute,change,,B0,B1,B1_minus_B0,RMSE,-0.0011802737439539,-0.0021828785647854,-0.0001623134945423,0.0005493643194483,1166,1049,1050,,500.0,500.0,
comparison,HRS,grouped_10fold,acute,change,,B0,B1,B1_minus_B0,MAE,-0.0008128160723459,-0.0018510945707811,0.00013715676196,0.0005187732899269,1166,1049,1050,,500.0,500.0,
comparison,HRS,grouped_10fold,acute,change,,B0,B1,B1_minus_B0,predictive_R2,-0.0022938193964708,-0.004271054152831,-0.0003183845443871,0.0010685702702546,1166,1049,1050,,500.0,500.0,
comparison,HRS,grouped_10fold,acute,change,,B0,B1,B1_minus_B0,mean_log_predictive_density,-0.0011904409021317,-0.0022475310012155,-0.0001668811060789,0.0005516142060028,1166,1049,1050,,500.0,500.0,
comparison,HRS,grouped_10fold,acute,change,,B0,B2,B2_minus_B0,RMSE,0.0012177455167909,-0.0035322151944588,0.0056232910070526,0.0023859845678459,1166,1049,1050,,500.0,500.0,
comparison,HRS,grouped_10fold,acute,change,,B0,B2,B2_minus_B0,MAE,-0.0013339927220785,-0.0053684137669332,0.003054857971678,0.0020783781465314,1166,1049,1050,,500.0,500.0,
comparison,HRS,grouped_10fold,acute,change,,B0,B2,B2_minus_B0,predictive_R2,0.002363888700279,-0.0067556210026704,0.0107291370653582,0.0046352571367202,1166,1049,1050,,500.0,500.0,
comparison,HRS,grouped_10fold,acute,change,,B0,B2,B2_minus_B0,mean_log_predictive_density,0.0011839905740487,-0.0035689459534846,0.0055705256737474,0.0023681884398991,1166,1049,1050,,500.0,500.0,
comparison,HRS,grouped_10fold,acute,change,,B0,B3,B3_minus_B0,RMSE,0.1105862791474724,0.084143613062807,0.1346608626365726,0.0132571607700737,1166,1049,1050,,500.0,500.0,
comparison,HRS,grouped_10fold,acute,change,,B0,B3,B3_minus_B0,MAE,0.0135295224498415,-0.0124749663627213,0.0347436373220989,0.0121309392328399,1166,1049,1050,,500.0,500.0,
comparison,HRS,grouped_10fold,acute,change,,B0,B3,B3_minus_B0,predictive_R2,0.2032566119275761,0.1621625641713076,0.2414287874931356,0.0202101361252207,1166,1049,1050,,500.0,500.0,
comparison,HRS,grouped_10fold,acute,change,,B0,B3,B3_minus_B0,mean_log_predictive_density,0.1140941506523589,0.0888697940441717,0.1384057451006347,0.0126840001650783,1166,1049,1050,,500.0,500.0,
comparison,HRS,grouped_10fold,acute,change,,B3,B4,B4_minus_B3,RMSE,-0.0007970629132877,-0.0017239193151735,0.0002014747451635,0.0004796754626281,1166,1049,1050,,500.0,500.0,
comparison,HRS,grouped_10fold,acute,change,,B3,B4,B4_minus_B3,MAE,-0.0009160886283948,-0.0017637983180153,-2.8823687614146796e-05,0.0004459710217878,1166,1049,1050,,500.0,500.0,
comparison,HRS,grouped_10fold,acute,change,,B3,B4,B4_minus_B3,predictive_R2,-0.0013824136213311,-0.0030133720300578,0.0003491087065247,0.0008371007769032,1166,1049,1050,,500.0,500.0,
comparison,HRS,grouped_10fold,acute,change,,B3,B4,B4_minus_B3,mean_log_predictive_density,-0.0009046186401011,-0.0019236485692665,0.0001993977145931,0.0005337966012329,1166,1049,1050,,500.0,500.0,
model_metric,HRS,grouped_10fold,acute,ancova_level,B0,,,,RMSE,0.9185420021530304,,,,1166,1049,1050,,,,
model_metric,HRS,grouped_10fold,acute,ancova_level,B0,,,,MAE,0.741343093669634,,,,1166,1049,1050,,,,
model_metric,HRS,grouped_10fold,acute,ancova_level,B0,,,,predictive_R2,0.2588053347842858,,,,1166,1049,1050,,,,
model_metric,HRS,grouped_10fold,acute,ancova_level,B0,,,,mean_log_predictive_density,-1.334729655032682,,,,1166,1049,1050,,,,
model_metric,HRS,grouped_10fold,acute,ancova_level,B0,,,,calibration_intercept,0.0065369607131861,,,,1166,1049,1050,,,,
model_metric,HRS,grouped_10fold,acute,ancova_level,B0,,,,calibration_slope,0.971797553128022,,,,1166,1049,1050,,,,
model_metric,HRS,grouped_10fold,acute,ancova_level,B1,,,,RMSE,0.8923773925183381,,,,1166,1049,1050,,,,
model_metric,HRS,grouped_10fold,acute,ancova_level,B1,,,,MAE,0.7112539652312069,,,,1166,1049,1050,,,,
model_metric,HRS,grouped_10fold,acute,ancova_level,B1,,,,predictive_R2,0.3004297000794702,,,,1166,1049,1050,,,,
model_metric,HRS,grouped_10fold,acute,ancova_level,B1,,,,mean_log_predictive_density,-1.3061161654195106,,,,1166,1049,1050,,,,
model_metric,HRS,grouped_10fold,acute,ancova_level,B1,,,,calibration_intercept,0.0051201086205167,,,,1166,1049,1050,,,,
model_metric,HRS,grouped_10fold,acute,ancova_level,B1,,,,calibration_slope,0.9756598731282804,,,,1166,1049,1050,,,,
model_metric,HRS,grouped_10fold,acute,ancova_level,B2,,,,RMSE,0.9193390650663182,,,,1166,1049,1050,,,,
model_metric,HRS,grouped_10fold,acute,ancova_level,B2,,,,MAE,0.7422591822980289,,,,1166,1049,1050,,,,
model_metric,HRS,grouped_10fold,acute,ancova_level,B2,,,,predictive_R2,0.2575184364142304,,,,1166,1049,1050,,,,
model_metric,HRS,grouped_10fold,acute,ancova_level,B2,,,,mean_log_predictive_density,-1.335634273672783,,,,1166,1049,1050,,,,
model_metric,HRS,grouped_10fold,acute,ancova_level,B2,,,,calibration_intercept,0.0068572331440867,,,,1166,1049,1050,,,,
model_metric,HRS,grouped_10fold,acute,ancova_level,B2,,,,calibration_slope,0.9686361840316278,,,,1166,1049,1050,,,,
model_metric,HRS,grouped_10fold,acute,ancova_level,B3,,,,RMSE,0.9185420021530304,,,,1166,1049,1050,,,,
model_metric,HRS,grouped_10fold,acute,ancova_level,B3,,,,MAE,0.741343093669634,,,,1166,1049,1050,,,,
model_metric,HRS,grouped_10fold,acute,ancova_level,B3,,,,predictive_R2,0.2588053347842858,,,,1166,1049,1050,,,,
model_metric,HRS,grouped_10fold,acute,ancova_level,B3,,,,mean_log_predictive_density,-1.334729655032682,,,,1166,1049,1050,,,,
model_metric,HRS,grouped_10fold,acute,ancova_level,B3,,,,calibration_intercept,0.0065369607131861,,,,1166,1049,1050,,,,
model_metric,HRS,grouped_10fold,acute,ancova_level,B3,,,,calibration_slope,0.971797553128022,,,,1166,1049,1050,,,,
model_metric,HRS,grouped_10fold,acute,ancova_level,B4,,,,RMSE,0.9193390650663182,,,,1166,1049,1050,,,,
model_metric,HRS,grouped_10fold,acute,ancova_level,B4,,,,MAE,0.7422591822980289,,,,1166,1049,1050,,,,
model_metric,HRS,grouped_10fold,acute,ancova_level,B4,,,,predictive_R2,0.2575184364142304,,,,1166,1049,1050,,,,
model_metric,HRS,grouped_10fold,acute,ancova_level,B4,,,,mean_log_predictive_density,-1.335634273672783,,,,1166,1049,1050,,,,
model_metric,HRS,grouped_10fold,acute,ancova_level,B4,,,,calibration_intercept,0.0068572331440867,,,,1166,1049,1050,,,,
model_metric,HRS,grouped_10fold,acute,ancova_level,B4,,,,calibration_slope,0.9686361840316278,,,,1166,1049,1050,,,,
comparison,HRS,grouped_10fold,acute,ancova_level,,B0,B1,B1_minus_B0,RMSE,0.0261646096346923,0.0127786567384981,0.0406734467151523,0.0071619431758459,1166,1049,1050,,500.0,500.0,
comparison,HRS,grouped_10fold,acute,ancova_level,,B0,B1,B1_minus_B0,MAE,0.0300891284384271,0.018241774365766,0.0407528810965477,0.0058576905034785,1166,1049,1050,,500.0,500.0,
comparison,HRS,grouped_10fold,acute,ancova_level,,B0,B1,B1_minus_B0,predictive_R2,0.0416243652951844,0.0199221353790029,0.0633717947444374,0.0113355629921148,1166,1049,1050,,500.0,500.0,
comparison,HRS,grouped_10fold,acute,ancova_level,,B0,B1,B1_minus_B0,mean_log_predictive_density,0.0286134896131713,0.01318648870419,0.0447877330357783,0.0081344153322504,1166,1049,1050,,500.0,500.0,
comparison,HRS,grouped_10fold,acute,ancova_level,,B0,B2,B2_minus_B0,RMSE,-0.0007970629132877,-0.001771233759941,0.0002024610788893,0.00051057636787,1166,1049,1050,,500.0,500.0,
comparison,HRS,grouped_10fold,acute,ancova_level,,B0,B2,B2_minus_B0,MAE,-0.0009160886283948,-0.0018594055640829,-7.483337797753538e-06,0.0004776478030773,1166,1049,1050,,500.0,500.0,
comparison,HRS,grouped_10fold,acute,ancova_level,,B0,B2,B2_minus_B0,predictive_R2,-0.0012868983700553,-0.0028889554166388,0.0003235973258084,0.0008248693099516,1166,1049,1050,,500.0,500.0,
comparison,HRS,grouped_10fold,acute,ancova_level,,B0,B2,B2_minus_B0,mean_log_predictive_density,-0.0009046186401013,-0.0020389046510005,0.0002087127471672,0.000571683856277,1166,1049,1050,,500.0,500.0,
comparison,HRS,grouped_10fold,acute,ancova_level,,B0,B3,B3_minus_B0,RMSE,0.0,0.0,0.0,0.0,1166,1049,1050,,500.0,500.0,structural identity under mandatory ANCOVA baseline
comparison,HRS,grouped_10fold,acute,ancova_level,,B0,B3,B3_minus_B0,MAE,0.0,0.0,0.0,0.0,1166,1049,1050,,500.0,500.0,structural identity under mandatory ANCOVA baseline
comparison,HRS,grouped_10fold,acute,ancova_level,,B0,B3,B3_minus_B0,predictive_R2,0.0,0.0,0.0,0.0,1166,1049,1050,,500.0,500.0,structural identity under mandatory ANCOVA baseline
comparison,HRS,grouped_10fold,acute,ancova_level,,B0,B3,B3_minus_B0,mean_log_predictive_density,0.0,0.0,0.0,0.0,1166,1049,1050,,500.0,500.0,structural identity under mandatory ANCOVA baseline
comparison,HRS,grouped_10fold,acute,ancova_level,,B3,B4,B4_minus_B3,RMSE,-0.0007970629132877,-0.0016524253606134,0.000177505301664,0.0005019925616788,1166,1049,1050,,500.0,500.0,
comparison,HRS,grouped_10fold,acute,ancova_level,,B3,B4,B4_minus_B3,MAE,-0.0009160886283948,-0.0018492696991667,-3.248561305903567e-05,0.0004686465808954,1166,1049,1050,,500.0,500.0,
comparison,HRS,grouped_10fold,acute,ancova_level,,B3,B4,B4_minus_B3,predictive_R2,-0.0012868983700553,-0.0026830733301665,0.000293107695612,0.0008110763335182,1166,1049,1050,,500.0,500.0,
comparison,HRS,grouped_10fold,acute,ancova_level,,B3,B4,B4_minus_B3,mean_log_predictive_density,-0.0009046186401013,-0.0018808511050397,0.0001919948312799,0.0005623032379511,1166,1049,1050,,500.0,500.0,
model_metric,HRS,grouped_10fold,persistence,change,B0,,,,RMSE,0.994095266181463,,,,1166,1049,1050,,,,
model_metric,HRS,grouped_10fold,persistence,change,B0,,,,MAE,0.7194066444423826,,,,1166,1049,1050,,,,
model_metric,HRS,grouped_10fold,persistence,change,B0,,,,predictive_R2,0.004231589164687,,,,1166,1049,1050,,,,
model_metric,HRS,grouped_10fold,persistence,change,B0,,,,mean_log_predictive_density,-1.4139570163546031,,,,1166,1049,1050,,,,
model_metric,HRS,grouped_10fold,persistence,change,B0,,,,calibration_intercept,0.0292406789047642,,,,1166,1049,1050,,,,
model_metric,HRS,grouped_10fold,persistence,change,B0,,,,calibration_slope,0.622661415160196,,,,1166,1049,1050,,,,
model_metric,HRS,grouped_10fold,persistence,change,B1,,,,RMSE,0.9951448056235016,,,,1166,1049,1050,,,,
model_metric,HRS,grouped_10fold,persistence,change,B1,,,,MAE,0.7204215679479442,,,,1166,1049,1050,,,,
model_metric,HRS,grouped_10fold,persistence,change,B1,,,,predictive_R2,0.002127867416106,,,,1166,1049,1050,,,,
model_metric,HRS,grouped_10fold,persistence,change,B1,,,,mean_log_predictive_density,-1.4150277553688335,,,,1166,1049,1050,,,,
model_metric,HRS,grouped_10fold,persistence,change,B1,,,,calibration_intercept,0.0341479892367529,,,,1166,1049,1050,,,,
model_metric,HRS,grouped_10fold,persistence,change,B1,,,,calibration_slope,0.5600065600277283,,,,1166,1049,1050,,,,
model_metric,HRS,grouped_10fold,persistence,change,B2,,,,RMSE,0.9754443285990234,,,,1166,1049,1050,,,,
model_metric,HRS,grouped_10fold,persistence,change,B2,,,,MAE,0.7163713683634542,,,,1166,1049,1050,,,,
model_metric,HRS,grouped_10fold,persistence,change,B2,,,,predictive_R2,0.0412457338450176,,,,1166,1049,1050,,,,
model_metric,HRS,grouped_10fold,persistence,change,B2,,,,mean_log_predictive_density,-1.3953914971552657,,,,1166,1049,1050,,,,
model_metric,HRS,grouped_10fold,persistence,change,B2,,,,calibration_intercept,0.0106047978377868,,,,1166,1049,1050,,,,
model_metric,HRS,grouped_10fold,persistence,change,B2,,,,calibration_slope,0.8630456762855874,,,,1166,1049,1050,,,,
model_metric,HRS,grouped_10fold,persistence,change,B3,,,,RMSE,0.8707930922133786,,,,1166,1049,1050,,,,
model_metric,HRS,grouped_10fold,persistence,change,B3,,,,MAE,0.68966177366552,,,,1166,1049,1050,,,,
model_metric,HRS,grouped_10fold,persistence,change,B3,,,,predictive_R2,0.2359315205041129,,,,1166,1049,1050,,,,
model_metric,HRS,grouped_10fold,persistence,change,B3,,,,mean_log_predictive_density,-1.2814202747594838,,,,1166,1049,1050,,,,
model_metric,HRS,grouped_10fold,persistence,change,B3,,,,calibration_intercept,0.0036779738498812,,,,1166,1049,1050,,,,
model_metric,HRS,grouped_10fold,persistence,change,B3,,,,calibration_slope,0.9635593747687335,,,,1166,1049,1050,,,,
model_metric,HRS,grouped_10fold,persistence,change,B4,,,,RMSE,0.8696486799444103,,,,1166,1049,1050,,,,
model_metric,HRS,grouped_10fold,persistence,change,B4,,,,MAE,0.6876296603541303,,,,1166,1049,1050,,,,
model_metric,HRS,grouped_10fold,persistence,change,B4,,,,predictive_R2,0.2379385064751209,,,,1166,1049,1050,,,,
model_metric,HRS,grouped_10fold,persistence,change,B4,,,,mean_log_predictive_density,-1.2801829368138746,,,,1166,1049,1050,,,,
model_metric,HRS,grouped_10fold,persistence,change,B4,,,,calibration_intercept,0.003738018198867,,,,1166,1049,1050,,,,
model_metric,HRS,grouped_10fold,persistence,change,B4,,,,calibration_slope,0.9602043547471932,,,,1166,1049,1050,,,,
comparison,HRS,grouped_10fold,persistence,change,,B0,B1,B1_minus_B0,RMSE,-0.0010495394420386,-0.0021941074395255,0.000176429253365,0.000593231910115,1166,1049,1050,,500.0,500.0,
comparison,HRS,grouped_10fold,persistence,change,,B0,B1,B1_minus_B0,MAE,-0.0010149235055616,-0.0020761567376252,7.144118476553835e-05,0.0005472668139371,1166,1049,1050,,500.0,500.0,
comparison,HRS,grouped_10fold,persistence,change,,B0,B1,B1_minus_B0,predictive_R2,-0.0021037217485809,-0.0044082349392279,0.0003639483548731,0.001191470091785,1166,1049,1050,,500.0,500.0,
comparison,HRS,grouped_10fold,persistence,change,,B0,B1,B1_minus_B0,mean_log_predictive_density,-0.0010707390142306,-0.0022434450064222,0.0001744503790572,0.0006066902898867,1166,1049,1050,,500.0,500.0,
comparison,HRS,grouped_10fold,persistence,change,,B0,B2,B2_minus_B0,RMSE,0.0186509375824396,0.0038922152785372,0.0310716308064221,0.0070919960869652,1166,1049,1050,,500.0,500.0,
comparison,HRS,grouped_10fold,persistence,change,,B0,B2,B2_minus_B0,MAE,0.0030352760789283,-0.0076058297770141,0.0126517550343028,0.0053776818318461,1166,1049,1050,,500.0,500.0,
comparison,HRS,grouped_10fold,persistence,change,,B0,B2,B2_minus_B0,predictive_R2,0.0370141446803305,0.007937830118734,0.0613648292905646,0.013841529569716,1166,1049,1050,,500.0,500.0,
comparison,HRS,grouped_10fold,persistence,change,,B0,B2,B2_minus_B0,mean_log_predictive_density,0.0185655191993374,0.0033273916228719,0.0313724247936507,0.0073604004429534,1166,1049,1050,,500.0,500.0,
comparison,HRS,grouped_10fold,persistence,change,,B0,B3,B3_minus_B0,RMSE,0.1233021739680844,0.0952259212891939,0.1510374983113374,0.0143765409074255,1166,1049,1050,,500.0,500.0,
comparison,HRS,grouped_10fold,persistence,change,,B0,B3,B3_minus_B0,MAE,0.0297448707768626,0.0059516834569186,0.0537352670364488,0.0123684707428266,1166,1049,1050,,500.0,500.0,
comparison,HRS,grouped_10fold,persistence,change,,B0,B3,B3_minus_B0,predictive_R2,0.2316999313394259,0.1859328646733866,0.2737138401137065,0.022023511356146,1166,1049,1050,,500.0,500.0,
comparison,HRS,grouped_10fold,persistence,change,,B0,B3,B3_minus_B0,mean_log_predictive_density,0.1325367415951193,0.104708057363217,0.1610983483574788,0.0145144407892548,1166,1049,1050,,500.0,500.0,
comparison,HRS,grouped_10fold,persistence,change,,B3,B4,B4_minus_B3,RMSE,0.0011444122689683,-0.0029277089315757,0.0057785092648034,0.0022451883063202,1166,1049,1050,,500.0,500.0,
comparison,HRS,grouped_10fold,persistence,change,,B3,B4,B4_minus_B3,MAE,0.0020321133113896,-0.0018178127996578,0.005753301935523,0.0018857618975761,1166,1049,1050,,500.0,500.0,
comparison,HRS,grouped_10fold,persistence,change,,B3,B4,B4_minus_B3,predictive_R2,0.002006985971008,-0.005151799023959,0.0103551835051789,0.0039312345491997,1166,1049,1050,,500.0,500.0,
comparison,HRS,grouped_10fold,persistence,change,,B3,B4,B4_minus_B3,mean_log_predictive_density,0.0012373379456092,-0.0035647846848883,0.0066893602346193,0.0026700284435071,1166,1049,1050,,500.0,500.0,
model_metric,HRS,grouped_10fold,persistence,ancova_level,B0,,,,RMSE,0.8707930922133786,,,,1166,1049,1050,,,,
model_metric,HRS,grouped_10fold,persistence,ancova_level,B0,,,,MAE,0.68966177366552,,,,1166,1049,1050,,,,
model_metric,HRS,grouped_10fold,persistence,ancova_level,B0,,,,predictive_R2,0.2704864363165573,,,,1166,1049,1050,,,,
model_metric,HRS,grouped_10fold,persistence,ancova_level,B0,,,,mean_log_predictive_density,-1.2814202747594838,,,,1166,1049,1050,,,,
model_metric,HRS,grouped_10fold,persistence,ancova_level,B0,,,,calibration_intercept,0.0025992170262877,,,,1166,1049,1050,,,,
model_metric,HRS,grouped_10fold,persistence,ancova_level,B0,,,,calibration_slope,0.983015858101706,,,,1166,1049,1050,,,,
model_metric,HRS,grouped_10fold,persistence,ancova_level,B1,,,,RMSE,0.8490179981566609,,,,1166,1049,1050,,,,
model_metric,HRS,grouped_10fold,persistence,ancova_level,B1,,,,MAE,0.668764195994894,,,,1166,1049,1050,,,,
model_metric,HRS,grouped_10fold,persistence,ancova_level,B1,,,,predictive_R2,0.3065147724060736,,,,1166,1049,1050,,,,
model_metric,HRS,grouped_10fold,persistence,ancova_level,B1,,,,mean_log_predictive_density,-1.2563239601136835,,,,1166,1049,1050,,,,
model_metric,HRS,grouped_10fold,persistence,ancova_level,B1,,,,calibration_intercept,0.0023051016503257,,,,1166,1049,1050,,,,
model_metric,HRS,grouped_10fold,persistence,ancova_level,B1,,,,calibration_slope,0.9853811384825863,,,,1166,1049,1050,,,,
model_metric,HRS,grouped_10fold,persistence,ancova_level,B2,,,,RMSE,0.8696486799444103,,,,1166,1049,1050,,,,
model_metric,HRS,grouped_10fold,persistence,ancova_level,B2,,,,MAE,0.6876296603541305,,,,1166,1049,1050,,,,
model_metric,HRS,grouped_10fold,persistence,ancova_level,B2,,,,predictive_R2,0.2724026565602438,,,,1166,1049,1050,,,,
model_metric,HRS,grouped_10fold,persistence,ancova_level,B2,,,,mean_log_predictive_density,-1.2801829368138744,,,,1166,1049,1050,,,,
model_metric,HRS,grouped_10fold,persistence,ancova_level,B2,,,,calibration_intercept,0.0026568437654123,,,,1166,1049,1050,,,,
model_metric,HRS,grouped_10fold,persistence,ancova_level,B2,,,,calibration_slope,0.9804311383278462,,,,1166,1049,1050,,,,
model_metric,HRS,grouped_10fold,persistence,ancova_level,B3,,,,RMSE,0.8707930922133786,,,,1166,1049,1050,,,,
model_metric,HRS,grouped_10fold,persistence,ancova_level,B3,,,,MAE,0.68966177366552,,,,1166,1049,1050,,,,
model_metric,HRS,grouped_10fold,persistence,ancova_level,B3,,,,predictive_R2,0.2704864363165573,,,,1166,1049,1050,,,,
model_metric,HRS,grouped_10fold,persistence,ancova_level,B3,,,,mean_log_predictive_density,-1.2814202747594838,,,,1166,1049,1050,,,,
model_metric,HRS,grouped_10fold,persistence,ancova_level,B3,,,,calibration_intercept,0.0025992170262877,,,,1166,1049,1050,,,,
model_metric,HRS,grouped_10fold,persistence,ancova_level,B3,,,,calibration_slope,0.983015858101706,,,,1166,1049,1050,,,,
model_metric,HRS,grouped_10fold,persistence,ancova_level,B4,,,,RMSE,0.8696486799444103,,,,1166,1049,1050,,,,
model_metric,HRS,grouped_10fold,persistence,ancova_level,B4,,,,MAE,0.6876296603541305,,,,1166,1049,1050,,,,
model_metric,HRS,grouped_10fold,persistence,ancova_level,B4,,,,predictive_R2,0.2724026565602438,,,,1166,1049,1050,,,,
model_metric,HRS,grouped_10fold,persistence,ancova_level,B4,,,,mean_log_predictive_density,-1.2801829368138744,,,,1166,1049,1050,,,,
model_metric,HRS,grouped_10fold,persistence,ancova_level,B4,,,,calibration_intercept,0.0026568437654123,,,,1166,1049,1050,,,,
model_metric,HRS,grouped_10fold,persistence,ancova_level,B4,,,,calibration_slope,0.9804311383278462,,,,1166,1049,1050,,,,
comparison,HRS,grouped_10fold,persistence,ancova_level,,B0,B1,B1_minus_B0,RMSE,0.0217750940567177,0.0098588382773047,0.0332428544004177,0.00627582725335,1166,1049,1050,,500.0,500.0,
comparison,HRS,grouped_10fold,persistence,ancova_level,,B0,B1,B1_minus_B0,MAE,0.0208975776706259,0.0103473483067409,0.0314928952301031,0.005400895143863,1166,1049,1050,,500.0,500.0,
comparison,HRS,grouped_10fold,persistence,ancova_level,,B0,B1,B1_minus_B0,predictive_R2,0.0360283360895162,0.0161672099159059,0.0553349047234889,0.0103636511530608,1166,1049,1050,,500.0,500.0,
comparison,HRS,grouped_10fold,persistence,ancova_level,,B0,B1,B1_minus_B0,mean_log_predictive_density,0.0250963146458003,0.0112528473136448,0.038861587886539,0.007453467100238,1166,1049,1050,,500.0,500.0,
comparison,HRS,grouped_10fold,persistence,ancova_level,,B0,B2,B2_minus_B0,RMSE,0.0011444122689683,-0.0031510969063531,0.0053069023657747,0.0021797756698636,1166,1049,1050,,500.0,500.0,
comparison,HRS,grouped_10fold,persistence,ancova_level,,B0,B2,B2_minus_B0,MAE,0.0020321133113894,-0.0015063343470945,0.0057498024296999,0.0019017350074122,1166,1049,1050,,500.0,500.0,
comparison,HRS,grouped_10fold,persistence,ancova_level,,B0,B2,B2_minus_B0,predictive_R2,0.0019162202436865,-0.0052213094661841,0.0089019588035931,0.0036586945132613,1166,1049,1050,,500.0,500.0,
comparison,HRS,grouped_10fold,persistence,ancova_level,,B0,B2,B2_minus_B0,mean_log_predictive_density,0.0012373379456094,-0.0037738086889811,0.0061961801382408,0.0025858460259627,1166,1049,1050,,500.0,500.0,
comparison,HRS,grouped_10fold,persistence,ancova_level,,B0,B3,B3_minus_B0,RMSE,0.0,0.0,0.0,0.0,1166,1049,1050,,500.0,500.0,structural identity under mandatory ANCOVA baseline
comparison,HRS,grouped_10fold,persistence,ancova_level,,B0,B3,B3_minus_B0,MAE,0.0,0.0,0.0,0.0,1166,1049,1050,,500.0,500.0,structural identity under mandatory ANCOVA baseline
comparison,HRS,grouped_10fold,persistence,ancova_level,,B0,B3,B3_minus_B0,predictive_R2,0.0,0.0,0.0,0.0,1166,1049,1050,,500.0,500.0,structural identity under mandatory ANCOVA baseline
comparison,HRS,grouped_10fold,persistence,ancova_level,,B0,B3,B3_minus_B0,mean_log_predictive_density,0.0,0.0,0.0,0.0,1166,1049,1050,,500.0,500.0,structural identity under mandatory ANCOVA baseline
comparison,HRS,grouped_10fold,persistence,ancova_level,,B3,B4,B4_minus_B3,RMSE,0.0011444122689683,-0.0027985940141384,0.0049037016079457,0.002060282290578,1166,1049,1050,,500.0,500.0,
comparison,HRS,grouped_10fold,persistence,ancova_level,,B3,B4,B4_minus_B3,MAE,0.0020321133113894,-0.0012695205222375,0.0055665817686136,0.00180225842395,1166,1049,1050,,500.0,500.0,
comparison,HRS,grouped_10fold,persistence,ancova_level,,B3,B4,B4_minus_B3,predictive_R2,0.0019162202436865,-0.0046966769436749,0.0081954107098334,0.0034551663397788,1166,1049,1050,,500.0,500.0,
comparison,HRS,grouped_10fold,persistence,ancova_level,,B3,B4,B4_minus_B3,mean_log_predictive_density,0.0012373379456094,-0.003415006990388,0.0057410556193078,0.0024636940871702,1166,1049,1050,,500.0,500.0,
model_metric,HRS,temporal_70_30,acute,change,B0,,,,RMSE,1.0615319075431342,,,,340,826,826,2014-05-15,,,
model_metric,HRS,temporal_70_30,acute,change,B0,,,,MAE,0.7868047104136923,,,,340,826,826,2014-05-15,,,
model_metric,HRS,temporal_70_30,acute,change,B0,,,,predictive_R2,-0.0181906719471887,,,,340,826,826,2014-05-15,,,
model_metric,HRS,temporal_70_30,acute,change,B0,,,,mean_log_predictive_density,-1.4841553081558152,,,,340,826,826,2014-05-15,,,
model_metric,HRS,temporal_70_30,acute,change,B0,,,,calibration_intercept,0.1039472287376845,,,,340,826,826,2014-05-15,,,
model_metric,HRS,temporal_70_30,acute,change,B0,,,,calibration_slope,0.3459248921580091,,,,340,826,826,2014-05-15,,,
model_metric,HRS,temporal_70_30,acute,change,B1,,,,RMSE,1.0614214838776037,,,,340,826,826,2014-05-15,,,
model_metric,HRS,temporal_70_30,acute,change,B1,,,,MAE,0.7863435245461077,,,,340,826,826,2014-05-15,,,
model_metric,HRS,temporal_70_30,acute,change,B1,,,,predictive_R2,-0.0179788525988768,,,,340,826,826,2014-05-15,,,
model_metric,HRS,temporal_70_30,acute,change,B1,,,,mean_log_predictive_density,-1.484047780464617,,,,340,826,826,2014-05-15,,,
model_metric,HRS,temporal_70_30,acute,change,B1,,,,calibration_intercept,0.1023098192527424,,,,340,826,826,2014-05-15,,,
model_metric,HRS,temporal_70_30,acute,change,B1,,,,calibration_slope,0.3508180416261691,,,,340,826,826,2014-05-15,,,
model_metric,HRS,temporal_70_30,acute,change,B2,,,,RMSE,1.0566274486032958,,,,340,826,826,2014-05-15,,,
model_metric,HRS,temporal_70_30,acute,change,B2,,,,MAE,0.7871523349324715,,,,340,826,826,2014-05-15,,,
model_metric,HRS,temporal_70_30,acute,change,B2,,,,predictive_R2,-0.0088039761853666,,,,340,826,826,2014-05-15,,,
model_metric,HRS,temporal_70_30,acute,change,B2,,,,mean_log_predictive_density,-1.47899427220219,,,,340,826,826,2014-05-15,,,
model_metric,HRS,temporal_70_30,acute,change,B2,,,,calibration_intercept,0.0258400230455033,,,,340,826,826,2014-05-15,,,
model_metric,HRS,temporal_70_30,acute,change,B2,,,,calibration_slope,0.5804042871289752,,,,340,826,826,2014-05-15,,,
model_metric,HRS,temporal_70_30,acute,change,B3,,,,RMSE,0.9445419436889748,,,,340,826,826,2014-05-15,,,
model_metric,HRS,temporal_70_30,acute,change,B3,,,,MAE,0.7603121534592674,,,,340,826,826,2014-05-15,,,
model_metric,HRS,temporal_70_30,acute,change,B3,,,,predictive_R2,0.1938692183114758,,,,340,826,826,2014-05-15,,,
model_metric,HRS,temporal_70_30,acute,change,B3,,,,mean_log_predictive_density,-1.3674801059925334,,,,340,826,826,2014-05-15,,,
model_metric,HRS,temporal_70_30,acute,change,B3,,,,calibration_intercept,0.0141149942294651,,,,340,826,826,2014-05-15,,,
model_metric,HRS,temporal_70_30,acute,change,B3,,,,calibration_slope,0.9421299470341492,,,,340,826,826,2014-05-15,,,
model_metric,HRS,temporal_70_30,acute,change,B4,,,,RMSE,0.9444646741433912,,,,340,826,826,2014-05-15,,,
model_metric,HRS,temporal_70_30,acute,change,B4,,,,MAE,0.7602316795478401,,,,340,826,826,2014-05-15,,,
model_metric,HRS,temporal_70_30,acute,change,B4,,,,predictive_R2,0.1940011061789555,,,,340,826,826,2014-05-15,,,
model_metric,HRS,temporal_70_30,acute,change,B4,,,,mean_log_predictive_density,-1.367385790521614,,,,340,826,826,2014-05-15,,,
model_metric,HRS,temporal_70_30,acute,change,B4,,,,calibration_intercept,0.0141050747841417,,,,340,826,826,2014-05-15,,,
model_metric,HRS,temporal_70_30,acute,change,B4,,,,calibration_slope,0.9422672033479904,,,,340,826,826,2014-05-15,,,
comparison,HRS,temporal_70_30,acute,change,,B0,B1,B1_minus_B0,RMSE,0.0001104236655304,-0.0010855033236603,0.0015427292102822,0.0006776308190748,340,826,826,2014-05-15,500.0,500.0,
comparison,HRS,temporal_70_30,acute,change,,B0,B1,B1_minus_B0,MAE,0.0004611858675845,-0.0008603737362203,0.0017653951968737,0.0006661662007887,340,826,826,2014-05-15,500.0,500.0,
comparison,HRS,temporal_70_30,acute,change,,B0,B1,B1_minus_B0,predictive_R2,0.0002118193483118,-0.0020626482098308,0.0029402333734255,0.0013079656390389,340,826,826,2014-05-15,500.0,500.0,
comparison,HRS,temporal_70_30,acute,change,,B0,B1,B1_minus_B0,mean_log_predictive_density,0.0001075276911981,-0.0012486897594853,0.0016614036681278,0.000737963838418,340,826,826,2014-05-15,500.0,500.0,
comparison,HRS,temporal_70_30,acute,change,,B0,B2,B2_minus_B0,RMSE,0.0049044589398383,-0.0010228654546975,0.0100835303746259,0.0027375281910707,340,826,826,2014-05-15,500.0,500.0,
comparison,HRS,temporal_70_30,acute,change,,B0,B2,B2_minus_B0,MAE,-0.0003476245187792,-0.0047276409310568,0.0037816889809873,0.0022794097166314,340,826,826,2014-05-15,500.0,500.0,
comparison,HRS,temporal_70_30,acute,change,,B0,B2,B2_minus_B0,predictive_R2,0.009386695761822,-0.0020248943944429,0.018760916935637,0.0052180095328127,340,826,826,2014-05-15,500.0,500.0,
comparison,HRS,temporal_70_30,acute,change,,B0,B2,B2_minus_B0,mean_log_predictive_density,0.0051610359536251,-0.0012760678524379,0.0109820450970205,0.0030145530077163,340,826,826,2014-05-15,500.0,500.0,
comparison,HRS,temporal_70_30,acute,change,,B0,B3,B3_minus_B0,RMSE,0.1169899638541592,0.0571927495064136,0.1721312767777204,0.0286626950250924,340,826,826,2014-05-15,500.0,500.0,
comparison,HRS,temporal_70_30,acute,change,,B0,B3,B3_minus_B0,MAE,0.0264925569544248,-0.0162643445557811,0.0735204810112279,0.0235806931031891,340,826,826,2014-05-15,500.0,500.0,
comparison,HRS,temporal_70_30,acute,change,,B0,B3,B3_minus_B0,predictive_R2,0.2120598902586645,0.1141885533468671,0.2965103363359887,0.0459724273834497,340,826,826,2014-05-15,500.0,500.0,
comparison,HRS,temporal_70_30,acute,change,,B0,B3,B3_minus_B0,mean_log_predictive_density,0.1166752021632817,0.0571278388912628,0.1797911668652546,0.0308790300421693,340,826,826,2014-05-15,500.0,500.0,
comparison,HRS,temporal_70_30,acute,change,,B3,B4,B4_minus_B3,RMSE,7.72695455838468e-05,-0.0001355319986297,0.0002881123895075,0.0001145274422076,340,826,826,2014-05-15,500.0,500.0,
comparison,HRS,temporal_70_30,acute,change,,B3,B4,B4_minus_B3,MAE,8.047391142729232e-05,-8.6487174501218e-05,0.0002595222790181,9.342394906411856e-05,340,826,826,2014-05-15,500.0,500.0,
comparison,HRS,temporal_70_30,acute,change,,B3,B4,B4_minus_B3,predictive_R2,0.0001318878674796,-0.0002337781754199,0.0004839737025806,0.0001974132307417,340,826,826,2014-05-15,500.0,500.0,
comparison,HRS,temporal_70_30,acute,change,,B3,B4,B4_minus_B3,mean_log_predictive_density,9.431547091942603e-05,-0.0001628500207597,0.0003555673752737,0.0001404433631085,340,826,826,2014-05-15,500.0,500.0,
model_metric,HRS,temporal_70_30,acute,ancova_level,B0,,,,RMSE,0.9445419436889748,,,,340,826,826,2014-05-15,,,
model_metric,HRS,temporal_70_30,acute,ancova_level,B0,,,,MAE,0.7603121534592672,,,,340,826,826,2014-05-15,,,
model_metric,HRS,temporal_70_30,acute,ancova_level,B0,,,,predictive_R2,0.2272629511935341,,,,340,826,826,2014-05-15,,,
model_metric,HRS,temporal_70_30,acute,ancova_level,B0,,,,mean_log_predictive_density,-1.3674801059925334,,,,340,826,826,2014-05-15,,,
model_metric,HRS,temporal_70_30,acute,ancova_level,B0,,,,calibration_intercept,0.0129339490094743,,,,340,826,826,2014-05-15,,,
model_metric,HRS,temporal_70_30,acute,ancova_level,B0,,,,calibration_slope,0.9224086551767416,,,,340,826,826,2014-05-15,,,
model_metric,HRS,temporal_70_30,acute,ancova_level,B1,,,,RMSE,0.9225145789055998,,,,340,826,826,2014-05-15,,,
model_metric,HRS,temporal_70_30,acute,ancova_level,B1,,,,MAE,0.7306473822767601,,,,340,826,826,2014-05-15,,,
model_metric,HRS,temporal_70_30,acute,ancova_level,B1,,,,predictive_R2,0.2628842088282944,,,,340,826,826,2014-05-15,,,
model_metric,HRS,temporal_70_30,acute,ancova_level,B1,,,,mean_log_predictive_density,-1.345270005292798,,,,340,826,826,2014-05-15,,,
model_metric,HRS,temporal_70_30,acute,ancova_level,B1,,,,calibration_intercept,0.0332177724772125,,,,340,826,826,2014-05-15,,,
model_metric,HRS,temporal_70_30,acute,ancova_level,B1,,,,calibration_slope,0.9576717087546966,,,,340,826,826,2014-05-15,,,
model_metric,HRS,temporal_70_30,acute,ancova_level,B2,,,,RMSE,0.9444646741433912,,,,340,826,826,2014-05-15,,,
model_metric,HRS,temporal_70_30,acute,ancova_level,B2,,,,MAE,0.7602316795478403,,,,340,826,826,2014-05-15,,,
model_metric,HRS,temporal_70_30,acute,ancova_level,B2,,,,predictive_R2,0.2273893756445096,,,,340,826,826,2014-05-15,,,
model_metric,HRS,temporal_70_30,acute,ancova_level,B2,,,,mean_log_predictive_density,-1.3673857905216142,,,,340,826,826,2014-05-15,,,
model_metric,HRS,temporal_70_30,acute,ancova_level,B2,,,,calibration_intercept,0.0128820235204922,,,,340,826,826,2014-05-15,,,
model_metric,HRS,temporal_70_30,acute,ancova_level,B2,,,,calibration_slope,0.9228919843852788,,,,340,826,826,2014-05-15,,,
model_metric,HRS,temporal_70_30,acute,ancova_level,B3,,,,RMSE,0.9445419436889748,,,,340,826,826,2014-05-15,,,
model_metric,HRS,temporal_70_30,acute,ancova_level,B3,,,,MAE,0.7603121534592672,,,,340,826,826,2014-05-15,,,
model_metric,HRS,temporal_70_30,acute,ancova_level,B3,,,,predictive_R2,0.2272629511935341,,,,340,826,826,2014-05-15,,,
model_metric,HRS,temporal_70_30,acute,ancova_level,B3,,,,mean_log_predictive_density,-1.3674801059925334,,,,340,826,826,2014-05-15,,,
model_metric,HRS,temporal_70_30,acute,ancova_level,B3,,,,calibration_intercept,0.0129339490094743,,,,340,826,826,2014-05-15,,,
model_metric,HRS,temporal_70_30,acute,ancova_level,B3,,,,calibration_slope,0.9224086551767416,,,,340,826,826,2014-05-15,,,
model_metric,HRS,temporal_70_30,acute,ancova_level,B4,,,,RMSE,0.9444646741433912,,,,340,826,826,2014-05-15,,,
model_metric,HRS,temporal_70_30,acute,ancova_level,B4,,,,MAE,0.7602316795478403,,,,340,826,826,2014-05-15,,,
model_metric,HRS,temporal_70_30,acute,ancova_level,B4,,,,predictive_R2,0.2273893756445096,,,,340,826,826,2014-05-15,,,
model_metric,HRS,temporal_70_30,acute,ancova_level,B4,,,,mean_log_predictive_density,-1.3673857905216142,,,,340,826,826,2014-05-15,,,
model_metric,HRS,temporal_70_30,acute,ancova_level,B4,,,,calibration_intercept,0.0128820235204922,,,,340,826,826,2014-05-15,,,
model_metric,HRS,temporal_70_30,acute,ancova_level,B4,,,,calibration_slope,0.9228919843852788,,,,340,826,826,2014-05-15,,,
comparison,HRS,temporal_70_30,acute,ancova_level,,B0,B1,B1_minus_B0,RMSE,0.022027364783375,-0.0019271162579359,0.0490918807224587,0.0131161025677355,340,826,826,2014-05-15,500.0,500.0,
comparison,HRS,temporal_70_30,acute,ancova_level,,B0,B1,B1_minus_B0,MAE,0.0296647711825071,0.007898987370915,0.0519239065928693,0.0110543896014411,340,826,826,2014-05-15,500.0,500.0,
comparison,HRS,temporal_70_30,acute,ancova_level,,B0,B1,B1_minus_B0,predictive_R2,0.0356212576347603,-0.0030727342759305,0.0788273669187279,0.0212750741060112,340,826,826,2014-05-15,500.0,500.0,
comparison,HRS,temporal_70_30,acute,ancova_level,,B0,B1,B1_minus_B0,mean_log_predictive_density,0.0222101006997355,-0.0086334106171261,0.0560181747124984,0.0165515313992297,340,826,826,2014-05-15,500.0,500.0,
comparison,HRS,temporal_70_30,acute,ancova_level,,B0,B2,B2_minus_B0,RMSE,7.726954558373578e-05,-0.0001227250054654,0.0003030019787628,0.0001085366214132,340,826,826,2014-05-15,500.0,500.0,
comparison,HRS,temporal_70_30,acute,ancova_level,,B0,B2,B2_minus_B0,MAE,8.047391142684823e-05,-8.654401310262682e-05,0.0002663223158063,9.17846802852097e-05,340,826,826,2014-05-15,500.0,500.0,
comparison,HRS,temporal_70_30,acute,ancova_level,,B0,B2,B2_minus_B0,predictive_R2,0.0001264244509755,-0.0001976590434341,0.0005263244013445,0.0001798184087961,340,826,826,2014-05-15,500.0,500.0,
comparison,HRS,temporal_70_30,acute,ancova_level,,B0,B2,B2_minus_B0,mean_log_predictive_density,9.4315470919204e-05,-0.0001510433023093,0.0003807383131525,0.0001335334277786,340,826,826,2014-05-15,500.0,500.0,
comparison,HRS,temporal_70_30,acute,ancova_level,,B0,B3,B3_minus_B0,RMSE,0.0,0.0,0.0,0.0,340,826,826,2014-05-15,500.0,500.0,structural identity under mandatory ANCOVA baseline
comparison,HRS,temporal_70_30,acute,ancova_level,,B0,B3,B3_minus_B0,MAE,0.0,0.0,0.0,0.0,340,826,826,2014-05-15,500.0,500.0,structural identity under mandatory ANCOVA baseline
comparison,HRS,temporal_70_30,acute,ancova_level,,B0,B3,B3_minus_B0,predictive_R2,0.0,0.0,0.0,0.0,340,826,826,2014-05-15,500.0,500.0,structural identity under mandatory ANCOVA baseline
comparison,HRS,temporal_70_30,acute,ancova_level,,B0,B3,B3_minus_B0,mean_log_predictive_density,0.0,0.0,0.0,0.0,340,826,826,2014-05-15,500.0,500.0,structural identity under mandatory ANCOVA baseline
comparison,HRS,temporal_70_30,acute,ancova_level,,B3,B4,B4_minus_B3,RMSE,7.726954558373578e-05,-0.0001538229970915,0.0003056961853221,0.0001145165760311,340,826,826,2014-05-15,500.0,500.0,
comparison,HRS,temporal_70_30,acute,ancova_level,,B3,B4,B4_minus_B3,MAE,8.047391142684823e-05,-0.0001047032197293,0.0002585659811298,9.671012965706132e-05,340,826,826,2014-05-15,500.0,500.0,
comparison,HRS,temporal_70_30,acute,ancova_level,,B3,B4,B4_minus_B3,predictive_R2,0.0001264244509755,-0.0002605346237744,0.0005109796357026,0.0001885622650987,340,826,826,2014-05-15,500.0,500.0,
comparison,HRS,temporal_70_30,acute,ancova_level,,B3,B4,B4_minus_B3,mean_log_predictive_density,9.4315470919204e-05,-0.0001914560817413,0.0003712896078901,0.0001406226531885,340,826,826,2014-05-15,500.0,500.0,
model_metric,HRS,temporal_70_30,persistence,change,B0,,,,RMSE,1.0315776169415525,,,,340,826,826,2014-05-15,,,
model_metric,HRS,temporal_70_30,persistence,change,B0,,,,MAE,0.7508803375349711,,,,340,826,826,2014-05-15,,,
model_metric,HRS,temporal_70_30,persistence,change,B0,,,,predictive_R2,0.0084632309422211,,,,340,826,826,2014-05-15,,,
model_metric,HRS,temporal_70_30,persistence,change,B0,,,,mean_log_predictive_density,-1.456460528718875,,,,340,826,826,2014-05-15,,,
model_metric,HRS,temporal_70_30,persistence,change,B0,,,,calibration_intercept,-0.1819069188601536,,,,340,826,826,2014-05-15,,,
model_metric,HRS,temporal_70_30,persistence,change,B0,,,,calibration_slope,1.4159527358416677,,,,340,826,826,2014-05-15,,,
model_metric,HRS,temporal_70_30,persistence,change,B1,,,,RMSE,1.0314730454504175,,,,340,826,826,2014-05-15,,,
model_metric,HRS,temporal_70_30,persistence,change,B1,,,,MAE,0.7514303899025865,,,,340,826,826,2014-05-15,,,
model_metric,HRS,temporal_70_30,persistence,change,B1,,,,predictive_R2,0.0086642458176504,,,,340,826,826,2014-05-15,,,
model_metric,HRS,temporal_70_30,persistence,change,B1,,,,mean_log_predictive_density,-1.4563542345392086,,,,340,826,826,2014-05-15,,,
model_metric,HRS,temporal_70_30,persistence,change,B1,,,,calibration_intercept,-0.1849799191556561,,,,340,826,826,2014-05-15,,,
model_metric,HRS,temporal_70_30,persistence,change,B1,,,,calibration_slope,1.430983633150045,,,,340,826,826,2014-05-15,,,
model_metric,HRS,temporal_70_30,persistence,change,B2,,,,RMSE,0.9999402717769492,,,,340,826,826,2014-05-15,,,
model_metric,HRS,temporal_70_30,persistence,change,B2,,,,MAE,0.7263196092798789,,,,340,826,826,2014-05-15,,,
model_metric,HRS,temporal_70_30,persistence,change,B2,,,,predictive_R2,0.0683492834492061,,,,340,826,826,2014-05-15,,,
model_metric,HRS,temporal_70_30,persistence,change,B2,,,,mean_log_predictive_density,-1.422930785147256,,,,340,826,826,2014-05-15,,,
model_metric,HRS,temporal_70_30,persistence,change,B2,,,,calibration_intercept,-0.1291087571458641,,,,340,826,826,2014-05-15,,,
model_metric,HRS,temporal_70_30,persistence,change,B2,,,,calibration_slope,1.405752762042543,,,,340,826,826,2014-05-15,,,
model_metric,HRS,temporal_70_30,persistence,change,B3,,,,RMSE,0.890141128469521,,,,340,826,826,2014-05-15,,,
model_metric,HRS,temporal_70_30,persistence,change,B3,,,,MAE,0.687021047467634,,,,340,826,826,2014-05-15,,,
model_metric,HRS,temporal_70_30,persistence,change,B3,,,,predictive_R2,0.2617172201181288,,,,340,826,826,2014-05-15,,,
model_metric,HRS,temporal_70_30,persistence,change,B3,,,,mean_log_predictive_density,-1.306390644187705,,,,340,826,826,2014-05-15,,,
model_metric,HRS,temporal_70_30,persistence,change,B3,,,,calibration_intercept,0.0124987063243612,,,,340,826,826,2014-05-15,,,
model_metric,HRS,temporal_70_30,persistence,change,B3,,,,calibration_slope,1.1066148884523523,,,,340,826,826,2014-05-15,,,
model_metric,HRS,temporal_70_30,persistence,change,B4,,,,RMSE,0.8859765265877755,,,,340,826,826,2014-05-15,,,
model_metric,HRS,temporal_70_30,persistence,change,B4,,,,MAE,0.6808029073057948,,,,340,826,826,2014-05-15,,,
model_metric,HRS,temporal_70_30,persistence,change,B4,,,,predictive_R2,0.2686092987782573,,,,340,826,826,2014-05-15,,,
model_metric,HRS,temporal_70_30,persistence,change,B4,,,,mean_log_predictive_density,-1.3013080179805865,,,,340,826,826,2014-05-15,,,
model_metric,HRS,temporal_70_30,persistence,change,B4,,,,calibration_intercept,0.0201943476189424,,,,340,826,826,2014-05-15,,,
model_metric,HRS,temporal_70_30,persistence,change,B4,,,,calibration_slope,1.1098149303037723,,,,340,826,826,2014-05-15,,,
comparison,HRS,temporal_70_30,persistence,change,,B0,B1,B1_minus_B0,RMSE,0.0001045714911347,-0.0009388415340409,0.0013431318705142,0.0005915853692516,340,826,826,2014-05-15,500.0,500.0,
comparison,HRS,temporal_70_30,persistence,change,,B0,B1,B1_minus_B0,MAE,-0.0005500523676154,-0.0016310617865322,0.0006199550996836,0.0005779514658172,340,826,826,2014-05-15,500.0,500.0,
comparison,HRS,temporal_70_30,persistence,change,,B0,B1,B1_minus_B0,predictive_R2,0.0002010148754293,-0.0018063331868786,0.0026867985540969,0.0011450249432535,340,826,826,2014-05-15,500.0,500.0,
comparison,HRS,temporal_70_30,persistence,change,,B0,B1,B1_minus_B0,mean_log_predictive_density,0.0001062941796663,-0.0010498668618796,0.0014768027080757,0.0006706252711071,340,826,826,2014-05-15,500.0,500.0,
comparison,HRS,temporal_70_30,persistence,change,,B0,B2,B2_minus_B0,RMSE,0.0316373451646032,0.0110399145951076,0.0534474957272799,0.011060242309496,340,826,826,2014-05-15,500.0,500.0,
comparison,HRS,temporal_70_30,persistence,change,,B0,B2,B2_minus_B0,MAE,0.0245607282550921,0.0084634282864035,0.043163493575287,0.0088500708634089,340,826,826,2014-05-15,500.0,500.0,
comparison,HRS,temporal_70_30,persistence,change,,B0,B2,B2_minus_B0,predictive_R2,0.0598860525069849,0.0212981072092111,0.0996085661552179,0.0202966789677436,340,826,826,2014-05-15,500.0,500.0,
comparison,HRS,temporal_70_30,persistence,change,,B0,B2,B2_minus_B0,mean_log_predictive_density,0.033529743571619,0.0104363705390441,0.0584614095325336,0.012611549896083,340,826,826,2014-05-15,500.0,500.0,
comparison,HRS,temporal_70_30,persistence,change,,B0,B3,B3_minus_B0,RMSE,0.1414364884720315,0.0812568008380946,0.202986968155714,0.0302729884714648,340,826,826,2014-05-15,500.0,500.0,
comparison,HRS,temporal_70_30,persistence,change,,B0,B3,B3_minus_B0,MAE,0.063859290067337,0.0220088279651058,0.1125864449179816,0.023180506931739,340,826,826,2014-05-15,500.0,500.0,
comparison,HRS,temporal_70_30,persistence,change,,B0,B3,B3_minus_B0,predictive_R2,0.2532539891759077,0.1596177054200509,0.3451865520408769,0.0453973388038256,340,826,826,2014-05-15,500.0,500.0,
comparison,HRS,temporal_70_30,persistence,change,,B0,B3,B3_minus_B0,mean_log_predictive_density,0.1500698845311701,0.0828128361029826,0.2222210313343082,0.0342115244247589,340,826,826,2014-05-15,500.0,500.0,
comparison,HRS,temporal_70_30,persistence,change,,B3,B4,B4_minus_B3,RMSE,0.0041646018817455,-0.001343885477527,0.0093888099906166,0.002816904282885,340,826,826,2014-05-15,500.0,500.0,
comparison,HRS,temporal_70_30,persistence,change,,B3,B4,B4_minus_B3,MAE,0.0062181401618391,0.0008080952307195,0.0109435369685113,0.0027025732249539,340,826,826,2014-05-15,500.0,500.0,
comparison,HRS,temporal_70_30,persistence,change,,B3,B4,B4_minus_B3,predictive_R2,0.0068920786601285,-0.0021237953432829,0.0156689004732322,0.0046011033007798,340,826,826,2014-05-15,500.0,500.0,
comparison,HRS,temporal_70_30,persistence,change,,B3,B4,B4_minus_B3,mean_log_predictive_density,0.0050826262071184,-0.002015680066738,0.0116589260582839,0.0035939686481131,340,826,826,2014-05-15,500.0,500.0,
model_metric,HRS,temporal_70_30,persistence,ancova_level,B0,,,,RMSE,0.890141128469521,,,,340,826,826,2014-05-15,,,
model_metric,HRS,temporal_70_30,persistence,ancova_level,B0,,,,MAE,0.6870210474676341,,,,340,826,826,2014-05-15,,,
model_metric,HRS,temporal_70_30,persistence,ancova_level,B0,,,,predictive_R2,0.2219153442573616,,,,340,826,826,2014-05-15,,,
model_metric,HRS,temporal_70_30,persistence,ancova_level,B0,,,,mean_log_predictive_density,-1.3063906441877051,,,,340,826,826,2014-05-15,,,
model_metric,HRS,temporal_70_30,persistence,ancova_level,B0,,,,calibration_intercept,0.0226127118736458,,,,340,826,826,2014-05-15,,,
model_metric,HRS,temporal_70_30,persistence,ancova_level,B0,,,,calibration_slope,0.8641353921876754,,,,340,826,826,2014-05-15,,,
model_metric,HRS,temporal_70_30,persistence,ancova_level,B1,,,,RMSE,0.8700300617114973,,,,340,826,826,2014-05-15,,,
model_metric,HRS,temporal_70_30,persistence,ancova_level,B1,,,,MAE,0.6591722818205399,,,,340,826,826,2014-05-15,,,
model_metric,HRS,temporal_70_30,persistence,ancova_level,B1,,,,predictive_R2,0.2566768940980471,,,,340,826,826,2014-05-15,,,
model_metric,HRS,temporal_70_30,persistence,ancova_level,B1,,,,mean_log_predictive_density,-1.2841725446680254,,,,340,826,826,2014-05-15,,,
model_metric,HRS,temporal_70_30,persistence,ancova_level,B1,,,,calibration_intercept,0.0435103085798808,,,,340,826,826,2014-05-15,,,
model_metric,HRS,temporal_70_30,persistence,ancova_level,B1,,,,calibration_slope,0.8970148030452223,,,,340,826,826,2014-05-15,,,
model_metric,HRS,temporal_70_30,persistence,ancova_level,B2,,,,RMSE,0.8859765265877756,,,,340,826,826,2014-05-15,,,
model_metric,HRS,temporal_70_30,persistence,ancova_level,B2,,,,MAE,0.6808029073057951,,,,340,826,826,2014-05-15,,,
model_metric,HRS,temporal_70_30,persistence,ancova_level,B2,,,,predictive_R2,0.229178984691282,,,,340,826,826,2014-05-15,,,
model_metric,HRS,temporal_70_30,persistence,ancova_level,B2,,,,mean_log_predictive_density,-1.3013080179805867,,,,340,826,826,2014-05-15,,,
model_metric,HRS,temporal_70_30,persistence,ancova_level,B2,,,,calibration_intercept,0.028773409135884,,,,340,826,826,2014-05-15,,,
model_metric,HRS,temporal_70_30,persistence,ancova_level,B2,,,,calibration_slope,0.8744074809266851,,,,340,826,826,2014-05-15,,,
model_metric,HRS,temporal_70_30,persistence,ancova_level,B3,,,,RMSE,0.890141128469521,,,,340,826,826,2014-05-15,,,
model_metric,HRS,temporal_70_30,persistence,ancova_level,B3,,,,MAE,0.6870210474676341,,,,340,826,826,2014-05-15,,,
model_metric,HRS,temporal_70_30,persistence,ancova_level,B3,,,,predictive_R2,0.2219153442573616,,,,340,826,826,2014-05-15,,,
model_metric,HRS,temporal_70_30,persistence,ancova_level,B3,,,,mean_log_predictive_density,-1.3063906441877051,,,,340,826,826,2014-05-15,,,
model_metric,HRS,temporal_70_30,persistence,ancova_level,B3,,,,calibration_intercept,0.0226127118736458,,,,340,826,826,2014-05-15,,,
model_metric,HRS,temporal_70_30,persistence,ancova_level,B3,,,,calibration_slope,0.8641353921876754,,,,340,826,826,2014-05-15,,,
model_metric,HRS,temporal_70_30,persistence,ancova_level,B4,,,,RMSE,0.8859765265877756,,,,340,826,826,2014-05-15,,,
model_metric,HRS,temporal_70_30,persistence,ancova_level,B4,,,,MAE,0.6808029073057951,,,,340,826,826,2014-05-15,,,
model_metric,HRS,temporal_70_30,persistence,ancova_level,B4,,,,predictive_R2,0.229178984691282,,,,340,826,826,2014-05-15,,,
model_metric,HRS,temporal_70_30,persistence,ancova_level,B4,,,,mean_log_predictive_density,-1.3013080179805867,,,,340,826,826,2014-05-15,,,
model_metric,HRS,temporal_70_30,persistence,ancova_level,B4,,,,calibration_intercept,0.028773409135884,,,,340,826,826,2014-05-15,,,
model_metric,HRS,temporal_70_30,persistence,ancova_level,B4,,,,calibration_slope,0.8744074809266851,,,,340,826,826,2014-05-15,,,
comparison,HRS,temporal_70_30,persistence,ancova_level,,B0,B1,B1_minus_B0,RMSE,0.0201110667580236,-0.0026528507106611,0.0430302796916287,0.0114038462731506,340,826,826,2014-05-15,500.0,500.0,
comparison,HRS,temporal_70_30,persistence,ancova_level,,B0,B1,B1_minus_B0,MAE,0.0278487656470942,0.0063781180434527,0.0477806791524117,0.0104916660306258,340,826,826,2014-05-15,500.0,500.0,
comparison,HRS,temporal_70_30,persistence,ancova_level,,B0,B1,B1_minus_B0,predictive_R2,0.0347615498406855,-0.004727371748664,0.0752532198800543,0.0198872968485001,340,826,826,2014-05-15,500.0,500.0,
comparison,HRS,temporal_70_30,persistence,ancova_level,,B0,B1,B1_minus_B0,mean_log_predictive_density,0.0222180995196796,-0.0067371547441636,0.0518141990405038,0.0149371723258343,340,826,826,2014-05-15,500.0,500.0,
comparison,HRS,temporal_70_30,persistence,ancova_level,,B0,B2,B2_minus_B0,RMSE,0.0041646018817453,-0.0012362141224979,0.0096952095700725,0.0027195583240243,340,826,826,2014-05-15,500.0,500.0,
comparison,HRS,temporal_70_30,persistence,ancova_level,,B0,B2,B2_minus_B0,MAE,0.006218140161839,0.0016291025544204,0.0110582527281323,0.0024965082014618,340,826,826,2014-05-15,500.0,500.0,
comparison,HRS,temporal_70_30,persistence,ancova_level,,B0,B2,B2_minus_B0,predictive_R2,0.0072636404339204,-0.0021225709439911,0.0173465069606769,0.0048744279706305,340,826,826,2014-05-15,500.0,500.0,
comparison,HRS,temporal_70_30,persistence,ancova_level,,B0,B2,B2_minus_B0,mean_log_predictive_density,0.0050826262071184,-0.0017568847469024,0.0121873164855778,0.0034375924566168,340,826,826,2014-05-15,500.0,500.0,
comparison,HRS,temporal_70_30,persistence,ancova_level,,B0,B3,B3_minus_B0,RMSE,0.0,0.0,0.0,0.0,340,826,826,2014-05-15,500.0,500.0,structural identity under mandatory ANCOVA baseline
comparison,HRS,temporal_70_30,persistence,ancova_level,,B0,B3,B3_minus_B0,MAE,0.0,0.0,0.0,0.0,340,826,826,2014-05-15,500.0,500.0,structural identity under mandatory ANCOVA baseline
comparison,HRS,temporal_70_30,persistence,ancova_level,,B0,B3,B3_minus_B0,predictive_R2,0.0,0.0,0.0,0.0,340,826,826,2014-05-15,500.0,500.0,structural identity under mandatory ANCOVA baseline
comparison,HRS,temporal_70_30,persistence,ancova_level,,B0,B3,B3_minus_B0,mean_log_predictive_density,0.0,0.0,0.0,0.0,340,826,826,2014-05-15,500.0,500.0,structural identity under mandatory ANCOVA baseline
comparison,HRS,temporal_70_30,persistence,ancova_level,,B3,B4,B4_minus_B3,RMSE,0.0041646018817453,-0.0009138539269898,0.0092367171648055,0.0027194395888778,340,826,826,2014-05-15,500.0,500.0,
comparison,HRS,temporal_70_30,persistence,ancova_level,,B3,B4,B4_minus_B3,MAE,0.006218140161839,0.001019147740738,0.0113596924108074,0.0026061210199721,340,826,826,2014-05-15,500.0,500.0,
comparison,HRS,temporal_70_30,persistence,ancova_level,,B3,B4,B4_minus_B3,predictive_R2,0.0072636404339204,-0.0016267081470674,0.0170606542374799,0.0048272264431109,340,826,826,2014-05-15,500.0,500.0,
comparison,HRS,temporal_70_30,persistence,ancova_level,,B3,B4,B4_minus_B3,mean_log_predictive_density,0.0050826262071184,-0.0014227026502238,0.0116859034667856,0.0034651798111071,340,826,826,2014-05-15,500.0,500.0,
model_metric,UKHLS,grouped_10fold,acute,change,B0,,,,RMSE,1.0818094516436347,,,,1956,1760,1761,,,,
model_metric,UKHLS,grouped_10fold,acute,change,B0,,,,MAE,0.7529144504848884,,,,1956,1760,1761,,,,
model_metric,UKHLS,grouped_10fold,acute,change,B0,,,,predictive_R2,0.0029656806821983,,,,1956,1760,1761,,,,
model_metric,UKHLS,grouped_10fold,acute,change,B0,,,,mean_log_predictive_density,-1.4983828782365556,,,,1956,1760,1761,,,,
model_metric,UKHLS,grouped_10fold,acute,change,B0,,,,calibration_intercept,0.058056271639706,,,,1956,1760,1761,,,,
model_metric,UKHLS,grouped_10fold,acute,change,B0,,,,calibration_slope,0.5928352090302799,,,,1956,1760,1761,,,,
model_metric,UKHLS,grouped_10fold,acute,change,B1,,,,RMSE,1.0824682334053417,,,,1956,1760,1761,,,,
model_metric,UKHLS,grouped_10fold,acute,change,B1,,,,MAE,0.7535505636366969,,,,1956,1760,1761,,,,
model_metric,UKHLS,grouped_10fold,acute,change,B1,,,,predictive_R2,0.0017509972343955,,,,1956,1760,1761,,,,
model_metric,UKHLS,grouped_10fold,acute,change,B1,,,,mean_log_predictive_density,-1.498979427992812,,,,1956,1760,1761,,,,
model_metric,UKHLS,grouped_10fold,acute,change,B1,,,,calibration_intercept,0.0638592095815716,,,,1956,1760,1761,,,,
model_metric,UKHLS,grouped_10fold,acute,change,B1,,,,calibration_slope,0.5541385156840756,,,,1956,1760,1761,,,,
model_metric,UKHLS,grouped_10fold,acute,change,B2,,,,RMSE,1.0825393890322492,,,,1956,1760,1761,,,,
model_metric,UKHLS,grouped_10fold,acute,change,B2,,,,MAE,0.7534782525590419,,,,1956,1760,1761,,,,
model_metric,UKHLS,grouped_10fold,acute,change,B2,,,,predictive_R2,0.0016197539036293,,,,1956,1760,1761,,,,
model_metric,UKHLS,grouped_10fold,acute,change,B2,,,,mean_log_predictive_density,-1.499069402618299,,,,1956,1760,1761,,,,
model_metric,UKHLS,grouped_10fold,acute,change,B2,,,,calibration_intercept,0.0642582547321272,,,,1956,1760,1761,,,,
model_metric,UKHLS,grouped_10fold,acute,change,B2,,,,calibration_slope,0.5502626533301772,,,,1956,1760,1761,,,,
model_metric,UKHLS,grouped_10fold,acute,change,B3,,,,RMSE,0.9419562369534114,,,,1956,1760,1761,,,,
model_metric,UKHLS,grouped_10fold,acute,change,B3,,,,MAE,0.7041100454193406,,,,1956,1760,1761,,,,
model_metric,UKHLS,grouped_10fold,acute,change,B3,,,,predictive_R2,0.2440901288195713,,,,1956,1760,1761,,,,
model_metric,UKHLS,grouped_10fold,acute,change,B3,,,,mean_log_predictive_density,-1.3594476515444789,,,,1956,1760,1761,,,,
model_metric,UKHLS,grouped_10fold,acute,change,B3,,,,calibration_intercept,0.0026088646204394,,,,1956,1760,1761,,,,
model_metric,UKHLS,grouped_10fold,acute,change,B3,,,,calibration_slope,0.9782595213922816,,,,1956,1760,1761,,,,
model_metric,UKHLS,grouped_10fold,acute,change,B4,,,,RMSE,0.9418990334977738,,,,1956,1760,1761,,,,
model_metric,UKHLS,grouped_10fold,acute,change,B4,,,,MAE,0.7035629073874907,,,,1956,1760,1761,,,,
model_metric,UKHLS,grouped_10fold,acute,change,B4,,,,predictive_R2,0.2441819363624671,,,,1956,1760,1761,,,,
model_metric,UKHLS,grouped_10fold,acute,change,B4,,,,mean_log_predictive_density,-1.35938082119185,,,,1956,1760,1761,,,,
model_metric,UKHLS,grouped_10fold,acute,change,B4,,,,calibration_intercept,0.0030151813306534,,,,1956,1760,1761,,,,
model_metric,UKHLS,grouped_10fold,acute,change,B4,,,,calibration_slope,0.9765275320516552,,,,1956,1760,1761,,,,
comparison,UKHLS,grouped_10fold,acute,change,,B0,B1,B1_minus_B0,RMSE,-0.0006587817617067,-0.0016339670858905,0.0001930229561959,0.000463867084517,1956,1760,1761,,500.0,500.0,
comparison,UKHLS,grouped_10fold,acute,change,,B0,B1,B1_minus_B0,MAE,-0.0006361131518085,-0.0013165350072809,6.30214889259789e-05,0.0003601361482439,1956,1760,1761,,500.0,500.0,
comparison,UKHLS,grouped_10fold,acute,change,,B0,B1,B1_minus_B0,predictive_R2,-0.0012146834478028,-0.0029726631284223,0.0003473077891663,0.0008527481963881,1956,1760,1761,,500.0,500.0,
comparison,UKHLS,grouped_10fold,acute,change,,B0,B1,B1_minus_B0,mean_log_predictive_density,-0.0005965497562563,-0.0014925253917117,0.0001907323446785,0.0004323255255697,1956,1760,1761,,500.0,500.0,
comparison,UKHLS,grouped_10fold,acute,change,,B0,B2,B2_minus_B0,RMSE,-0.0007299373886144,-0.0012411876266108,-0.0002459940794171,0.0002602673637901,1956,1760,1761,,500.0,500.0,
comparison,UKHLS,grouped_10fold,acute,change,,B0,B2,B2_minus_B0,MAE,-0.0005638020741535,-0.0010105443877382,-0.0001490811933108,0.0002240161535578,1956,1760,1761,,500.0,500.0,
comparison,UKHLS,grouped_10fold,acute,change,,B0,B2,B2_minus_B0,predictive_R2,-0.001345926778569,-0.0022687074746132,-0.0004525169621687,0.0004790728740231,1956,1760,1761,,500.0,500.0,
comparison,UKHLS,grouped_10fold,acute,change,,B0,B2,B2_minus_B0,mean_log_predictive_density,-0.0006865243817431,-0.0011820968436451,-0.0002299318923735,0.0002480302376075,1956,1760,1761,,500.0,500.0,
comparison,UKHLS,grouped_10fold,acute,change,,B0,B3,B3_minus_B0,RMSE,0.1398532146902233,0.109758544570937,0.1667393086744246,0.0147811218762775,1956,1760,1761,,500.0,500.0,
comparison,UKHLS,grouped_10fold,acute,change,,B0,B3,B3_minus_B0,MAE,0.0488044050655477,0.0284478829976407,0.0671336598942464,0.0104481607275816,1956,1760,1761,,500.0,500.0,
comparison,UKHLS,grouped_10fold,acute,change,,B0,B3,B3_minus_B0,predictive_R2,0.241124448137373,0.1989283586907187,0.2794371724307326,0.0209074774573051,1956,1760,1761,,500.0,500.0,
comparison,UKHLS,grouped_10fold,acute,change,,B0,B3,B3_minus_B0,mean_log_predictive_density,0.1389352266920769,0.1113303939648209,0.1648793866015183,0.0139375669993719,1956,1760,1761,,500.0,500.0,
comparison,UKHLS,grouped_10fold,acute,change,,B3,B4,B4_minus_B3,RMSE,5.7203455637533374e-05,-0.0017217976190433,0.0019085441904587,0.0008956479053769,1956,1760,1761,,500.0,500.0,
comparison,UKHLS,grouped_10fold,acute,change,,B3,B4,B4_minus_B3,MAE,0.0005471380318499,-0.0008576616907636,0.0020158196933453,0.0007690369347802,1956,1760,1761,,500.0,500.0,
comparison,UKHLS,grouped_10fold,acute,change,,B3,B4,B4_minus_B3,predictive_R2,9.180754289572768e-05,-0.0027723644007561,0.0029569898114888,0.0014444224050247,1956,1760,1761,,500.0,500.0,
comparison,UKHLS,grouped_10fold,acute,change,,B3,B4,B4_minus_B3,mean_log_predictive_density,6.683035262877723e-05,-0.0019164004959895,0.0020782706244389,0.0009658346658422,1956,1760,1761,,500.0,500.0,
model_metric,UKHLS,grouped_10fold,acute,ancova_level,B0,,,,RMSE,0.9419562369534112,,,,1956,1760,1761,,,,
model_metric,UKHLS,grouped_10fold,acute,ancova_level,B0,,,,MAE,0.7041100454193406,,,,1956,1760,1761,,,,
model_metric,UKHLS,grouped_10fold,acute,ancova_level,B0,,,,predictive_R2,0.2603730942364907,,,,1956,1760,1761,,,,
model_metric,UKHLS,grouped_10fold,acute,ancova_level,B0,,,,mean_log_predictive_density,-1.3594476515444789,,,,1956,1760,1761,,,,
model_metric,UKHLS,grouped_10fold,acute,ancova_level,B0,,,,calibration_intercept,0.0038094465616225,,,,1956,1760,1761,,,,
model_metric,UKHLS,grouped_10fold,acute,ancova_level,B0,,,,calibration_slope,0.9785304370246468,,,,1956,1760,1761,,,,
model_metric,UKHLS,grouped_10fold,acute,ancova_level,B1,,,,RMSE,0.9237179852385842,,,,1956,1760,1761,,,,
model_metric,UKHLS,grouped_10fold,acute,ancova_level,B1,,,,MAE,0.6888259038389712,,,,1956,1760,1761,,,,
model_metric,UKHLS,grouped_10fold,acute,ancova_level,B1,,,,predictive_R2,0.288737276375494,,,,1956,1760,1761,,,,
model_metric,UKHLS,grouped_10fold,acute,ancova_level,B1,,,,mean_log_predictive_density,-1.3399415672712554,,,,1956,1760,1761,,,,
model_metric,UKHLS,grouped_10fold,acute,ancova_level,B1,,,,calibration_intercept,0.0036350724413382,,,,1956,1760,1761,,,,
model_metric,UKHLS,grouped_10fold,acute,ancova_level,B1,,,,calibration_slope,0.9811061939389945,,,,1956,1760,1761,,,,
model_metric,UKHLS,grouped_10fold,acute,ancova_level,B2,,,,RMSE,0.9418990334977738,,,,1956,1760,1761,,,,
model_metric,UKHLS,grouped_10fold,acute,ancova_level,B2,,,,MAE,0.7035629073874907,,,,1956,1760,1761,,,,
model_metric,UKHLS,grouped_10fold,acute,ancova_level,B2,,,,predictive_R2,0.2604629241639283,,,,1956,1760,1761,,,,
model_metric,UKHLS,grouped_10fold,acute,ancova_level,B2,,,,mean_log_predictive_density,-1.35938082119185,,,,1956,1760,1761,,,,
model_metric,UKHLS,grouped_10fold,acute,ancova_level,B2,,,,calibration_intercept,0.0043385249858539,,,,1956,1760,1761,,,,
model_metric,UKHLS,grouped_10fold,acute,ancova_level,B2,,,,calibration_slope,0.9766854504497806,,,,1956,1760,1761,,,,
model_metric,UKHLS,grouped_10fold,acute,ancova_level,B3,,,,RMSE,0.9419562369534112,,,,1956,1760,1761,,,,
model_metric,UKHLS,grouped_10fold,acute,ancova_level,B3,,,,MAE,0.7041100454193406,,,,1956,1760,1761,,,,
model_metric,UKHLS,grouped_10fold,acute,ancova_level,B3,,,,predictive_R2,0.2603730942364907,,,,1956,1760,1761,,,,
model_metric,UKHLS,grouped_10fold,acute,ancova_level,B3,,,,mean_log_predictive_density,-1.3594476515444789,,,,1956,1760,1761,,,,
model_metric,UKHLS,grouped_10fold,acute,ancova_level,B3,,,,calibration_intercept,0.0038094465616225,,,,1956,1760,1761,,,,
model_metric,UKHLS,grouped_10fold,acute,ancova_level,B3,,,,calibration_slope,0.9785304370246468,,,,1956,1760,1761,,,,
model_metric,UKHLS,grouped_10fold,acute,ancova_level,B4,,,,RMSE,0.9418990334977738,,,,1956,1760,1761,,,,
model_metric,UKHLS,grouped_10fold,acute,ancova_level,B4,,,,MAE,0.7035629073874907,,,,1956,1760,1761,,,,
model_metric,UKHLS,grouped_10fold,acute,ancova_level,B4,,,,predictive_R2,0.2604629241639283,,,,1956,1760,1761,,,,
model_metric,UKHLS,grouped_10fold,acute,ancova_level,B4,,,,mean_log_predictive_density,-1.35938082119185,,,,1956,1760,1761,,,,
model_metric,UKHLS,grouped_10fold,acute,ancova_level,B4,,,,calibration_intercept,0.0043385249858539,,,,1956,1760,1761,,,,
model_metric,UKHLS,grouped_10fold,acute,ancova_level,B4,,,,calibration_slope,0.9766854504497806,,,,1956,1760,1761,,,,
comparison,UKHLS,grouped_10fold,acute,ancova_level,,B0,B1,B1_minus_B0,RMSE,0.018238251714827,0.0082258791663202,0.0282347102726025,0.004997075704588,1956,1760,1761,,500.0,500.0,
comparison,UKHLS,grouped_10fold,acute,ancova_level,,B0,B1,B1_minus_B0,MAE,0.0152841415803693,0.0075431429629213,0.0225926985251296,0.0038736947599902,1956,1760,1761,,500.0,500.0,
comparison,UKHLS,grouped_10fold,acute,ancova_level,,B0,B1,B1_minus_B0,predictive_R2,0.0283641821390033,0.0128970286092305,0.0443180662499335,0.0077529820826879,1956,1760,1761,,500.0,500.0,
comparison,UKHLS,grouped_10fold,acute,ancova_level,,B0,B1,B1_minus_B0,mean_log_predictive_density,0.0195060842732233,0.0086570527256693,0.0304109314769156,0.0054410909941624,1956,1760,1761,,500.0,500.0,
comparison,UKHLS,grouped_10fold,acute,ancova_level,,B0,B2,B2_minus_B0,RMSE,5.720345563742235e-05,-0.0016708605013745,0.0017962452514733,0.0009185838514956,1956,1760,1761,,500.0,500.0,
comparison,UKHLS,grouped_10fold,acute,ancova_level,,B0,B2,B2_minus_B0,MAE,0.0005471380318499,-0.0009043836193937,0.0022159561351273,0.0007731059501479,1956,1760,1761,,500.0,500.0,
comparison,UKHLS,grouped_10fold,acute,ancova_level,,B0,B2,B2_minus_B0,predictive_R2,8.982992743766793e-05,-0.0026437072095575,0.002794803715419,0.0014421496683224,1956,1760,1761,,500.0,500.0,
comparison,UKHLS,grouped_10fold,acute,ancova_level,,B0,B2,B2_minus_B0,mean_log_predictive_density,6.683035262877723e-05,-0.0018033543783234,0.0019608546680241,0.00098569474382,1956,1760,1761,,500.0,500.0,
comparison,UKHLS,grouped_10fold,acute,ancova_level,,B0,B3,B3_minus_B0,RMSE,0.0,0.0,0.0,0.0,1956,1760,1761,,500.0,500.0,structural identity under mandatory ANCOVA baseline
comparison,UKHLS,grouped_10fold,acute,ancova_level,,B0,B3,B3_minus_B0,MAE,0.0,0.0,0.0,0.0,1956,1760,1761,,500.0,500.0,structural identity under mandatory ANCOVA baseline
comparison,UKHLS,grouped_10fold,acute,ancova_level,,B0,B3,B3_minus_B0,predictive_R2,0.0,0.0,0.0,0.0,1956,1760,1761,,500.0,500.0,structural identity under mandatory ANCOVA baseline
comparison,UKHLS,grouped_10fold,acute,ancova_level,,B0,B3,B3_minus_B0,mean_log_predictive_density,0.0,0.0,0.0,0.0,1956,1760,1761,,500.0,500.0,structural identity under mandatory ANCOVA baseline
comparison,UKHLS,grouped_10fold,acute,ancova_level,,B3,B4,B4_minus_B3,RMSE,5.720345563742235e-05,-0.0016742335383198,0.0019195016109747,0.0009266391018239,1956,1760,1761,,500.0,500.0,
comparison,UKHLS,grouped_10fold,acute,ancova_level,,B3,B4,B4_minus_B3,MAE,0.0005471380318499,-0.0009348932911392,0.0021727156704148,0.0007900652064534,1956,1760,1761,,500.0,500.0,
comparison,UKHLS,grouped_10fold,acute,ancova_level,,B3,B4,B4_minus_B3,predictive_R2,8.982992743766793e-05,-0.0025795734563084,0.0030058767889027,0.0014519403829855,1956,1760,1761,,500.0,500.0,
comparison,UKHLS,grouped_10fold,acute,ancova_level,,B3,B4,B4_minus_B3,mean_log_predictive_density,6.683035262877723e-05,-0.0018716215047902,0.0020478660161633,0.0010051595483484,1956,1760,1761,,500.0,500.0,
model_metric,UKHLS,grouped_10fold,persistence,change,B0,,,,RMSE,1.051647034322108,,,,1956,1760,1761,,,,
model_metric,UKHLS,grouped_10fold,persistence,change,B0,,,,MAE,0.729717336321626,,,,1956,1760,1761,,,,
model_metric,UKHLS,grouped_10fold,persistence,change,B0,,,,predictive_R2,-0.0023425624407664,,,,1956,1760,1761,,,,
model_metric,UKHLS,grouped_10fold,persistence,change,B0,,,,mean_log_predictive_density,-1.4699333238033172,,,,1956,1760,1761,,,,
model_metric,UKHLS,grouped_10fold,persistence,change,B0,,,,calibration_intercept,0.0013596739444609,,,,1956,1760,1761,,,,
model_metric,UKHLS,grouped_10fold,persistence,change,B0,,,,calibration_slope,0.3824390773128257,,,,1956,1760,1761,,,,
model_metric,UKHLS,grouped_10fold,persistence,change,B1,,,,RMSE,1.0513364435707953,,,,1956,1760,1761,,,,
model_metric,UKHLS,grouped_10fold,persistence,change,B1,,,,MAE,0.7295083565388846,,,,1956,1760,1761,,,,
model_metric,UKHLS,grouped_10fold,persistence,change,B1,,,,predictive_R2,-0.001750591280478,,,,1956,1760,1761,,,,
model_metric,UKHLS,grouped_10fold,persistence,change,B1,,,,mean_log_predictive_density,-1.4696536592113891,,,,1956,1760,1761,,,,
model_metric,UKHLS,grouped_10fold,persistence,change,B1,,,,calibration_intercept,0.0014243141812768,,,,1956,1760,1761,,,,
model_metric,UKHLS,grouped_10fold,persistence,change,B1,,,,calibration_slope,0.4247602242067532,,,,1956,1760,1761,,,,
model_metric,UKHLS,grouped_10fold,persistence,change,B2,,,,RMSE,1.036717193329142,,,,1956,1760,1761,,,,
model_metric,UKHLS,grouped_10fold,persistence,change,B2,,,,MAE,0.7254766948816795,,,,1956,1760,1761,,,,
model_metric,UKHLS,grouped_10fold,persistence,change,B2,,,,predictive_R2,0.0259151887660274,,,,1956,1760,1761,,,,
model_metric,UKHLS,grouped_10fold,persistence,change,B2,,,,mean_log_predictive_density,-1.4555801404129325,,,,1956,1760,1761,,,,
model_metric,UKHLS,grouped_10fold,persistence,change,B2,,,,calibration_intercept,0.0005536315024986,,,,1956,1760,1761,,,,
model_metric,UKHLS,grouped_10fold,persistence,change,B2,,,,calibration_slope,0.8322521420475619,,,,1956,1760,1761,,,,
model_metric,UKHLS,grouped_10fold,persistence,change,B3,,,,RMSE,0.8738756671750557,,,,1956,1760,1761,,,,
model_metric,UKHLS,grouped_10fold,persistence,change,B3,,,,MAE,0.6367041966095542,,,,1956,1760,1761,,,,
model_metric,UKHLS,grouped_10fold,persistence,change,B3,,,,predictive_R2,0.3078894605761162,,,,1956,1760,1761,,,,
model_metric,UKHLS,grouped_10fold,persistence,change,B3,,,,mean_log_predictive_density,-1.2847302596935135,,,,1956,1760,1761,,,,
model_metric,UKHLS,grouped_10fold,persistence,change,B3,,,,calibration_intercept,0.0004259812490271,,,,1956,1760,1761,,,,
model_metric,UKHLS,grouped_10fold,persistence,change,B3,,,,calibration_slope,0.9864942953819508,,,,1956,1760,1761,,,,
model_metric,UKHLS,grouped_10fold,persistence,change,B4,,,,RMSE,0.8731236402859778,,,,1956,1760,1761,,,,
model_metric,UKHLS,grouped_10fold,persistence,change,B4,,,,MAE,0.6366211994979247,,,,1956,1760,1761,,,,
model_metric,UKHLS,grouped_10fold,persistence,change,B4,,,,predictive_R2,0.3090801603506428,,,,1956,1760,1761,,,,
model_metric,UKHLS,grouped_10fold,persistence,change,B4,,,,mean_log_predictive_density,-1.2838764007343388,,,,1956,1760,1761,,,,
model_metric,UKHLS,grouped_10fold,persistence,change,B4,,,,calibration_intercept,0.0003196759630312,,,,1956,1760,1761,,,,
model_metric,UKHLS,grouped_10fold,persistence,change,B4,,,,calibration_slope,0.9857547993427284,,,,1956,1760,1761,,,,
comparison,UKHLS,grouped_10fold,persistence,change,,B0,B1,B1_minus_B0,RMSE,0.0003105907513127,-0.002233413439848,0.0026658303430986,0.0012941468809887,1956,1760,1761,,500.0,500.0,
comparison,UKHLS,grouped_10fold,persistence,change,,B0,B1,B1_minus_B0,MAE,0.0002089797827414,-0.0015832432181278,0.0019745197582843,0.0009045842425914,1956,1760,1761,,500.0,500.0,
comparison,UKHLS,grouped_10fold,persistence,change,,B0,B1,B1_minus_B0,predictive_R2,0.0005919711602884,-0.0043016832706143,0.0053574847413849,0.0024698564911598,1956,1760,1761,,500.0,500.0,
comparison,UKHLS,grouped_10fold,persistence,change,,B0,B1,B1_minus_B0,mean_log_predictive_density,0.000279664591928,-0.0022770269462852,0.0025630519037537,0.0012598531347351,1956,1760,1761,,500.0,500.0,
comparison,UKHLS,grouped_10fold,persistence,change,,B0,B2,B2_minus_B0,RMSE,0.0149298409929659,0.0038783064078717,0.0259940973130578,0.0058013318961342,1956,1760,1761,,500.0,500.0,
comparison,UKHLS,grouped_10fold,persistence,change,,B0,B2,B2_minus_B0,MAE,0.0042406414399465,-0.0036786029576626,0.012469442640175,0.0040064262877031,1956,1760,1761,,500.0,500.0,
comparison,UKHLS,grouped_10fold,persistence,change,,B0,B2,B2_minus_B0,predictive_R2,0.0282577512067939,0.0073946437495423,0.0490465290816406,0.0108141792440933,1956,1760,1761,,500.0,500.0,
comparison,UKHLS,grouped_10fold,persistence,change,,B0,B2,B2_minus_B0,mean_log_predictive_density,0.0143531833903847,0.003596699149628,0.0250636486852191,0.0055988922853102,1956,1760,1761,,500.0,500.0,
comparison,UKHLS,grouped_10fold,persistence,change,,B0,B3,B3_minus_B0,RMSE,0.1777713671470523,0.1455211733219163,0.2095808948600396,0.0165916118308154,1956,1760,1761,,500.0,500.0,
comparison,UKHLS,grouped_10fold,persistence,change,,B0,B3,B3_minus_B0,MAE,0.0930131397120718,0.070422454495464,0.1139689761130476,0.0117992465404451,1956,1760,1761,,500.0,500.0,
comparison,UKHLS,grouped_10fold,persistence,change,,B0,B3,B3_minus_B0,predictive_R2,0.3102320230168827,0.2641574526619968,0.3543962253083517,0.0229567585613967,1956,1760,1761,,500.0,500.0,
comparison,UKHLS,grouped_10fold,persistence,change,,B0,B3,B3_minus_B0,mean_log_predictive_density,0.1852030641098037,0.1520313650947334,0.2175514754400766,0.0168311402215648,1956,1760,1761,,500.0,500.0,
comparison,UKHLS,grouped_10fold,persistence,change,,B3,B4,B4_minus_B3,RMSE,0.0007520268890779,-0.00170092590847,0.0031664600627215,0.0012723663731107,1956,1760,1761,,500.0,500.0,
comparison,UKHLS,grouped_10fold,persistence,change,,B3,B4,B4_minus_B3,MAE,8.299711162951251e-05,-0.0017616607695907,0.0019562994807162,0.0009886505559991,1956,1760,1761,,500.0,500.0,
comparison,UKHLS,grouped_10fold,persistence,change,,B3,B4,B4_minus_B3,predictive_R2,0.0011906997745265,-0.0028045788434101,0.0049266528522538,0.0020169118401192,1956,1760,1761,,500.0,500.0,
comparison,UKHLS,grouped_10fold,persistence,change,,B3,B4,B4_minus_B3,mean_log_predictive_density,0.0008538589591746,-0.0020860484412419,0.0036569880823566,0.0014697879010642,1956,1760,1761,,500.0,500.0,
model_metric,UKHLS,grouped_10fold,persistence,ancova_level,B0,,,,RMSE,0.8738756671750556,,,,1956,1760,1761,,,,
model_metric,UKHLS,grouped_10fold,persistence,ancova_level,B0,,,,MAE,0.6367041966095542,,,,1956,1760,1761,,,,
model_metric,UKHLS,grouped_10fold,persistence,ancova_level,B0,,,,predictive_R2,0.2262860973897814,,,,1956,1760,1761,,,,
model_metric,UKHLS,grouped_10fold,persistence,ancova_level,B0,,,,mean_log_predictive_density,-1.2847302596935135,,,,1956,1760,1761,,,,
model_metric,UKHLS,grouped_10fold,persistence,ancova_level,B0,,,,calibration_intercept,0.0016361456245567,,,,1956,1760,1761,,,,
model_metric,UKHLS,grouped_10fold,persistence,ancova_level,B0,,,,calibration_slope,0.9792176405486916,,,,1956,1760,1761,,,,
model_metric,UKHLS,grouped_10fold,persistence,ancova_level,B1,,,,RMSE,0.8570617107603106,,,,1956,1760,1761,,,,
model_metric,UKHLS,grouped_10fold,persistence,ancova_level,B1,,,,MAE,0.6269735278112495,,,,1956,1760,1761,,,,
model_metric,UKHLS,grouped_10fold,persistence,ancova_level,B1,,,,predictive_R2,0.2557732189871623,,,,1956,1760,1761,,,,
model_metric,UKHLS,grouped_10fold,persistence,ancova_level,B1,,,,mean_log_predictive_density,-1.2651459718632247,,,,1956,1760,1761,,,,
model_metric,UKHLS,grouped_10fold,persistence,ancova_level,B1,,,,calibration_intercept,0.0017441502903928,,,,1956,1760,1761,,,,
model_metric,UKHLS,grouped_10fold,persistence,ancova_level,B1,,,,calibration_slope,0.98021890925473,,,,1956,1760,1761,,,,
model_metric,UKHLS,grouped_10fold,persistence,ancova_level,B2,,,,RMSE,0.8731236402859778,,,,1956,1760,1761,,,,
model_metric,UKHLS,grouped_10fold,persistence,ancova_level,B2,,,,MAE,0.6366211994979247,,,,1956,1760,1761,,,,
model_metric,UKHLS,grouped_10fold,persistence,ancova_level,B2,,,,predictive_R2,0.2276171867417118,,,,1956,1760,1761,,,,
model_metric,UKHLS,grouped_10fold,persistence,ancova_level,B2,,,,mean_log_predictive_density,-1.2838764007343386,,,,1956,1760,1761,,,,
model_metric,UKHLS,grouped_10fold,persistence,ancova_level,B2,,,,calibration_intercept,0.0015719652801676,,,,1956,1760,1761,,,,
model_metric,UKHLS,grouped_10fold,persistence,ancova_level,B2,,,,calibration_slope,0.9785010912954338,,,,1956,1760,1761,,,,
model_metric,UKHLS,grouped_10fold,persistence,ancova_level,B3,,,,RMSE,0.8738756671750556,,,,1956,1760,1761,,,,
model_metric,UKHLS,grouped_10fold,persistence,ancova_level,B3,,,,MAE,0.6367041966095542,,,,1956,1760,1761,,,,
model_metric,UKHLS,grouped_10fold,persistence,ancova_level,B3,,,,predictive_R2,0.2262860973897814,,,,1956,1760,1761,,,,
model_metric,UKHLS,grouped_10fold,persistence,ancova_level,B3,,,,mean_log_predictive_density,-1.2847302596935135,,,,1956,1760,1761,,,,
model_metric,UKHLS,grouped_10fold,persistence,ancova_level,B3,,,,calibration_intercept,0.0016361456245567,,,,1956,1760,1761,,,,
model_metric,UKHLS,grouped_10fold,persistence,ancova_level,B3,,,,calibration_slope,0.9792176405486916,,,,1956,1760,1761,,,,
model_metric,UKHLS,grouped_10fold,persistence,ancova_level,B4,,,,RMSE,0.8731236402859778,,,,1956,1760,1761,,,,
model_metric,UKHLS,grouped_10fold,persistence,ancova_level,B4,,,,MAE,0.6366211994979247,,,,1956,1760,1761,,,,
model_metric,UKHLS,grouped_10fold,persistence,ancova_level,B4,,,,predictive_R2,0.2276171867417118,,,,1956,1760,1761,,,,
model_metric,UKHLS,grouped_10fold,persistence,ancova_level,B4,,,,mean_log_predictive_density,-1.2838764007343386,,,,1956,1760,1761,,,,
model_metric,UKHLS,grouped_10fold,persistence,ancova_level,B4,,,,calibration_intercept,0.0015719652801676,,,,1956,1760,1761,,,,
model_metric,UKHLS,grouped_10fold,persistence,ancova_level,B4,,,,calibration_slope,0.9785010912954338,,,,1956,1760,1761,,,,
comparison,UKHLS,grouped_10fold,persistence,ancova_level,,B0,B1,B1_minus_B0,RMSE,0.016813956414745,0.0059524585814388,0.0270332929262808,0.0052906566392032,1956,1760,1761,,500.0,500.0,
comparison,UKHLS,grouped_10fold,persistence,ancova_level,,B0,B1,B1_minus_B0,MAE,0.0097306687983047,0.0022533705103315,0.0167871000105321,0.0039122093549371,1956,1760,1761,,500.0,500.0,
comparison,UKHLS,grouped_10fold,persistence,ancova_level,,B0,B1,B1_minus_B0,predictive_R2,0.0294871215973808,0.0108111634647294,0.0468544291567623,0.0091904018136429,1956,1760,1761,,500.0,500.0,
comparison,UKHLS,grouped_10fold,persistence,ancova_level,,B0,B1,B1_minus_B0,mean_log_predictive_density,0.0195842878302887,0.0071241499346629,0.0314340632220081,0.0061029452525542,1956,1760,1761,,500.0,500.0,
comparison,UKHLS,grouped_10fold,persistence,ancova_level,,B0,B2,B2_minus_B0,RMSE,0.0007520268890778,-0.0015154125124429,0.0031687465877972,0.0011941830075392,1956,1760,1761,,500.0,500.0,
comparison,UKHLS,grouped_10fold,persistence,ancova_level,,B0,B2,B2_minus_B0,MAE,8.299711162951251e-05,-0.0017721263313809,0.0018587887167098,0.0009373591459787,1956,1760,1761,,500.0,500.0,
comparison,UKHLS,grouped_10fold,persistence,ancova_level,,B0,B2,B2_minus_B0,predictive_R2,0.0013310893519303,-0.0027187100734482,0.0055895257352796,0.0021138999939503,1956,1760,1761,,500.0,500.0,
comparison,UKHLS,grouped_10fold,persistence,ancova_level,,B0,B2,B2_minus_B0,mean_log_predictive_density,0.0008538589591748,-0.0018446109768745,0.0036405142754869,0.001386024612861,1956,1760,1761,,500.0,500.0,
comparison,UKHLS,grouped_10fold,persistence,ancova_level,,B0,B3,B3_minus_B0,RMSE,0.0,0.0,0.0,0.0,1956,1760,1761,,500.0,500.0,structural identity under mandatory ANCOVA baseline
comparison,UKHLS,grouped_10fold,persistence,ancova_level,,B0,B3,B3_minus_B0,MAE,0.0,0.0,0.0,0.0,1956,1760,1761,,500.0,500.0,structural identity under mandatory ANCOVA baseline
comparison,UKHLS,grouped_10fold,persistence,ancova_level,,B0,B3,B3_minus_B0,predictive_R2,0.0,0.0,0.0,0.0,1956,1760,1761,,500.0,500.0,structural identity under mandatory ANCOVA baseline
comparison,UKHLS,grouped_10fold,persistence,ancova_level,,B0,B3,B3_minus_B0,mean_log_predictive_density,0.0,0.0,0.0,0.0,1956,1760,1761,,500.0,500.0,structural identity under mandatory ANCOVA baseline
comparison,UKHLS,grouped_10fold,persistence,ancova_level,,B3,B4,B4_minus_B3,RMSE,0.0007520268890778,-0.0017630439167755,0.0033084754526778,0.0012548612281012,1956,1760,1761,,500.0,500.0,
comparison,UKHLS,grouped_10fold,persistence,ancova_level,,B3,B4,B4_minus_B3,MAE,8.299711162951251e-05,-0.0017195922782767,0.0020873660075449,0.0009411762731348,1956,1760,1761,,500.0,500.0,
comparison,UKHLS,grouped_10fold,persistence,ancova_level,,B3,B4,B4_minus_B3,predictive_R2,0.0013310893519303,-0.0031588090994476,0.0057341027147326,0.0022233704294976,1956,1760,1761,,500.0,500.0,
comparison,UKHLS,grouped_10fold,persistence,ancova_level,,B3,B4,B4_minus_B3,mean_log_predictive_density,0.0008538589591748,-0.0020277761810271,0.0038326317116278,0.0014530827592142,1956,1760,1761,,500.0,500.0,
model_metric,UKHLS,temporal_70_30,acute,change,B0,,,,RMSE,0.9982837662018832,,,,587,1369,1369,2020-04-28,,,
model_metric,UKHLS,temporal_70_30,acute,change,B0,,,,MAE,0.703478980154025,,,,587,1369,1369,2020-04-28,,,
model_metric,UKHLS,temporal_70_30,acute,change,B0,,,,predictive_R2,0.0099959616551744,,,,587,1369,1369,2020-04-28,,,
model_metric,UKHLS,temporal_70_30,acute,change,B0,,,,mean_log_predictive_density,-1.4248924759445654,,,,587,1369,1369,2020-04-28,,,
model_metric,UKHLS,temporal_70_30,acute,change,B0,,,,calibration_intercept,0.0198153057381589,,,,587,1369,1369,2020-04-28,,,
model_metric,UKHLS,temporal_70_30,acute,change,B0,,,,calibration_slope,0.7608096980025251,,,,587,1369,1369,2020-04-28,,,
model_metric,UKHLS,temporal_70_30,acute,change,B1,,,,RMSE,0.9987424659478236,,,,587,1369,1369,2020-04-28,,,
model_metric,UKHLS,temporal_70_30,acute,change,B1,,,,MAE,0.7034376280210856,,,,587,1369,1369,2020-04-28,,,
model_metric,UKHLS,temporal_70_30,acute,change,B1,,,,predictive_R2,0.0090859620209466,,,,587,1369,1369,2020-04-28,,,
model_metric,UKHLS,temporal_70_30,acute,change,B1,,,,mean_log_predictive_density,-1.4252725287988104,,,,587,1369,1369,2020-04-28,,,
model_metric,UKHLS,temporal_70_30,acute,change,B1,,,,calibration_intercept,0.0234868429010826,,,,587,1369,1369,2020-04-28,,,
model_metric,UKHLS,temporal_70_30,acute,change,B1,,,,calibration_slope,0.7378756802823639,,,,587,1369,1369,2020-04-28,,,
model_metric,UKHLS,temporal_70_30,acute,change,B2,,,,RMSE,0.998634847266922,,,,587,1369,1369,2020-04-28,,,
model_metric,UKHLS,temporal_70_30,acute,change,B2,,,,MAE,0.7038578243943521,,,,587,1369,1369,2020-04-28,,,
model_metric,UKHLS,temporal_70_30,acute,change,B2,,,,predictive_R2,0.0092995007855241,,,,587,1369,1369,2020-04-28,,,
model_metric,UKHLS,temporal_70_30,acute,change,B2,,,,mean_log_predictive_density,-1.425179195070133,,,,587,1369,1369,2020-04-28,,,
model_metric,UKHLS,temporal_70_30,acute,change,B2,,,,calibration_intercept,0.0240776508776525,,,,587,1369,1369,2020-04-28,,,
model_metric,UKHLS,temporal_70_30,acute,change,B2,,,,calibration_slope,0.7414604412326156,,,,587,1369,1369,2020-04-28,,,
model_metric,UKHLS,temporal_70_30,acute,change,B3,,,,RMSE,0.9119415949096168,,,,587,1369,1369,2020-04-28,,,
model_metric,UKHLS,temporal_70_30,acute,change,B3,,,,MAE,0.6996165898717995,,,,587,1369,1369,2020-04-28,,,
model_metric,UKHLS,temporal_70_30,acute,change,B3,,,,predictive_R2,0.173842217355201,,,,587,1369,1369,2020-04-28,,,
model_metric,UKHLS,temporal_70_30,acute,change,B3,,,,mean_log_predictive_density,-1.3272970955836414,,,,587,1369,1369,2020-04-28,,,
model_metric,UKHLS,temporal_70_30,acute,change,B3,,,,calibration_intercept,-0.022837624279796,,,,587,1369,1369,2020-04-28,,,
model_metric,UKHLS,temporal_70_30,acute,change,B3,,,,calibration_slope,0.7984528783311007,,,,587,1369,1369,2020-04-28,,,
model_metric,UKHLS,temporal_70_30,acute,change,B4,,,,RMSE,0.915010498908024,,,,587,1369,1369,2020-04-28,,,
model_metric,UKHLS,temporal_70_30,acute,change,B4,,,,MAE,0.6997636285722428,,,,587,1369,1369,2020-04-28,,,
model_metric,UKHLS,temporal_70_30,acute,change,B4,,,,predictive_R2,0.1682724197894348,,,,587,1369,1369,2020-04-28,,,
model_metric,UKHLS,temporal_70_30,acute,change,B4,,,,mean_log_predictive_density,-1.3304436422692267,,,,587,1369,1369,2020-04-28,,,
model_metric,UKHLS,temporal_70_30,acute,change,B4,,,,calibration_intercept,-0.0143739758572975,,,,587,1369,1369,2020-04-28,,,
model_metric,UKHLS,temporal_70_30,acute,change,B4,,,,calibration_slope,0.7819513788376843,,,,587,1369,1369,2020-04-28,,,
comparison,UKHLS,temporal_70_30,acute,change,,B0,B1,B1_minus_B0,RMSE,-0.0004586997459402,-0.0011599585543079,0.0002401316264741,0.0003688409746389,587,1369,1369,2020-04-28,500.0,500.0,
comparison,UKHLS,temporal_70_30,acute,change,,B0,B1,B1_minus_B0,MAE,4.135213293943174e-05,-0.0004926874704513,0.0005523548695047,0.0002790082094103,587,1369,1369,2020-04-28,500.0,500.0,
comparison,UKHLS,temporal_70_30,acute,change,,B0,B1,B1_minus_B0,predictive_R2,-0.0009099996342277,-0.0023064762747436,0.0005036934424799,0.0007270699198107,587,1369,1369,2020-04-28,500.0,500.0,
comparison,UKHLS,temporal_70_30,acute,change,,B0,B1,B1_minus_B0,mean_log_predictive_density,-0.000380052854245,-0.0010194754571498,0.0001960697226107,0.000315223230192,587,1369,1369,2020-04-28,500.0,500.0,
comparison,UKHLS,temporal_70_30,acute,change,,B0,B2,B2_minus_B0,RMSE,-0.0003510810650385,-0.0012677413271543,0.0005060623045287,0.0004615018018973,587,1369,1369,2020-04-28,500.0,500.0,
comparison,UKHLS,temporal_70_30,acute,change,,B0,B2,B2_minus_B0,MAE,-0.000378844240327,-0.0012462408682013,0.0004130558714155,0.0004377424199523,587,1369,1369,2020-04-28,500.0,500.0,
comparison,UKHLS,temporal_70_30,acute,change,,B0,B2,B2_minus_B0,predictive_R2,-0.0006964608696503,-0.0025756808047977,0.0010179688584033,0.0009224592373071,587,1369,1369,2020-04-28,500.0,500.0,
comparison,UKHLS,temporal_70_30,acute,change,,B0,B2,B2_minus_B0,mean_log_predictive_density,-0.0002867191255673,-0.0010772034498489,0.0004337150643715,0.0003857267113925,587,1369,1369,2020-04-28,500.0,500.0,
comparison,UKHLS,temporal_70_30,acute,change,,B0,B3,B3_minus_B0,RMSE,0.0863421712922666,0.0247708404111606,0.1529736459740352,0.032086857613917,587,1369,1369,2020-04-28,500.0,500.0,
comparison,UKHLS,temporal_70_30,acute,change,,B0,B3,B3_minus_B0,MAE,0.0038623902822254,-0.0315590917373714,0.0438176082350236,0.0203535628440987,587,1369,1369,2020-04-28,500.0,500.0,
comparison,UKHLS,temporal_70_30,acute,change,,B0,B3,B3_minus_B0,predictive_R2,0.1638462557000265,0.0521714687621211,0.2696647215872226,0.0537444176682113,587,1369,1369,2020-04-28,500.0,500.0,
comparison,UKHLS,temporal_70_30,acute,change,,B0,B3,B3_minus_B0,mean_log_predictive_density,0.0975953803609239,0.0455279066205008,0.1556749437091408,0.0275226987587254,587,1369,1369,2020-04-28,500.0,500.0,
comparison,UKHLS,temporal_70_30,acute,change,,B3,B4,B4_minus_B3,RMSE,-0.0030689039984074,-0.0093540127031198,0.002737357163931,0.0029976236577308,587,1369,1369,2020-04-28,500.0,500.0,
comparison,UKHLS,temporal_70_30,acute,change,,B3,B4,B4_minus_B3,MAE,-0.0001470387004433,-0.0046352813858992,0.0050296302496795,0.0025109517564164,587,1369,1369,2020-04-28,500.0,500.0,
comparison,UKHLS,temporal_70_30,acute,change,,B3,B4,B4_minus_B3,predictive_R2,-0.0055697975657661,-0.0171415126249573,0.0049134998513922,0.005576281391867,587,1369,1369,2020-04-28,500.0,500.0,
comparison,UKHLS,temporal_70_30,acute,change,,B3,B4,B4_minus_B3,mean_log_predictive_density,-0.0031465466855853,-0.0100093373721503,0.0029559473129594,0.0032276807892543,587,1369,1369,2020-04-28,500.0,500.0,
model_metric,UKHLS,temporal_70_30,acute,ancova_level,B0,,,,RMSE,0.9119415949096163,,,,587,1369,1369,2020-04-28,,,
model_metric,UKHLS,temporal_70_30,acute,ancova_level,B0,,,,MAE,0.699616589871799,,,,587,1369,1369,2020-04-28,,,
model_metric,UKHLS,temporal_70_30,acute,ancova_level,B0,,,,predictive_R2,0.3123216177672464,,,,587,1369,1369,2020-04-28,,,
model_metric,UKHLS,temporal_70_30,acute,ancova_level,B0,,,,mean_log_predictive_density,-1.3272970955836407,,,,587,1369,1369,2020-04-28,,,
model_metric,UKHLS,temporal_70_30,acute,ancova_level,B0,,,,calibration_intercept,-0.1379656992022709,,,,587,1369,1369,2020-04-28,,,
model_metric,UKHLS,temporal_70_30,acute,ancova_level,B0,,,,calibration_slope,1.2161640284526445,,,,587,1369,1369,2020-04-28,,,
model_metric,UKHLS,temporal_70_30,acute,ancova_level,B1,,,,RMSE,0.911751453814335,,,,587,1369,1369,2020-04-28,,,
model_metric,UKHLS,temporal_70_30,acute,ancova_level,B1,,,,MAE,0.701811608327722,,,,587,1369,1369,2020-04-28,,,
model_metric,UKHLS,temporal_70_30,acute,ancova_level,B1,,,,predictive_R2,0.3126083516768146,,,,587,1369,1369,2020-04-28,,,
model_metric,UKHLS,temporal_70_30,acute,ancova_level,B1,,,,mean_log_predictive_density,-1.3265618336534697,,,,587,1369,1369,2020-04-28,,,
model_metric,UKHLS,temporal_70_30,acute,ancova_level,B1,,,,calibration_intercept,-0.1266597400882732,,,,587,1369,1369,2020-04-28,,,
model_metric,UKHLS,temporal_70_30,acute,ancova_level,B1,,,,calibration_slope,1.106505077755987,,,,587,1369,1369,2020-04-28,,,
model_metric,UKHLS,temporal_70_30,acute,ancova_level,B2,,,,RMSE,0.9150104989080242,,,,587,1369,1369,2020-04-28,,,
model_metric,UKHLS,temporal_70_30,acute,ancova_level,B2,,,,MAE,0.6997636285722428,,,,587,1369,1369,2020-04-28,,,
model_metric,UKHLS,temporal_70_30,acute,ancova_level,B2,,,,predictive_R2,0.3076854218009884,,,,587,1369,1369,2020-04-28,,,
model_metric,UKHLS,temporal_70_30,acute,ancova_level,B2,,,,mean_log_predictive_density,-1.330443642269227,,,,587,1369,1369,2020-04-28,,,
model_metric,UKHLS,temporal_70_30,acute,ancova_level,B2,,,,calibration_intercept,-0.1263283004069902,,,,587,1369,1369,2020-04-28,,,
model_metric,UKHLS,temporal_70_30,acute,ancova_level,B2,,,,calibration_slope,1.203150212877193,,,,587,1369,1369,2020-04-28,,,
model_metric,UKHLS,temporal_70_30,acute,ancova_level,B3,,,,RMSE,0.9119415949096163,,,,587,1369,1369,2020-04-28,,,
model_metric,UKHLS,temporal_70_30,acute,ancova_level,B3,,,,MAE,0.699616589871799,,,,587,1369,1369,2020-04-28,,,
model_metric,UKHLS,temporal_70_30,acute,ancova_level,B3,,,,predictive_R2,0.3123216177672464,,,,587,1369,1369,2020-04-28,,,
model_metric,UKHLS,temporal_70_30,acute,ancova_level,B3,,,,mean_log_predictive_density,-1.3272970955836407,,,,587,1369,1369,2020-04-28,,,
model_metric,UKHLS,temporal_70_30,acute,ancova_level,B3,,,,calibration_intercept,-0.1379656992022709,,,,587,1369,1369,2020-04-28,,,
model_metric,UKHLS,temporal_70_30,acute,ancova_level,B3,,,,calibration_slope,1.2161640284526445,,,,587,1369,1369,2020-04-28,,,
model_metric,UKHLS,temporal_70_30,acute,ancova_level,B4,,,,RMSE,0.9150104989080242,,,,587,1369,1369,2020-04-28,,,
model_metric,UKHLS,temporal_70_30,acute,ancova_level,B4,,,,MAE,0.6997636285722428,,,,587,1369,1369,2020-04-28,,,
model_metric,UKHLS,temporal_70_30,acute,ancova_level,B4,,,,predictive_R2,0.3076854218009884,,,,587,1369,1369,2020-04-28,,,
model_metric,UKHLS,temporal_70_30,acute,ancova_level,B4,,,,mean_log_predictive_density,-1.330443642269227,,,,587,1369,1369,2020-04-28,,,
model_metric,UKHLS,temporal_70_30,acute,ancova_level,B4,,,,calibration_intercept,-0.1263283004069902,,,,587,1369,1369,2020-04-28,,,
model_metric,UKHLS,temporal_70_30,acute,ancova_level,B4,,,,calibration_slope,1.203150212877193,,,,587,1369,1369,2020-04-28,,,
comparison,UKHLS,temporal_70_30,acute,ancova_level,,B0,B1,B1_minus_B0,RMSE,0.0001901410952814,-0.0179256537992411,0.0195348501541514,0.009823712323178,587,1369,1369,2020-04-28,500.0,500.0,
comparison,UKHLS,temporal_70_30,acute,ancova_level,,B0,B1,B1_minus_B0,MAE,-0.002195018455923,-0.0188192380037537,0.0121647252782598,0.0078816761871077,587,1369,1369,2020-04-28,500.0,500.0,
comparison,UKHLS,temporal_70_30,acute,ancova_level,,B0,B1,B1_minus_B0,predictive_R2,0.0002867339095682,-0.0269522353217966,0.02844824387188,0.0147027708334092,587,1369,1369,2020-04-28,500.0,500.0,
comparison,UKHLS,temporal_70_30,acute,ancova_level,,B0,B1,B1_minus_B0,mean_log_predictive_density,0.0007352619301712,-0.0208145849660547,0.0215546905211061,0.0108948347680278,587,1369,1369,2020-04-28,500.0,500.0,
comparison,UKHLS,temporal_70_30,acute,ancova_level,,B0,B2,B2_minus_B0,RMSE,-0.0030689039984077,-0.0092556515469346,0.0023854733593067,0.002891937192651,587,1369,1369,2020-04-28,500.0,500.0,
comparison,UKHLS,temporal_70_30,acute,ancova_level,,B0,B2,B2_minus_B0,MAE,-0.0001470387004438,-0.0051009811071038,0.0046214982439388,0.0024682874828742,587,1369,1369,2020-04-28,500.0,500.0,
comparison,UKHLS,temporal_70_30,acute,ancova_level,,B0,B2,B2_minus_B0,predictive_R2,-0.0046361959662579,-0.0130752796471919,0.0037076910016702,0.0043437919044113,587,1369,1369,2020-04-28,500.0,500.0,
comparison,UKHLS,temporal_70_30,acute,ancova_level,,B0,B2,B2_minus_B0,mean_log_predictive_density,-0.0031465466855862,-0.0094210596364865,0.0025619994379807,0.0031042310098978,587,1369,1369,2020-04-28,500.0,500.0,
comparison,UKHLS,temporal_70_30,acute,ancova_level,,B0,B3,B3_minus_B0,RMSE,0.0,0.0,0.0,0.0,587,1369,1369,2020-04-28,500.0,500.0,structural identity under mandatory ANCOVA baseline
comparison,UKHLS,temporal_70_30,acute,ancova_level,,B0,B3,B3_minus_B0,MAE,0.0,0.0,0.0,0.0,587,1369,1369,2020-04-28,500.0,500.0,structural identity under mandatory ANCOVA baseline
comparison,UKHLS,temporal_70_30,acute,ancova_level,,B0,B3,B3_minus_B0,predictive_R2,0.0,0.0,0.0,0.0,587,1369,1369,2020-04-28,500.0,500.0,structural identity under mandatory ANCOVA baseline
comparison,UKHLS,temporal_70_30,acute,ancova_level,,B0,B3,B3_minus_B0,mean_log_predictive_density,0.0,0.0,0.0,0.0,587,1369,1369,2020-04-28,500.0,500.0,structural identity under mandatory ANCOVA baseline
comparison,UKHLS,temporal_70_30,acute,ancova_level,,B3,B4,B4_minus_B3,RMSE,-0.0030689039984077,-0.0081888821388815,0.002515024127545,0.0029123896127425,587,1369,1369,2020-04-28,500.0,500.0,
comparison,UKHLS,temporal_70_30,acute,ancova_level,,B3,B4,B4_minus_B3,MAE,-0.0001470387004438,-0.0052940728448389,0.0045822323841373,0.00253976986714,587,1369,1369,2020-04-28,500.0,500.0,
comparison,UKHLS,temporal_70_30,acute,ancova_level,,B3,B4,B4_minus_B3,predictive_R2,-0.0046361959662579,-0.0126242226035886,0.0038028608057411,0.0044030238514404,587,1369,1369,2020-04-28,500.0,500.0,
comparison,UKHLS,temporal_70_30,acute,ancova_level,,B3,B4,B4_minus_B3,mean_log_predictive_density,-0.0031465466855862,-0.0085365891302704,0.0027149217669708,0.0030855740655964,587,1369,1369,2020-04-28,500.0,500.0,
model_metric,UKHLS,temporal_70_30,persistence,change,B0,,,,RMSE,0.9722937842458867,,,,587,1369,1369,2020-04-28,,,
model_metric,UKHLS,temporal_70_30,persistence,change,B0,,,,MAE,0.6709504876184689,,,,587,1369,1369,2020-04-28,,,
model_metric,UKHLS,temporal_70_30,persistence,change,B0,,,,predictive_R2,-0.0214507525776823,,,,587,1369,1369,2020-04-28,,,
model_metric,UKHLS,temporal_70_30,persistence,change,B0,,,,mean_log_predictive_density,-1.3986341319544124,,,,587,1369,1369,2020-04-28,,,
model_metric,UKHLS,temporal_70_30,persistence,change,B0,,,,calibration_intercept,-0.1045146806556891,,,,587,1369,1369,2020-04-28,,,
model_metric,UKHLS,temporal_70_30,persistence,change,B0,,,,calibration_slope,0.6424096210737893,,,,587,1369,1369,2020-04-28,,,
model_metric,UKHLS,temporal_70_30,persistence,change,B1,,,,RMSE,0.9717881051542616,,,,587,1369,1369,2020-04-28,,,
model_metric,UKHLS,temporal_70_30,persistence,change,B1,,,,MAE,0.6706513856492118,,,,587,1369,1369,2020-04-28,,,
model_metric,UKHLS,temporal_70_30,persistence,change,B1,,,,predictive_R2,-0.0203885387133007,,,,587,1369,1369,2020-04-28,,,
model_metric,UKHLS,temporal_70_30,persistence,change,B1,,,,mean_log_predictive_density,-1.398199649625368,,,,587,1369,1369,2020-04-28,,,
model_metric,UKHLS,temporal_70_30,persistence,change,B1,,,,calibration_intercept,-0.1100634962082559,,,,587,1369,1369,2020-04-28,,,
model_metric,UKHLS,temporal_70_30,persistence,change,B1,,,,calibration_slope,0.6867283025728442,,,,587,1369,1369,2020-04-28,,,
model_metric,UKHLS,temporal_70_30,persistence,change,B2,,,,RMSE,1.0107726418688896,,,,587,1369,1369,2020-04-28,,,
model_metric,UKHLS,temporal_70_30,persistence,change,B2,,,,MAE,0.7121318099792134,,,,587,1369,1369,2020-04-28,,,
model_metric,UKHLS,temporal_70_30,persistence,change,B2,,,,predictive_R2,-0.1038990792582998,,,,587,1369,1369,2020-04-28,,,
model_metric,UKHLS,temporal_70_30,persistence,change,B2,,,,mean_log_predictive_density,-1.430128921282254,,,,587,1369,1369,2020-04-28,,,
model_metric,UKHLS,temporal_70_30,persistence,change,B2,,,,calibration_intercept,-0.0253988128486636,,,,587,1369,1369,2020-04-28,,,
model_metric,UKHLS,temporal_70_30,persistence,change,B2,,,,calibration_slope,0.026471286367291,,,,587,1369,1369,2020-04-28,,,
model_metric,UKHLS,temporal_70_30,persistence,change,B3,,,,RMSE,0.8690412188158841,,,,587,1369,1369,2020-04-28,,,
model_metric,UKHLS,temporal_70_30,persistence,change,B3,,,,MAE,0.6743970335811731,,,,587,1369,1369,2020-04-28,,,
model_metric,UKHLS,temporal_70_30,persistence,change,B3,,,,predictive_R2,0.1839755616222373,,,,587,1369,1369,2020-04-28,,,
model_metric,UKHLS,temporal_70_30,persistence,change,B3,,,,mean_log_predictive_density,-1.2786031452049396,,,,587,1369,1369,2020-04-28,,,
model_metric,UKHLS,temporal_70_30,persistence,change,B3,,,,calibration_intercept,-0.1627801179825674,,,,587,1369,1369,2020-04-28,,,
model_metric,UKHLS,temporal_70_30,persistence,change,B3,,,,calibration_slope,0.7908810847648305,,,,587,1369,1369,2020-04-28,,,
model_metric,UKHLS,temporal_70_30,persistence,change,B4,,,,RMSE,0.8790285976508685,,,,587,1369,1369,2020-04-28,,,
model_metric,UKHLS,temporal_70_30,persistence,change,B4,,,,MAE,0.6808152271570795,,,,587,1369,1369,2020-04-28,,,
model_metric,UKHLS,temporal_70_30,persistence,change,B4,,,,predictive_R2,0.1651116083665261,,,,587,1369,1369,2020-04-28,,,
model_metric,UKHLS,temporal_70_30,persistence,change,B4,,,,mean_log_predictive_density,-1.290472968968428,,,,587,1369,1369,2020-04-28,,,
model_metric,UKHLS,temporal_70_30,persistence,change,B4,,,,calibration_intercept,-0.1633825017475188,,,,587,1369,1369,2020-04-28,,,
model_metric,UKHLS,temporal_70_30,persistence,change,B4,,,,calibration_slope,0.7764676783814406,,,,587,1369,1369,2020-04-28,,,
comparison,UKHLS,temporal_70_30,persistence,change,,B0,B1,B1_minus_B0,RMSE,0.0005056790916253,0.0001729353357464,0.000818403081315,0.0001617660850361,587,1369,1369,2020-04-28,500.0,500.0,
comparison,UKHLS,temporal_70_30,persistence,change,,B0,B1,B1_minus_B0,MAE,0.000299101969257,2.3981600290473596e-05,0.0005834018863756,0.0001372319300512,587,1369,1369,2020-04-28,500.0,500.0,
comparison,UKHLS,temporal_70_30,persistence,change,,B0,B1,B1_minus_B0,predictive_R2,0.0010622138643816,0.0003604979449999,0.001726997260915,0.0003371718771598,587,1369,1369,2020-04-28,500.0,500.0,
comparison,UKHLS,temporal_70_30,persistence,change,,B0,B1,B1_minus_B0,mean_log_predictive_density,0.0004344823290445,0.0001505784594191,0.0007292250048284,0.000145615830886,587,1369,1369,2020-04-28,500.0,500.0,
comparison,UKHLS,temporal_70_30,persistence,change,,B0,B2,B2_minus_B0,RMSE,-0.0384788576230027,-0.0639004629315681,-0.0092781913338004,0.0140045478123342,587,1369,1369,2020-04-28,500.0,500.0,
comparison,UKHLS,temporal_70_30,persistence,change,,B0,B2,B2_minus_B0,MAE,-0.0411813223607445,-0.0591512774330468,-0.0214128818348401,0.0096884109986404,587,1369,1369,2020-04-28,500.0,500.0,
comparison,UKHLS,temporal_70_30,persistence,change,,B0,B2,B2_minus_B0,predictive_R2,-0.0824483266806175,-0.1421742097541006,-0.0193416632165229,0.0308578931530635,587,1369,1369,2020-04-28,500.0,500.0,
comparison,UKHLS,temporal_70_30,persistence,change,,B0,B2,B2_minus_B0,mean_log_predictive_density,-0.0314947893278414,-0.0584238568176276,-0.0042543182835787,0.0138612639152107,587,1369,1369,2020-04-28,500.0,500.0,
comparison,UKHLS,temporal_70_30,persistence,change,,B0,B3,B3_minus_B0,RMSE,0.1032525654300027,0.0371260626474636,0.166889647569319,0.0335160066953661,587,1369,1369,2020-04-28,500.0,500.0,
comparison,UKHLS,temporal_70_30,persistence,change,,B0,B3,B3_minus_B0,MAE,-0.0034465459627042,-0.0499111571619621,0.0407649830964339,0.0230414955440347,587,1369,1369,2020-04-28,500.0,500.0,
comparison,UKHLS,temporal_70_30,persistence,change,,B0,B3,B3_minus_B0,predictive_R2,0.2054263141999197,0.0793685129206506,0.3052373637869439,0.0585445534348605,587,1369,1369,2020-04-28,500.0,500.0,
comparison,UKHLS,temporal_70_30,persistence,change,,B0,B3,B3_minus_B0,mean_log_predictive_density,0.1200309867494728,0.0605900501424386,0.1743569871878558,0.0306343871735899,587,1369,1369,2020-04-28,500.0,500.0,
comparison,UKHLS,temporal_70_30,persistence,change,,B3,B4,B4_minus_B3,RMSE,-0.0099873788349843,-0.018445157149415,-0.0013774216309421,0.0046113879336608,587,1369,1369,2020-04-28,500.0,500.0,
comparison,UKHLS,temporal_70_30,persistence,change,,B3,B4,B4_minus_B3,MAE,-0.0064181935759064,-0.0137845277476677,-1.2420708979472849e-05,0.0035827701957437,587,1369,1369,2020-04-28,500.0,500.0,
comparison,UKHLS,temporal_70_30,persistence,change,,B3,B4,B4_minus_B3,predictive_R2,-0.0188639532557112,-0.0344985497774665,-0.0025509011623072,0.008726863113971,587,1369,1369,2020-04-28,500.0,500.0,
comparison,UKHLS,temporal_70_30,persistence,change,,B3,B4,B4_minus_B3,mean_log_predictive_density,-0.0118698237634884,-0.0223231470106288,-0.0011617238826663,0.0056030116449952,587,1369,1369,2020-04-28,500.0,500.0,
model_metric,UKHLS,temporal_70_30,persistence,ancova_level,B0,,,,RMSE,0.8690412188158836,,,,587,1369,1369,2020-04-28,,,
model_metric,UKHLS,temporal_70_30,persistence,ancova_level,B0,,,,MAE,0.6743970335811723,,,,587,1369,1369,2020-04-28,,,
model_metric,UKHLS,temporal_70_30,persistence,ancova_level,B0,,,,predictive_R2,0.2318295070661877,,,,587,1369,1369,2020-04-28,,,
model_metric,UKHLS,temporal_70_30,persistence,ancova_level,B0,,,,mean_log_predictive_density,-1.2786031452049391,,,,587,1369,1369,2020-04-28,,,
model_metric,UKHLS,temporal_70_30,persistence,ancova_level,B0,,,,calibration_intercept,-0.2646700428181631,,,,587,1369,1369,2020-04-28,,,
model_metric,UKHLS,temporal_70_30,persistence,ancova_level,B0,,,,calibration_slope,1.2280731850879136,,,,587,1369,1369,2020-04-28,,,
model_metric,UKHLS,temporal_70_30,persistence,ancova_level,B1,,,,RMSE,0.8866602700185162,,,,587,1369,1369,2020-04-28,,,
model_metric,UKHLS,temporal_70_30,persistence,ancova_level,B1,,,,MAE,0.6878941236038935,,,,587,1369,1369,2020-04-28,,,
model_metric,UKHLS,temporal_70_30,persistence,ancova_level,B1,,,,predictive_R2,0.2003657873383461,,,,587,1369,1369,2020-04-28,,,
model_metric,UKHLS,temporal_70_30,persistence,ancova_level,B1,,,,mean_log_predictive_density,-1.3023321085478214,,,,587,1369,1369,2020-04-28,,,
model_metric,UKHLS,temporal_70_30,persistence,ancova_level,B1,,,,calibration_intercept,-0.2290216495381009,,,,587,1369,1369,2020-04-28,,,
model_metric,UKHLS,temporal_70_30,persistence,ancova_level,B1,,,,calibration_slope,1.0195239954199522,,,,587,1369,1369,2020-04-28,,,
model_metric,UKHLS,temporal_70_30,persistence,ancova_level,B2,,,,RMSE,0.8790285976508685,,,,587,1369,1369,2020-04-28,,,
model_metric,UKHLS,temporal_70_30,persistence,ancova_level,B2,,,,MAE,0.6808152271570798,,,,587,1369,1369,2020-04-28,,,
model_metric,UKHLS,temporal_70_30,persistence,ancova_level,B2,,,,predictive_R2,0.2140717885597076,,,,587,1369,1369,2020-04-28,,,
model_metric,UKHLS,temporal_70_30,persistence,ancova_level,B2,,,,mean_log_predictive_density,-1.2904729689684282,,,,587,1369,1369,2020-04-28,,,
model_metric,UKHLS,temporal_70_30,persistence,ancova_level,B2,,,,calibration_intercept,-0.2387047860723481,,,,587,1369,1369,2020-04-28,,,
model_metric,UKHLS,temporal_70_30,persistence,ancova_level,B2,,,,calibration_slope,1.1201122611494003,,,,587,1369,1369,2020-04-28,,,
model_metric,UKHLS,temporal_70_30,persistence,ancova_level,B3,,,,RMSE,0.8690412188158836,,,,587,1369,1369,2020-04-28,,,
model_metric,UKHLS,temporal_70_30,persistence,ancova_level,B3,,,,MAE,0.6743970335811723,,,,587,1369,1369,2020-04-28,,,
model_metric,UKHLS,temporal_70_30,persistence,ancova_level,B3,,,,predictive_R2,0.2318295070661877,,,,587,1369,1369,2020-04-28,,,
model_metric,UKHLS,temporal_70_30,persistence,ancova_level,B3,,,,mean_log_predictive_density,-1.2786031452049391,,,,587,1369,1369,2020-04-28,,,
model_metric,UKHLS,temporal_70_30,persistence,ancova_level,B3,,,,calibration_intercept,-0.2646700428181631,,,,587,1369,1369,2020-04-28,,,
model_metric,UKHLS,temporal_70_30,persistence,ancova_level,B3,,,,calibration_slope,1.2280731850879136,,,,587,1369,1369,2020-04-28,,,
model_metric,UKHLS,temporal_70_30,persistence,ancova_level,B4,,,,RMSE,0.8790285976508685,,,,587,1369,1369,2020-04-28,,,
model_metric,UKHLS,temporal_70_30,persistence,ancova_level,B4,,,,MAE,0.6808152271570798,,,,587,1369,1369,2020-04-28,,,
model_metric,UKHLS,temporal_70_30,persistence,ancova_level,B4,,,,predictive_R2,0.2140717885597076,,,,587,1369,1369,2020-04-28,,,
model_metric,UKHLS,temporal_70_30,persistence,ancova_level,B4,,,,mean_log_predictive_density,-1.2904729689684282,,,,587,1369,1369,2020-04-28,,,
model_metric,UKHLS,temporal_70_30,persistence,ancova_level,B4,,,,calibration_intercept,-0.2387047860723481,,,,587,1369,1369,2020-04-28,,,
model_metric,UKHLS,temporal_70_30,persistence,ancova_level,B4,,,,calibration_slope,1.1201122611494003,,,,587,1369,1369,2020-04-28,,,
comparison,UKHLS,temporal_70_30,persistence,ancova_level,,B0,B1,B1_minus_B0,RMSE,-0.0176190512026326,-0.0359198445511333,-0.0008405458980429,0.0094374346348316,587,1369,1369,2020-04-28,500.0,500.0,
comparison,UKHLS,temporal_70_30,persistence,ancova_level,,B0,B1,B1_minus_B0,MAE,-0.0134970900227211,-0.0290492072889298,0.0015100028190416,0.0083383070477217,587,1369,1369,2020-04-28,500.0,500.0,
comparison,UKHLS,temporal_70_30,persistence,ancova_level,,B0,B1,B1_minus_B0,predictive_R2,-0.0314637197278416,-0.0662041847346765,-0.0014318322950076,0.0177817265508002,587,1369,1369,2020-04-28,500.0,500.0,
comparison,UKHLS,temporal_70_30,persistence,ancova_level,,B0,B1,B1_minus_B0,mean_log_predictive_density,-0.0237289633428823,-0.0457935159293955,-0.0028728728858508,0.0117730051773675,587,1369,1369,2020-04-28,500.0,500.0,
comparison,UKHLS,temporal_70_30,persistence,ancova_level,,B0,B2,B2_minus_B0,RMSE,-0.0099873788349849,-0.0184261726777995,-0.0011310135818724,0.0043484227404543,587,1369,1369,2020-04-28,500.0,500.0,
comparison,UKHLS,temporal_70_30,persistence,ancova_level,,B0,B2,B2_minus_B0,MAE,-0.0064181935759074,-0.0133172743660158,0.0008067812596426,0.0034010424451596,587,1369,1369,2020-04-28,500.0,500.0,
comparison,UKHLS,temporal_70_30,persistence,ancova_level,,B0,B2,B2_minus_B0,predictive_R2,-0.0177577185064801,-0.0333246570419997,-0.0020538716602725,0.0079560696735901,587,1369,1369,2020-04-28,500.0,500.0,
comparison,UKHLS,temporal_70_30,persistence,ancova_level,,B0,B2,B2_minus_B0,mean_log_predictive_density,-0.0118698237634891,-0.0228893988803417,-0.0011246313225506,0.005341577663473,587,1369,1369,2020-04-28,500.0,500.0,
comparison,UKHLS,temporal_70_30,persistence,ancova_level,,B0,B3,B3_minus_B0,RMSE,0.0,0.0,0.0,0.0,587,1369,1369,2020-04-28,500.0,500.0,structural identity under mandatory ANCOVA baseline
comparison,UKHLS,temporal_70_30,persistence,ancova_level,,B0,B3,B3_minus_B0,MAE,0.0,0.0,0.0,0.0,587,1369,1369,2020-04-28,500.0,500.0,structural identity under mandatory ANCOVA baseline
comparison,UKHLS,temporal_70_30,persistence,ancova_level,,B0,B3,B3_minus_B0,predictive_R2,0.0,0.0,0.0,0.0,587,1369,1369,2020-04-28,500.0,500.0,structural identity under mandatory ANCOVA baseline
comparison,UKHLS,temporal_70_30,persistence,ancova_level,,B0,B3,B3_minus_B0,mean_log_predictive_density,0.0,0.0,0.0,0.0,587,1369,1369,2020-04-28,500.0,500.0,structural identity under mandatory ANCOVA baseline
comparison,UKHLS,temporal_70_30,persistence,ancova_level,,B3,B4,B4_minus_B3,RMSE,-0.0099873788349849,-0.018323444383677,-0.0019576702286729,0.0044033636716689,587,1369,1369,2020-04-28,500.0,500.0,
comparison,UKHLS,temporal_70_30,persistence,ancova_level,,B3,B4,B4_minus_B3,MAE,-0.0064181935759074,-0.0135040388408094,0.0004907121245601,0.0035666720644929,587,1369,1369,2020-04-28,500.0,500.0,
comparison,UKHLS,temporal_70_30,persistence,ancova_level,,B3,B4,B4_minus_B3,predictive_R2,-0.0177577185064801,-0.034594208172409,-0.0036339836111442,0.0081833596997477,587,1369,1369,2020-04-28,500.0,500.0,
comparison,UKHLS,temporal_70_30,persistence,ancova_level,,B3,B4,B4_minus_B3,mean_log_predictive_density,-0.0118698237634891,-0.0218438048203933,-0.0019446200589923,0.0053233571982269,587,1369,1369,2020-04-28,500.0,500.0,
