record_type,cohort,validation,outcome_metric,outcome_formulation,baseline_scope,model,base_model,candidate_model,comparison,metric,estimate,ci_lower,ci_upper,bootstrap_se,n_persons,ridge_alpha_min,ridge_alpha_median,ridge_alpha_max,temporal_cutoff,bootstrap_success,bootstrap_attempts,notes
model_metric,HRS,grouped_10fold,acute,change,context,BASE,,,,RMSE,1.029128281300503,,,,1166,0.0,0.0,0.0,,,,
model_metric,HRS,grouped_10fold,acute,change,context,BASE,,,,MAE,0.7548726161194755,,,,1166,0.0,0.0,0.0,,,,
model_metric,HRS,grouped_10fold,acute,change,context,BASE,,,,predictive_R2,0.0005363020318093,,,,1166,0.0,0.0,0.0,,,,
model_metric,HRS,grouped_10fold,acute,change,context,BASE,,,,mean_log_predictive_density,-1.448823805685041,,,,1166,0.0,0.0,0.0,,,,
model_metric,HRS,grouped_10fold,acute,change,context,BASE,,,,calibration_intercept,0.1024007463014714,,,,1166,0.0,0.0,0.0,,,,
model_metric,HRS,grouped_10fold,acute,change,context,BASE,,,,calibration_slope,0.5139897297077882,,,,1166,0.0,0.0,0.0,,,,
model_metric,HRS,grouped_10fold,acute,change,context,R1_prior_acute,,,,RMSE,1.027910535783712,,,,1166,0.0,0.0,0.0,,,,
model_metric,HRS,grouped_10fold,acute,change,context,R1_prior_acute,,,,MAE,0.7562066088415541,,,,1166,0.0,0.0,0.0,,,,
model_metric,HRS,grouped_10fold,acute,change,context,R1_prior_acute,,,,predictive_R2,0.0029001907320883,,,,1166,0.0,0.0,0.0,,,,
model_metric,HRS,grouped_10fold,acute,change,context,R1_prior_acute,,,,mean_log_predictive_density,-1.4476398151109924,,,,1166,0.0,0.0,0.0,,,,
model_metric,HRS,grouped_10fold,acute,change,context,R1_prior_acute,,,,calibration_intercept,0.0924732885620499,,,,1166,0.0,0.0,0.0,,,,
model_metric,HRS,grouped_10fold,acute,change,context,R1_prior_acute,,,,calibration_slope,0.560034806430302,,,,1166,0.0,0.0,0.0,,,,
model_metric,HRS,grouped_10fold,acute,change,context,R2_prior_persistence,,,,RMSE,1.0106949567774548,,,,1166,0.0,0.0,0.0,,,,
model_metric,HRS,grouped_10fold,acute,change,context,R2_prior_persistence,,,,MAE,0.7496720253054585,,,,1166,0.0,0.0,0.0,,,,
model_metric,HRS,grouped_10fold,acute,change,context,R2_prior_persistence,,,,predictive_R2,0.0360196183084932,,,,1166,0.0,0.0,0.0,,,,
model_metric,HRS,grouped_10fold,acute,change,context,R2_prior_persistence,,,,mean_log_predictive_density,-1.4308463803191198,,,,1166,0.0,0.0,0.0,,,,
model_metric,HRS,grouped_10fold,acute,change,context,R2_prior_persistence,,,,calibration_intercept,0.0368205624264682,,,,1166,0.0,0.0,0.0,,,,
model_metric,HRS,grouped_10fold,acute,change,context,R2_prior_persistence,,,,calibration_slope,0.8233595502567845,,,,1166,0.0,0.0,0.0,,,,
model_metric,HRS,grouped_10fold,acute,change,context,R3_joint_raw,,,,RMSE,1.0126620656523102,,,,1166,0.0,10.0,100.0,,,,
model_metric,HRS,grouped_10fold,acute,change,context,R3_joint_raw,,,,MAE,0.7500384091646233,,,,1166,0.0,10.0,100.0,,,,
model_metric,HRS,grouped_10fold,acute,change,context,R3_joint_raw,,,,predictive_R2,0.0322635894791923,,,,1166,0.0,10.0,100.0,,,,
model_metric,HRS,grouped_10fold,acute,change,context,R3_joint_raw,,,,mean_log_predictive_density,-1.4329478540528189,,,,1166,0.0,10.0,100.0,,,,
model_metric,HRS,grouped_10fold,acute,change,context,R3_joint_raw,,,,calibration_intercept,0.043330883705282,,,,1166,0.0,10.0,100.0,,,,
model_metric,HRS,grouped_10fold,acute,change,context,R3_joint_raw,,,,calibration_slope,0.7940702336897902,,,,1166,0.0,10.0,100.0,,,,
model_metric,HRS,grouped_10fold,acute,change,context,R4_acute_residual,,,,RMSE,1.0283664898614835,,,,1166,0.0,0.0,0.0,,,,
model_metric,HRS,grouped_10fold,acute,change,context,R4_acute_residual,,,,MAE,0.7567072375819502,,,,1166,0.0,0.0,0.0,,,,
model_metric,HRS,grouped_10fold,acute,change,context,R4_acute_residual,,,,predictive_R2,0.0020154200453637,,,,1166,0.0,0.0,0.0,,,,
model_metric,HRS,grouped_10fold,acute,change,context,R4_acute_residual,,,,mean_log_predictive_density,-1.448032042847171,,,,1166,0.0,0.0,0.0,,,,
model_metric,HRS,grouped_10fold,acute,change,context,R4_acute_residual,,,,calibration_intercept,0.0966150790143785,,,,1166,0.0,0.0,0.0,,,,
model_metric,HRS,grouped_10fold,acute,change,context,R4_acute_residual,,,,calibration_slope,0.5414775295838347,,,,1166,0.0,0.0,0.0,,,,
model_metric,HRS,grouped_10fold,acute,change,context,R4_persistence_residual,,,,RMSE,1.007308759275202,,,,1166,0.0,0.0,0.0,,,,
model_metric,HRS,grouped_10fold,acute,change,context,R4_persistence_residual,,,,MAE,0.7499779843406588,,,,1166,0.0,0.0,0.0,,,,
model_metric,HRS,grouped_10fold,acute,change,context,R4_persistence_residual,,,,predictive_R2,0.0424681708821446,,,,1166,0.0,0.0,0.0,,,,
model_metric,HRS,grouped_10fold,acute,change,context,R4_persistence_residual,,,,mean_log_predictive_density,-1.4273400534674574,,,,1166,0.0,0.0,0.0,,,,
model_metric,HRS,grouped_10fold,acute,change,context,R4_persistence_residual,,,,calibration_intercept,0.035075926250188,,,,1166,0.0,0.0,0.0,,,,
model_metric,HRS,grouped_10fold,acute,change,context,R4_persistence_residual,,,,calibration_slope,0.8321285536536327,,,,1166,0.0,0.0,0.0,,,,
model_metric,HRS,grouped_10fold,acute,change,context,R4_joint_residual,,,,RMSE,1.0097411209145413,,,,1166,0.0,10.0,100.0,,,,
model_metric,HRS,grouped_10fold,acute,change,context,R4_joint_residual,,,,MAE,0.7510253230133038,,,,1166,0.0,10.0,100.0,,,,
model_metric,HRS,grouped_10fold,acute,change,context,R4_joint_residual,,,,predictive_R2,0.0378382583982083,,,,1166,0.0,10.0,100.0,,,,
model_metric,HRS,grouped_10fold,acute,change,context,R4_joint_residual,,,,mean_log_predictive_density,-1.42987723058983,,,,1166,0.0,10.0,100.0,,,,
model_metric,HRS,grouped_10fold,acute,change,context,R4_joint_residual,,,,calibration_intercept,0.040851456834617,,,,1166,0.0,10.0,100.0,,,,
model_metric,HRS,grouped_10fold,acute,change,context,R4_joint_residual,,,,calibration_slope,0.8061652038194256,,,,1166,0.0,10.0,100.0,,,,
comparison,HRS,grouped_10fold,acute,change,context,,BASE,R1_prior_acute,R1_prior_acute_minus_BASE,RMSE,0.0012177455167909,-0.0034613215137904,0.0057663352485022,0.0023083511640995,1166,,,,,500.0,500.0,paired person-cluster bootstrap
comparison,HRS,grouped_10fold,acute,change,context,,BASE,R1_prior_acute,R1_prior_acute_minus_BASE,MAE,-0.0013339927220785,-0.0057130490498579,0.0027692115052106,0.0020873138136753,1166,,,,,500.0,500.0,paired person-cluster bootstrap
comparison,HRS,grouped_10fold,acute,change,context,,BASE,R1_prior_acute,R1_prior_acute_minus_BASE,predictive_R2,0.002363888700279,-0.0067893567899525,0.0112828131627946,0.0044730012002448,1166,,,,,500.0,500.0,paired person-cluster bootstrap
comparison,HRS,grouped_10fold,acute,change,context,,BASE,R1_prior_acute,R1_prior_acute_minus_BASE,mean_log_predictive_density,0.0011839905740487,-0.0036827720586253,0.0057541000305439,0.0023011036749064,1166,,,,,500.0,500.0,paired person-cluster bootstrap
comparison,HRS,grouped_10fold,acute,change,context,,BASE,R2_prior_persistence,R2_prior_persistence_minus_BASE,RMSE,0.0184333245230481,0.0054577741548382,0.0331443280683959,0.0069443318514573,1166,,,,,500.0,500.0,paired person-cluster bootstrap
comparison,HRS,grouped_10fold,acute,change,context,,BASE,R2_prior_persistence,R2_prior_persistence_minus_BASE,MAE,0.005200590814017,-0.0052886826216733,0.0156621250916974,0.0053523882652519,1166,,,,,500.0,500.0,paired person-cluster bootstrap
comparison,HRS,grouped_10fold,acute,change,context,,BASE,R2_prior_persistence,R2_prior_persistence_minus_BASE,predictive_R2,0.0354833162766838,0.0108059984055997,0.0635683408819913,0.0131371409025124,1166,,,,,500.0,500.0,paired person-cluster bootstrap
comparison,HRS,grouped_10fold,acute,change,context,,BASE,R2_prior_persistence,R2_prior_persistence_minus_BASE,mean_log_predictive_density,0.0179774253659212,0.0051959175844877,0.0327328109291282,0.0069084617831177,1166,,,,,500.0,500.0,paired person-cluster bootstrap
comparison,HRS,grouped_10fold,acute,change,context,,BASE,R3_joint_raw,R3_joint_raw_minus_BASE,RMSE,0.0164662156481927,0.002372489741739,0.0303968754225125,0.0074191165052649,1166,,,,,500.0,500.0,paired person-cluster bootstrap
comparison,HRS,grouped_10fold,acute,change,context,,BASE,R3_joint_raw,R3_joint_raw_minus_BASE,MAE,0.0048342069548522,-0.0056592439379862,0.0154155642328307,0.0054164979645291,1166,,,,,500.0,500.0,paired person-cluster bootstrap
comparison,HRS,grouped_10fold,acute,change,context,,BASE,R3_joint_raw,R3_joint_raw_minus_BASE,predictive_R2,0.031727287447383,0.0046836907481327,0.0580659941415894,0.0141063833695257,1166,,,,,500.0,500.0,paired person-cluster bootstrap
comparison,HRS,grouped_10fold,acute,change,context,,BASE,R3_joint_raw,R3_joint_raw_minus_BASE,mean_log_predictive_density,0.0158759516322224,0.0017346954075439,0.0296487237899341,0.0074997298205533,1166,,,,,500.0,500.0,paired person-cluster bootstrap
comparison,HRS,grouped_10fold,acute,change,context,,BASE,R4_acute_residual,R4_acute_residual_minus_BASE,RMSE,0.0007617914390194,-0.0036944789600421,0.0049969916856089,0.002279237706191,1166,,,,,500.0,500.0,paired person-cluster bootstrap
comparison,HRS,grouped_10fold,acute,change,context,,BASE,R4_acute_residual,R4_acute_residual_minus_BASE,MAE,-0.0018346214624747,-0.0060088499883305,0.0017036377561799,0.0020383346947925,1166,,,,,500.0,500.0,paired person-cluster bootstrap
comparison,HRS,grouped_10fold,acute,change,context,,BASE,R4_acute_residual,R4_acute_residual_minus_BASE,predictive_R2,0.0014791180135543,-0.0071850037989232,0.0095805092481361,0.0044325916478555,1166,,,,,500.0,500.0,paired person-cluster bootstrap
comparison,HRS,grouped_10fold,acute,change,context,,BASE,R4_acute_residual,R4_acute_residual_minus_BASE,mean_log_predictive_density,0.0007917628378701,-0.0036852629817306,0.0050159927730626,0.0022618961795616,1166,,,,,500.0,500.0,paired person-cluster bootstrap
comparison,HRS,grouped_10fold,acute,change,context,,BASE,R4_persistence_residual,R4_persistence_residual_minus_BASE,RMSE,0.0218195220253007,0.0047222371232884,0.0365540009622552,0.0082460127068282,1166,,,,,500.0,500.0,paired person-cluster bootstrap
comparison,HRS,grouped_10fold,acute,change,context,,BASE,R4_persistence_residual,R4_persistence_residual_minus_BASE,MAE,0.0048946317788167,-0.0075529530568713,0.016840575624877,0.0064781249592724,1166,,,,,500.0,500.0,paired person-cluster bootstrap
comparison,HRS,grouped_10fold,acute,change,context,,BASE,R4_persistence_residual,R4_persistence_residual_minus_BASE,predictive_R2,0.0419318688503352,0.00929297192013,0.0703087781653675,0.0155562072565212,1166,,,,,500.0,500.0,paired person-cluster bootstrap
comparison,HRS,grouped_10fold,acute,change,context,,BASE,R4_persistence_residual,R4_persistence_residual_minus_BASE,mean_log_predictive_density,0.0214837522175836,0.0050673598307216,0.036364393730188,0.0082377620502249,1166,,,,,500.0,500.0,paired person-cluster bootstrap
comparison,HRS,grouped_10fold,acute,change,context,,BASE,R4_joint_residual,R4_joint_residual_minus_BASE,RMSE,0.0193871603859616,0.003641688594525,0.0363174738888738,0.0082262446399286,1166,,,,,500.0,500.0,paired person-cluster bootstrap
comparison,HRS,grouped_10fold,acute,change,context,,BASE,R4_joint_residual,R4_joint_residual_minus_BASE,MAE,0.0038472931061717,-0.0078310963362903,0.0171968444895366,0.006338311061668,1166,,,,,500.0,500.0,paired person-cluster bootstrap
comparison,HRS,grouped_10fold,acute,change,context,,BASE,R4_joint_residual,R4_joint_residual_minus_BASE,predictive_R2,0.0373019563663989,0.0070295157129539,0.0688082729804103,0.0156043814650681,1166,,,,,500.0,500.0,paired person-cluster bootstrap
comparison,HRS,grouped_10fold,acute,change,context,,BASE,R4_joint_residual,R4_joint_residual_minus_BASE,mean_log_predictive_density,0.0189465750952111,0.0030261957293867,0.0359388829999583,0.0083393821236987,1166,,,,,500.0,500.0,paired person-cluster bootstrap
model_metric,HRS,grouped_10fold,acute,change,current_state,BASE,,,,RMSE,0.9185420021530304,,,,1166,0.0,0.0,0.0,,,,
model_metric,HRS,grouped_10fold,acute,change,current_state,BASE,,,,MAE,0.741343093669634,,,,1166,0.0,0.0,0.0,,,,
model_metric,HRS,grouped_10fold,acute,change,current_state,BASE,,,,predictive_R2,0.2037929139593854,,,,1166,0.0,0.0,0.0,,,,
model_metric,HRS,grouped_10fold,acute,change,current_state,BASE,,,,mean_log_predictive_density,-1.334729655032682,,,,1166,0.0,0.0,0.0,,,,
model_metric,HRS,grouped_10fold,acute,change,current_state,BASE,,,,calibration_intercept,0.0099224121490642,,,,1166,0.0,0.0,0.0,,,,
model_metric,HRS,grouped_10fold,acute,change,current_state,BASE,,,,calibration_slope,0.9526438647453808,,,,1166,0.0,0.0,0.0,,,,
model_metric,HRS,grouped_10fold,acute,change,current_state,R1_prior_acute,,,,RMSE,0.9193390650663182,,,,1166,0.0,0.0,0.0,,,,
model_metric,HRS,grouped_10fold,acute,change,current_state,R1_prior_acute,,,,MAE,0.7422591822980289,,,,1166,0.0,0.0,0.0,,,,
model_metric,HRS,grouped_10fold,acute,change,current_state,R1_prior_acute,,,,predictive_R2,0.2024105003380543,,,,1166,0.0,0.0,0.0,,,,
model_metric,HRS,grouped_10fold,acute,change,current_state,R1_prior_acute,,,,mean_log_predictive_density,-1.335634273672783,,,,1166,0.0,0.0,0.0,,,,
model_metric,HRS,grouped_10fold,acute,change,current_state,R1_prior_acute,,,,calibration_intercept,0.0100490222655489,,,,1166,0.0,0.0,0.0,,,,
model_metric,HRS,grouped_10fold,acute,change,current_state,R1_prior_acute,,,,calibration_slope,0.950090965336344,,,,1166,0.0,0.0,0.0,,,,
model_metric,HRS,grouped_10fold,acute,change,current_state,R2_prior_persistence,,,,RMSE,0.9167609277035864,,,,1166,0.0,0.0,0.0,,,,
model_metric,HRS,grouped_10fold,acute,change,current_state,R2_prior_persistence,,,,MAE,0.7390310581652215,,,,1166,0.0,0.0,0.0,,,,
model_metric,HRS,grouped_10fold,acute,change,current_state,R2_prior_persistence,,,,predictive_R2,0.2068776487359507,,,,1166,0.0,0.0,0.0,,,,
model_metric,HRS,grouped_10fold,acute,change,current_state,R2_prior_persistence,,,,mean_log_predictive_density,-1.33288787777376,,,,1166,0.0,0.0,0.0,,,,
model_metric,HRS,grouped_10fold,acute,change,current_state,R2_prior_persistence,,,,calibration_intercept,0.0102383345598356,,,,1166,0.0,0.0,0.0,,,,
model_metric,HRS,grouped_10fold,acute,change,current_state,R2_prior_persistence,,,,calibration_slope,0.9502859552442042,,,,1166,0.0,0.0,0.0,,,,
model_metric,HRS,grouped_10fold,acute,change,current_state,R3_joint_raw,,,,RMSE,0.9182606048031092,,,,1166,10.0,100.0,100.0,,,,
model_metric,HRS,grouped_10fold,acute,change,current_state,R3_joint_raw,,,,MAE,0.7405084937692572,,,,1166,10.0,100.0,100.0,,,,
model_metric,HRS,grouped_10fold,acute,change,current_state,R3_joint_raw,,,,predictive_R2,0.2042806787960186,,,,1166,10.0,100.0,100.0,,,,
model_metric,HRS,grouped_10fold,acute,change,current_state,R3_joint_raw,,,,mean_log_predictive_density,-1.334653146792975,,,,1166,10.0,100.0,100.0,,,,
model_metric,HRS,grouped_10fold,acute,change,current_state,R3_joint_raw,,,,calibration_intercept,0.0112684476369911,,,,1166,10.0,100.0,100.0,,,,
model_metric,HRS,grouped_10fold,acute,change,current_state,R3_joint_raw,,,,calibration_slope,0.9460602154428795,,,,1166,10.0,100.0,100.0,,,,
model_metric,HRS,grouped_10fold,acute,change,current_state,R4_acute_residual,,,,RMSE,0.915966021348817,,,,1166,0.0,0.0,0.0,,,,
model_metric,HRS,grouped_10fold,acute,change,current_state,R4_acute_residual,,,,MAE,0.7396598760561355,,,,1166,0.0,0.0,0.0,,,,
model_metric,HRS,grouped_10fold,acute,change,current_state,R4_acute_residual,,,,predictive_R2,0.2082524557306261,,,,1166,0.0,0.0,0.0,,,,
model_metric,HRS,grouped_10fold,acute,change,current_state,R4_acute_residual,,,,mean_log_predictive_density,-1.3321565832116014,,,,1166,0.0,0.0,0.0,,,,
model_metric,HRS,grouped_10fold,acute,change,current_state,R4_acute_residual,,,,calibration_intercept,0.0106281924973008,,,,1166,0.0,0.0,0.0,,,,
model_metric,HRS,grouped_10fold,acute,change,current_state,R4_acute_residual,,,,calibration_slope,0.948189904328806,,,,1166,0.0,0.0,0.0,,,,
model_metric,HRS,grouped_10fold,acute,change,current_state,R4_persistence_residual,,,,RMSE,0.9190789807886192,,,,1166,0.0,0.0,0.0,,,,
model_metric,HRS,grouped_10fold,acute,change,current_state,R4_persistence_residual,,,,MAE,0.7418165566829972,,,,1166,0.0,0.0,0.0,,,,
model_metric,HRS,grouped_10fold,acute,change,current_state,R4_persistence_residual,,,,predictive_R2,0.2028617182922929,,,,1166,0.0,0.0,0.0,,,,
model_metric,HRS,grouped_10fold,acute,change,current_state,R4_persistence_residual,,,,mean_log_predictive_density,-1.335333555780666,,,,1166,0.0,0.0,0.0,,,,
model_metric,HRS,grouped_10fold,acute,change,current_state,R4_persistence_residual,,,,calibration_intercept,0.0105631011080535,,,,1166,0.0,0.0,0.0,,,,
model_metric,HRS,grouped_10fold,acute,change,current_state,R4_persistence_residual,,,,calibration_slope,0.949150909099937,,,,1166,0.0,0.0,0.0,,,,
model_metric,HRS,grouped_10fold,acute,change,current_state,R4_joint_residual,,,,RMSE,0.9171169093261852,,,,1166,10.0,100.0,100.0,,,,
model_metric,HRS,grouped_10fold,acute,change,current_state,R4_joint_residual,,,,MAE,0.7407001754625324,,,,1166,10.0,100.0,100.0,,,,
model_metric,HRS,grouped_10fold,acute,change,current_state,R4_joint_residual,,,,predictive_R2,0.2062615845272127,,,,1166,10.0,100.0,100.0,,,,
model_metric,HRS,grouped_10fold,acute,change,current_state,R4_joint_residual,,,,mean_log_predictive_density,-1.3334611114580517,,,,1166,10.0,100.0,100.0,,,,
model_metric,HRS,grouped_10fold,acute,change,current_state,R4_joint_residual,,,,calibration_intercept,0.0110680496417045,,,,1166,10.0,100.0,100.0,,,,
model_metric,HRS,grouped_10fold,acute,change,current_state,R4_joint_residual,,,,calibration_slope,0.9462870381824804,,,,1166,10.0,100.0,100.0,,,,
comparison,HRS,grouped_10fold,acute,change,current_state,,BASE,R1_prior_acute,R1_prior_acute_minus_BASE,RMSE,-0.0007970629132877,-0.0017364757174403,0.0001788942287624,0.0004933884971565,1166,,,,,500.0,500.0,paired person-cluster bootstrap
comparison,HRS,grouped_10fold,acute,change,current_state,,BASE,R1_prior_acute,R1_prior_acute_minus_BASE,MAE,-0.0009160886283948,-0.0018073929793229,1.8031309859567415e-05,0.0004596241821257,1166,,,,,500.0,500.0,paired person-cluster bootstrap
comparison,HRS,grouped_10fold,acute,change,current_state,,BASE,R1_prior_acute,R1_prior_acute_minus_BASE,predictive_R2,-0.0013824136213311,-0.0030230509127096,0.0003135181783594,0.0008575018374531,1166,,,,,500.0,500.0,paired person-cluster bootstrap
comparison,HRS,grouped_10fold,acute,change,current_state,,BASE,R1_prior_acute,R1_prior_acute_minus_BASE,mean_log_predictive_density,-0.0009046186401011,-0.0019781800428625,0.0001862153922257,0.0005517350711869,1166,,,,,500.0,500.0,paired person-cluster bootstrap
comparison,HRS,grouped_10fold,acute,change,current_state,,BASE,R2_prior_persistence,R2_prior_persistence_minus_BASE,RMSE,0.001781074449444,-0.0025348320410735,0.0064712110149238,0.0023964387513755,1166,,,,,500.0,500.0,paired person-cluster bootstrap
comparison,HRS,grouped_10fold,acute,change,current_state,,BASE,R2_prior_persistence,R2_prior_persistence_minus_BASE,MAE,0.0023120355044125,-0.0013172883330045,0.0060216214293159,0.0019111167013309,1166,,,,,500.0,500.0,paired person-cluster bootstrap
comparison,HRS,grouped_10fold,acute,change,current_state,,BASE,R2_prior_persistence,R2_prior_persistence_minus_BASE,predictive_R2,0.0030847347765652,-0.0044243530612753,0.0110672006502414,0.0041279067861054,1166,,,,,500.0,500.0,paired person-cluster bootstrap
comparison,HRS,grouped_10fold,acute,change,current_state,,BASE,R2_prior_persistence,R2_prior_persistence_minus_BASE,mean_log_predictive_density,0.001841777258922,-0.0030222052115054,0.007114739836955,0.0026918689841601,1166,,,,,500.0,500.0,paired person-cluster bootstrap
comparison,HRS,grouped_10fold,acute,change,current_state,,BASE,R3_joint_raw,R3_joint_raw_minus_BASE,RMSE,0.0002813973499213,-0.0045409330210846,0.0051538303164415,0.0024413503353556,1166,,,,,500.0,500.0,paired person-cluster bootstrap
comparison,HRS,grouped_10fold,acute,change,current_state,,BASE,R3_joint_raw,R3_joint_raw_minus_BASE,MAE,0.0008345999003768,-0.0032405300527893,0.0049170705035952,0.0019872328118121,1166,,,,,500.0,500.0,paired person-cluster bootstrap
comparison,HRS,grouped_10fold,acute,change,current_state,,BASE,R3_joint_raw,R3_joint_raw_minus_BASE,predictive_R2,0.0004877648366331,-0.0079289195749239,0.0089656057426077,0.0042423735997685,1166,,,,,500.0,500.0,paired person-cluster bootstrap
comparison,HRS,grouped_10fold,acute,change,current_state,,BASE,R3_joint_raw,R3_joint_raw_minus_BASE,mean_log_predictive_density,7.650823970717369e-05,-0.0054686483811364,0.005635567979226,0.0027720137879357,1166,,,,,500.0,500.0,paired person-cluster bootstrap
comparison,HRS,grouped_10fold,acute,change,current_state,,BASE,R4_acute_residual,R4_acute_residual_minus_BASE,RMSE,0.0025759808042135,-0.0029031740969249,0.0079726090108079,0.0028100921581962,1166,,,,,500.0,500.0,paired person-cluster bootstrap
comparison,HRS,grouped_10fold,acute,change,current_state,,BASE,R4_acute_residual,R4_acute_residual_minus_BASE,MAE,0.0016832176134985,-0.0033253289063004,0.0067300745039448,0.0024940284793893,1166,,,,,500.0,500.0,paired person-cluster bootstrap
comparison,HRS,grouped_10fold,acute,change,current_state,,BASE,R4_acute_residual,R4_acute_residual_minus_BASE,predictive_R2,0.0044595417712406,-0.0049468705862914,0.013968004208624,0.0048865877538407,1166,,,,,500.0,500.0,paired person-cluster bootstrap
comparison,HRS,grouped_10fold,acute,change,current_state,,BASE,R4_acute_residual,R4_acute_residual_minus_BASE,mean_log_predictive_density,0.0025730718210807,-0.0035962589621802,0.0086807069580621,0.0031793970288179,1166,,,,,500.0,500.0,paired person-cluster bootstrap
comparison,HRS,grouped_10fold,acute,change,current_state,,BASE,R4_persistence_residual,R4_persistence_residual_minus_BASE,RMSE,-0.0005369786355886,-0.002186903803921,0.0010393618563189,0.0008528831802826,1166,,,,,500.0,500.0,paired person-cluster bootstrap
comparison,HRS,grouped_10fold,acute,change,current_state,,BASE,R4_persistence_residual,R4_persistence_residual_minus_BASE,MAE,-0.0004734630133631,-0.0016972633509411,0.0007452228808324,0.0006448587380245,1166,,,,,500.0,500.0,paired person-cluster bootstrap
comparison,HRS,grouped_10fold,acute,change,current_state,,BASE,R4_persistence_residual,R4_persistence_residual_minus_BASE,predictive_R2,-0.0009311956670925,-0.0039021478683623,0.0017889381690745,0.0014854275728867,1166,,,,,500.0,500.0,paired person-cluster bootstrap
comparison,HRS,grouped_10fold,acute,change,current_state,,BASE,R4_persistence_residual,R4_persistence_residual_minus_BASE,mean_log_predictive_density,-0.0006039007479838,-0.0024701911089494,0.0011476347832941,0.0009510008834874,1166,,,,,500.0,500.0,paired person-cluster bootstrap
comparison,HRS,grouped_10fold,acute,change,current_state,,BASE,R4_joint_residual,R4_joint_residual_minus_BASE,RMSE,0.0014250928268453,-0.003578798571621,0.006433732592515,0.0025265852399492,1166,,,,,500.0,500.0,paired person-cluster bootstrap
comparison,HRS,grouped_10fold,acute,change,current_state,,BASE,R4_joint_residual,R4_joint_residual_minus_BASE,MAE,0.0006429182071016,-0.0037044755980315,0.0053756479745674,0.0023577643402804,1166,,,,,500.0,500.0,paired person-cluster bootstrap
comparison,HRS,grouped_10fold,acute,change,current_state,,BASE,R4_joint_residual,R4_joint_residual_minus_BASE,predictive_R2,0.0024686705678272,-0.0061120120018034,0.0109358199459541,0.004398306832738,1166,,,,,500.0,500.0,paired person-cluster bootstrap
comparison,HRS,grouped_10fold,acute,change,current_state,,BASE,R4_joint_residual,R4_joint_residual_minus_BASE,mean_log_predictive_density,0.0012685435746306,-0.0042794287968557,0.0069787020577328,0.0028733095863865,1166,,,,,500.0,500.0,paired person-cluster bootstrap
model_metric,HRS,grouped_10fold,acute,ancova_level,ancova_current_state,BASE,,,,RMSE,0.9185420021530304,,,,1166,0.0,0.0,0.0,,,,
model_metric,HRS,grouped_10fold,acute,ancova_level,ancova_current_state,BASE,,,,MAE,0.741343093669634,,,,1166,0.0,0.0,0.0,,,,
model_metric,HRS,grouped_10fold,acute,ancova_level,ancova_current_state,BASE,,,,predictive_R2,0.2588053347842858,,,,1166,0.0,0.0,0.0,,,,
model_metric,HRS,grouped_10fold,acute,ancova_level,ancova_current_state,BASE,,,,mean_log_predictive_density,-1.334729655032682,,,,1166,0.0,0.0,0.0,,,,
model_metric,HRS,grouped_10fold,acute,ancova_level,ancova_current_state,BASE,,,,calibration_intercept,0.0065369607131861,,,,1166,0.0,0.0,0.0,,,,
model_metric,HRS,grouped_10fold,acute,ancova_level,ancova_current_state,BASE,,,,calibration_slope,0.971797553128022,,,,1166,0.0,0.0,0.0,,,,
model_metric,HRS,grouped_10fold,acute,ancova_level,ancova_current_state,R1_prior_acute,,,,RMSE,0.9193390650663182,,,,1166,0.0,0.0,0.0,,,,
model_metric,HRS,grouped_10fold,acute,ancova_level,ancova_current_state,R1_prior_acute,,,,MAE,0.7422591822980289,,,,1166,0.0,0.0,0.0,,,,
model_metric,HRS,grouped_10fold,acute,ancova_level,ancova_current_state,R1_prior_acute,,,,predictive_R2,0.2575184364142304,,,,1166,0.0,0.0,0.0,,,,
model_metric,HRS,grouped_10fold,acute,ancova_level,ancova_current_state,R1_prior_acute,,,,mean_log_predictive_density,-1.335634273672783,,,,1166,0.0,0.0,0.0,,,,
model_metric,HRS,grouped_10fold,acute,ancova_level,ancova_current_state,R1_prior_acute,,,,calibration_intercept,0.0068572331440867,,,,1166,0.0,0.0,0.0,,,,
model_metric,HRS,grouped_10fold,acute,ancova_level,ancova_current_state,R1_prior_acute,,,,calibration_slope,0.9686361840316278,,,,1166,0.0,0.0,0.0,,,,
model_metric,HRS,grouped_10fold,acute,ancova_level,ancova_current_state,R2_prior_persistence,,,,RMSE,0.9167609277035864,,,,1166,0.0,0.0,0.0,,,,
model_metric,HRS,grouped_10fold,acute,ancova_level,ancova_current_state,R2_prior_persistence,,,,MAE,0.7390310581652217,,,,1166,0.0,0.0,0.0,,,,
model_metric,HRS,grouped_10fold,acute,ancova_level,ancova_current_state,R2_prior_persistence,,,,predictive_R2,0.2616769356530563,,,,1166,0.0,0.0,0.0,,,,
model_metric,HRS,grouped_10fold,acute,ancova_level,ancova_current_state,R2_prior_persistence,,,,mean_log_predictive_density,-1.33288787777376,,,,1166,0.0,0.0,0.0,,,,
model_metric,HRS,grouped_10fold,acute,ancova_level,ancova_current_state,R2_prior_persistence,,,,calibration_intercept,0.0067451244440418,,,,1166,0.0,0.0,0.0,,,,
model_metric,HRS,grouped_10fold,acute,ancova_level,ancova_current_state,R2_prior_persistence,,,,calibration_slope,0.9701174395576094,,,,1166,0.0,0.0,0.0,,,,
model_metric,HRS,grouped_10fold,acute,ancova_level,ancova_current_state,R3_joint_raw,,,,RMSE,0.9182606048031092,,,,1166,10.0,100.0,100.0,,,,
model_metric,HRS,grouped_10fold,acute,ancova_level,ancova_current_state,R3_joint_raw,,,,MAE,0.7405084937692576,,,,1166,10.0,100.0,100.0,,,,
model_metric,HRS,grouped_10fold,acute,ancova_level,ancova_current_state,R3_joint_raw,,,,predictive_R2,0.2592593984332165,,,,1166,10.0,100.0,100.0,,,,
model_metric,HRS,grouped_10fold,acute,ancova_level,ancova_current_state,R3_joint_raw,,,,mean_log_predictive_density,-1.334653146792975,,,,1166,10.0,100.0,100.0,,,,
model_metric,HRS,grouped_10fold,acute,ancova_level,ancova_current_state,R3_joint_raw,,,,calibration_intercept,0.0080660427671651,,,,1166,10.0,100.0,100.0,,,,
model_metric,HRS,grouped_10fold,acute,ancova_level,ancova_current_state,R3_joint_raw,,,,calibration_slope,0.9650809694460726,,,,1166,10.0,100.0,100.0,,,,
model_metric,HRS,grouped_10fold,acute,ancova_level,ancova_current_state,R4_acute_residual,,,,RMSE,0.915966021348817,,,,1166,0.0,0.0,0.0,,,,
model_metric,HRS,grouped_10fold,acute,ancova_level,ancova_current_state,R4_acute_residual,,,,MAE,0.7396598760561354,,,,1166,0.0,0.0,0.0,,,,
model_metric,HRS,grouped_10fold,acute,ancova_level,ancova_current_state,R4_acute_residual,,,,predictive_R2,0.26295675296192,,,,1166,0.0,0.0,0.0,,,,
model_metric,HRS,grouped_10fold,acute,ancova_level,ancova_current_state,R4_acute_residual,,,,mean_log_predictive_density,-1.3321565832116014,,,,1166,0.0,0.0,0.0,,,,
model_metric,HRS,grouped_10fold,acute,ancova_level,ancova_current_state,R4_acute_residual,,,,calibration_intercept,0.0074523211143993,,,,1166,0.0,0.0,0.0,,,,
model_metric,HRS,grouped_10fold,acute,ancova_level,ancova_current_state,R4_acute_residual,,,,calibration_slope,0.9668702374919312,,,,1166,0.0,0.0,0.0,,,,
model_metric,HRS,grouped_10fold,acute,ancova_level,ancova_current_state,R4_persistence_residual,,,,RMSE,0.9190789807886192,,,,1166,0.0,0.0,0.0,,,,
model_metric,HRS,grouped_10fold,acute,ancova_level,ancova_current_state,R4_persistence_residual,,,,MAE,0.7418165566829973,,,,1166,0.0,0.0,0.0,,,,
model_metric,HRS,grouped_10fold,acute,ancova_level,ancova_current_state,R4_persistence_residual,,,,predictive_R2,0.2579384783183968,,,,1166,0.0,0.0,0.0,,,,
model_metric,HRS,grouped_10fold,acute,ancova_level,ancova_current_state,R4_persistence_residual,,,,mean_log_predictive_density,-1.335333555780666,,,,1166,0.0,0.0,0.0,,,,
model_metric,HRS,grouped_10fold,acute,ancova_level,ancova_current_state,R4_persistence_residual,,,,calibration_intercept,0.0070464097205218,,,,1166,0.0,0.0,0.0,,,,
model_metric,HRS,grouped_10fold,acute,ancova_level,ancova_current_state,R4_persistence_residual,,,,calibration_slope,0.9692026916973804,,,,1166,0.0,0.0,0.0,,,,
model_metric,HRS,grouped_10fold,acute,ancova_level,ancova_current_state,R4_joint_residual,,,,RMSE,0.9171169093261852,,,,1166,10.0,100.0,100.0,,,,
model_metric,HRS,grouped_10fold,acute,ancova_level,ancova_current_state,R4_joint_residual,,,,MAE,0.7407001754625323,,,,1166,10.0,100.0,100.0,,,,
model_metric,HRS,grouped_10fold,acute,ancova_level,ancova_current_state,R4_joint_residual,,,,predictive_R2,0.2611034372341743,,,,1166,10.0,100.0,100.0,,,,
model_metric,HRS,grouped_10fold,acute,ancova_level,ancova_current_state,R4_joint_residual,,,,mean_log_predictive_density,-1.3334611114580517,,,,1166,10.0,100.0,100.0,,,,
model_metric,HRS,grouped_10fold,acute,ancova_level,ancova_current_state,R4_joint_residual,,,,calibration_intercept,0.0078571583259452,,,,1166,10.0,100.0,100.0,,,,
model_metric,HRS,grouped_10fold,acute,ancova_level,ancova_current_state,R4_joint_residual,,,,calibration_slope,0.9653084603974372,,,,1166,10.0,100.0,100.0,,,,
comparison,HRS,grouped_10fold,acute,ancova_level,ancova_current_state,,BASE,R1_prior_acute,R1_prior_acute_minus_BASE,RMSE,-0.0007970629132877,-0.0018290428596892,0.000245991219868,0.0005316612449144,1166,,,,,500.0,500.0,paired person-cluster bootstrap
comparison,HRS,grouped_10fold,acute,ancova_level,ancova_current_state,,BASE,R1_prior_acute,R1_prior_acute_minus_BASE,MAE,-0.0009160886283948,-0.0018054970272601,8.597295017115018e-06,0.0004833278967815,1166,,,,,500.0,500.0,paired person-cluster bootstrap
comparison,HRS,grouped_10fold,acute,ancova_level,ancova_current_state,,BASE,R1_prior_acute,R1_prior_acute_minus_BASE,predictive_R2,-0.0012868983700553,-0.0028911500726023,0.0004078233719115,0.0008575895224733,1166,,,,,500.0,500.0,paired person-cluster bootstrap
comparison,HRS,grouped_10fold,acute,ancova_level,ancova_current_state,,BASE,R1_prior_acute,R1_prior_acute_minus_BASE,mean_log_predictive_density,-0.0009046186401013,-0.0020678843445786,0.0002754627176544,0.0005958577268179,1166,,,,,500.0,500.0,paired person-cluster bootstrap
comparison,HRS,grouped_10fold,acute,ancova_level,ancova_current_state,,BASE,R2_prior_persistence,R2_prior_persistence_minus_BASE,RMSE,0.0017810744494439,-0.0030326323723687,0.0062116249047517,0.0023864286647387,1166,,,,,500.0,500.0,paired person-cluster bootstrap
comparison,HRS,grouped_10fold,acute,ancova_level,ancova_current_state,,BASE,R2_prior_persistence,R2_prior_persistence_minus_BASE,MAE,0.0023120355044122,-0.0013866532685727,0.0063049712932774,0.0020046425284898,1166,,,,,500.0,500.0,paired person-cluster bootstrap
comparison,HRS,grouped_10fold,acute,ancova_level,ancova_current_state,,BASE,R2_prior_persistence,R2_prior_persistence_minus_BASE,predictive_R2,0.0028716008687704,-0.004942121954076,0.0100551885216023,0.0038584111160598,1166,,,,,500.0,500.0,paired person-cluster bootstrap
comparison,HRS,grouped_10fold,acute,ancova_level,ancova_current_state,,BASE,R2_prior_persistence,R2_prior_persistence_minus_BASE,mean_log_predictive_density,0.0018417772589218,-0.0036926559574705,0.0068088977726626,0.0026830265785969,1166,,,,,500.0,500.0,paired person-cluster bootstrap
comparison,HRS,grouped_10fold,acute,ancova_level,ancova_current_state,,BASE,R3_joint_raw,R3_joint_raw_minus_BASE,RMSE,0.0002813973499211,-0.0048896795915093,0.0050819804833264,0.0025185758637798,1166,,,,,500.0,500.0,paired person-cluster bootstrap
comparison,HRS,grouped_10fold,acute,ancova_level,ancova_current_state,,BASE,R3_joint_raw,R3_joint_raw_minus_BASE,MAE,0.0008345999003763,-0.00296227513048,0.0046273650790216,0.0019674251070117,1166,,,,,500.0,500.0,paired person-cluster bootstrap
comparison,HRS,grouped_10fold,acute,ancova_level,ancova_current_state,,BASE,R3_joint_raw,R3_joint_raw_minus_BASE,predictive_R2,0.0004540636489307,-0.0079095500771254,0.0080906659282956,0.0040615628284716,1166,,,,,500.0,500.0,paired person-cluster bootstrap
comparison,HRS,grouped_10fold,acute,ancova_level,ancova_current_state,,BASE,R3_joint_raw,R3_joint_raw_minus_BASE,mean_log_predictive_density,7.650823970695164e-05,-0.0059465533217854,0.0055028328484613,0.0028585018378762,1166,,,,,500.0,500.0,paired person-cluster bootstrap
comparison,HRS,grouped_10fold,acute,ancova_level,ancova_current_state,,BASE,R4_acute_residual,R4_acute_residual_minus_BASE,RMSE,0.0025759808042135,-0.0023833445605651,0.0079701096599193,0.0027954822739928,1166,,,,,500.0,500.0,paired person-cluster bootstrap
comparison,HRS,grouped_10fold,acute,ancova_level,ancova_current_state,,BASE,R4_acute_residual,R4_acute_residual_minus_BASE,MAE,0.0016832176134986,-0.0028470130649489,0.0064815926981207,0.0025006010181157,1166,,,,,500.0,500.0,paired person-cluster bootstrap
comparison,HRS,grouped_10fold,acute,ancova_level,ancova_current_state,,BASE,R4_acute_residual,R4_acute_residual_minus_BASE,predictive_R2,0.0041514181776342,-0.003930027725385,0.0129242563863562,0.0045135280661569,1166,,,,,500.0,500.0,paired person-cluster bootstrap
comparison,HRS,grouped_10fold,acute,ancova_level,ancova_current_state,,BASE,R4_acute_residual,R4_acute_residual_minus_BASE,mean_log_predictive_density,0.0025730718210805,-0.0030092313621553,0.0087079466531157,0.0031725048746055,1166,,,,,500.0,500.0,paired person-cluster bootstrap
comparison,HRS,grouped_10fold,acute,ancova_level,ancova_current_state,,BASE,R4_persistence_residual,R4_persistence_residual_minus_BASE,RMSE,-0.0005369786355886,-0.0022011269017643,0.001003101857604,0.0008410820889969,1166,,,,,500.0,500.0,paired person-cluster bootstrap
comparison,HRS,grouped_10fold,acute,ancova_level,ancova_current_state,,BASE,R4_persistence_residual,R4_persistence_residual_minus_BASE,MAE,-0.0004734630133632,-0.0017798890003802,0.0007748808829812,0.0006913886145635,1166,,,,,500.0,500.0,paired person-cluster bootstrap
comparison,HRS,grouped_10fold,acute,ancova_level,ancova_current_state,,BASE,R4_persistence_residual,R4_persistence_residual_minus_BASE,predictive_R2,-0.000866856465889,-0.0035261597357193,0.001616404669991,0.0013658183201451,1166,,,,,500.0,500.0,paired person-cluster bootstrap
comparison,HRS,grouped_10fold,acute,ancova_level,ancova_current_state,,BASE,R4_persistence_residual,R4_persistence_residual_minus_BASE,mean_log_predictive_density,-0.0006039007479841,-0.0024488540644615,0.0011041958968133,0.0009362557954684,1166,,,,,500.0,500.0,paired person-cluster bootstrap
comparison,HRS,grouped_10fold,acute,ancova_level,ancova_current_state,,BASE,R4_joint_residual,R4_joint_residual_minus_BASE,RMSE,0.0014250928268452,-0.0037983509008693,0.0063696239596247,0.0025310426464108,1166,,,,,500.0,500.0,paired person-cluster bootstrap
comparison,HRS,grouped_10fold,acute,ancova_level,ancova_current_state,,BASE,R4_joint_residual,R4_joint_residual_minus_BASE,MAE,0.0006429182071017,-0.0037358638439899,0.0048115223134442,0.0022079733537602,1166,,,,,500.0,500.0,paired person-cluster bootstrap
comparison,HRS,grouped_10fold,acute,ancova_level,ancova_current_state,,BASE,R4_joint_residual,R4_joint_residual_minus_BASE,predictive_R2,0.0022981024498884,-0.0060430682107631,0.0102084217228414,0.0040762599693087,1166,,,,,500.0,500.0,paired person-cluster bootstrap
comparison,HRS,grouped_10fold,acute,ancova_level,ancova_current_state,,BASE,R4_joint_residual,R4_joint_residual_minus_BASE,mean_log_predictive_density,0.0012685435746304,-0.0047210561365812,0.0068742838313917,0.0028710516783444,1166,,,,,500.0,500.0,paired person-cluster bootstrap
model_metric,HRS,grouped_10fold,persistence,change,context,BASE,,,,RMSE,0.994095266181463,,,,1166,0.0,0.0,0.0,,,,
model_metric,HRS,grouped_10fold,persistence,change,context,BASE,,,,MAE,0.7194066444423826,,,,1166,0.0,0.0,0.0,,,,
model_metric,HRS,grouped_10fold,persistence,change,context,BASE,,,,predictive_R2,0.004231589164687,,,,1166,0.0,0.0,0.0,,,,
model_metric,HRS,grouped_10fold,persistence,change,context,BASE,,,,mean_log_predictive_density,-1.4139570163546031,,,,1166,0.0,0.0,0.0,,,,
model_metric,HRS,grouped_10fold,persistence,change,context,BASE,,,,calibration_intercept,0.0292406789047642,,,,1166,0.0,0.0,0.0,,,,
model_metric,HRS,grouped_10fold,persistence,change,context,BASE,,,,calibration_slope,0.622661415160196,,,,1166,0.0,0.0,0.0,,,,
model_metric,HRS,grouped_10fold,persistence,change,context,R1_prior_acute,,,,RMSE,0.9946911450949628,,,,1166,0.0,0.0,0.0,,,,
model_metric,HRS,grouped_10fold,persistence,change,context,R1_prior_acute,,,,MAE,0.7210785267448024,,,,1166,0.0,0.0,0.0,,,,
model_metric,HRS,grouped_10fold,persistence,change,context,R1_prior_acute,,,,predictive_R2,0.0030374677286737,,,,1166,0.0,0.0,0.0,,,,
model_metric,HRS,grouped_10fold,persistence,change,context,R1_prior_acute,,,,mean_log_predictive_density,-1.4146213231682645,,,,1166,0.0,0.0,0.0,,,,
model_metric,HRS,grouped_10fold,persistence,change,context,R1_prior_acute,,,,calibration_intercept,0.0329123234450813,,,,1166,0.0,0.0,0.0,,,,
model_metric,HRS,grouped_10fold,persistence,change,context,R1_prior_acute,,,,calibration_slope,0.5764524684792364,,,,1166,0.0,0.0,0.0,,,,
model_metric,HRS,grouped_10fold,persistence,change,context,R2_prior_persistence,,,,RMSE,0.9754443285990234,,,,1166,0.0,0.0,0.0,,,,
model_metric,HRS,grouped_10fold,persistence,change,context,R2_prior_persistence,,,,MAE,0.7163713683634542,,,,1166,0.0,0.0,0.0,,,,
model_metric,HRS,grouped_10fold,persistence,change,context,R2_prior_persistence,,,,predictive_R2,0.0412457338450176,,,,1166,0.0,0.0,0.0,,,,
model_metric,HRS,grouped_10fold,persistence,change,context,R2_prior_persistence,,,,mean_log_predictive_density,-1.3953914971552657,,,,1166,0.0,0.0,0.0,,,,
model_metric,HRS,grouped_10fold,persistence,change,context,R2_prior_persistence,,,,calibration_intercept,0.0106047978377868,,,,1166,0.0,0.0,0.0,,,,
model_metric,HRS,grouped_10fold,persistence,change,context,R2_prior_persistence,,,,calibration_slope,0.8630456762855874,,,,1166,0.0,0.0,0.0,,,,
model_metric,HRS,grouped_10fold,persistence,change,context,R3_joint_raw,,,,RMSE,0.9747140462626214,,,,1166,0.0,10.0,100.0,,,,
model_metric,HRS,grouped_10fold,persistence,change,context,R3_joint_raw,,,,MAE,0.7160311845261651,,,,1166,0.0,10.0,100.0,,,,
model_metric,HRS,grouped_10fold,persistence,change,context,R3_joint_raw,,,,predictive_R2,0.0426807705588543,,,,1166,0.0,10.0,100.0,,,,
model_metric,HRS,grouped_10fold,persistence,change,context,R3_joint_raw,,,,mean_log_predictive_density,-1.3946824714399462,,,,1166,0.0,10.0,100.0,,,,
model_metric,HRS,grouped_10fold,persistence,change,context,R3_joint_raw,,,,calibration_intercept,0.011382428893334,,,,1166,0.0,10.0,100.0,,,,
model_metric,HRS,grouped_10fold,persistence,change,context,R3_joint_raw,,,,calibration_slope,0.8593567810132056,,,,1166,0.0,10.0,100.0,,,,
model_metric,HRS,grouped_10fold,persistence,change,context,R4_acute_residual,,,,RMSE,0.9942295202882252,,,,1166,0.0,0.0,0.0,,,,
model_metric,HRS,grouped_10fold,persistence,change,context,R4_acute_residual,,,,MAE,0.7222855996196588,,,,1166,0.0,0.0,0.0,,,,
model_metric,HRS,grouped_10fold,persistence,change,context,R4_acute_residual,,,,predictive_R2,0.0039626108678628,,,,1166,0.0,0.0,0.0,,,,
model_metric,HRS,grouped_10fold,persistence,change,context,R4_acute_residual,,,,mean_log_predictive_density,-1.4141083225331246,,,,1166,0.0,0.0,0.0,,,,
model_metric,HRS,grouped_10fold,persistence,change,context,R4_acute_residual,,,,calibration_intercept,0.0320509307635975,,,,1166,0.0,0.0,0.0,,,,
model_metric,HRS,grouped_10fold,persistence,change,context,R4_acute_residual,,,,calibration_slope,0.589102374316914,,,,1166,0.0,0.0,0.0,,,,
model_metric,HRS,grouped_10fold,persistence,change,context,R4_persistence_residual,,,,RMSE,0.9675160513946706,,,,1166,0.0,0.0,0.0,,,,
model_metric,HRS,grouped_10fold,persistence,change,context,R4_persistence_residual,,,,MAE,0.7178947939411637,,,,1166,0.0,0.0,0.0,,,,
model_metric,HRS,grouped_10fold,persistence,change,context,R4_persistence_residual,,,,predictive_R2,0.0567676418301684,,,,1166,0.0,0.0,0.0,,,,
model_metric,HRS,grouped_10fold,persistence,change,context,R4_persistence_residual,,,,mean_log_predictive_density,-1.3871078438333493,,,,1166,0.0,0.0,0.0,,,,
model_metric,HRS,grouped_10fold,persistence,change,context,R4_persistence_residual,,,,calibration_intercept,0.009022725705844,,,,1166,0.0,0.0,0.0,,,,
model_metric,HRS,grouped_10fold,persistence,change,context,R4_persistence_residual,,,,calibration_slope,0.8844087661907353,,,,1166,0.0,0.0,0.0,,,,
model_metric,HRS,grouped_10fold,persistence,change,context,R4_joint_residual,,,,RMSE,0.9693491411725846,,,,1166,0.0,10.0,100.0,,,,
model_metric,HRS,grouped_10fold,persistence,change,context,R4_joint_residual,,,,MAE,0.7180264858346951,,,,1166,0.0,10.0,100.0,,,,
model_metric,HRS,grouped_10fold,persistence,change,context,R4_joint_residual,,,,predictive_R2,0.0531900938784627,,,,1166,0.0,10.0,100.0,,,,
model_metric,HRS,grouped_10fold,persistence,change,context,R4_joint_residual,,,,mean_log_predictive_density,-1.389049193862635,,,,1166,0.0,10.0,100.0,,,,
model_metric,HRS,grouped_10fold,persistence,change,context,R4_joint_residual,,,,calibration_intercept,0.0103097154470474,,,,1166,0.0,10.0,100.0,,,,
model_metric,HRS,grouped_10fold,persistence,change,context,R4_joint_residual,,,,calibration_slope,0.873924903676391,,,,1166,0.0,10.0,100.0,,,,
comparison,HRS,grouped_10fold,persistence,change,context,,BASE,R1_prior_acute,R1_prior_acute_minus_BASE,RMSE,-0.0005958789134998,-0.0043095005707517,0.0032911781611484,0.0018965612622691,1166,,,,,500.0,500.0,paired person-cluster bootstrap
comparison,HRS,grouped_10fold,persistence,change,context,,BASE,R1_prior_acute,R1_prior_acute_minus_BASE,MAE,-0.0016718823024198,-0.0046037538851079,0.0014352209896494,0.001494189392309,1166,,,,,500.0,500.0,paired person-cluster bootstrap
comparison,HRS,grouped_10fold,persistence,change,context,,BASE,R1_prior_acute,R1_prior_acute_minus_BASE,predictive_R2,-0.0011941214360132,-0.0086617903990143,0.0066061711636233,0.0038137022337785,1166,,,,,500.0,500.0,paired person-cluster bootstrap
comparison,HRS,grouped_10fold,persistence,change,context,,BASE,R1_prior_acute,R1_prior_acute_minus_BASE,mean_log_predictive_density,-0.0006643068136613,-0.0045315081979928,0.0033369247497315,0.0019520100483811,1166,,,,,500.0,500.0,paired person-cluster bootstrap
comparison,HRS,grouped_10fold,persistence,change,context,,BASE,R2_prior_persistence,R2_prior_persistence_minus_BASE,RMSE,0.0186509375824396,0.0041895597565688,0.0327187101136293,0.0074055875151881,1166,,,,,500.0,500.0,paired person-cluster bootstrap
comparison,HRS,grouped_10fold,persistence,change,context,,BASE,R2_prior_persistence,R2_prior_persistence_minus_BASE,MAE,0.0030352760789283,-0.0082661700096008,0.0140290476644887,0.005887245522219,1166,,,,,500.0,500.0,paired person-cluster bootstrap
comparison,HRS,grouped_10fold,persistence,change,context,,BASE,R2_prior_persistence,R2_prior_persistence_minus_BASE,predictive_R2,0.0370141446803305,0.0083761774801472,0.0632912507209723,0.0143810799475457,1166,,,,,500.0,500.0,paired person-cluster bootstrap
comparison,HRS,grouped_10fold,persistence,change,context,,BASE,R2_prior_persistence,R2_prior_persistence_minus_BASE,mean_log_predictive_density,0.0185655191993374,0.00365363074594,0.0330205795538239,0.0077071884910748,1166,,,,,500.0,500.0,paired person-cluster bootstrap
comparison,HRS,grouped_10fold,persistence,change,context,,BASE,R3_joint_raw,R3_joint_raw_minus_BASE,RMSE,0.0193812199188416,0.0064808049106934,0.0330156963426839,0.0071173084384332,1166,,,,,500.0,500.0,paired person-cluster bootstrap
comparison,HRS,grouped_10fold,persistence,change,context,,BASE,R3_joint_raw,R3_joint_raw_minus_BASE,MAE,0.0033754599162174,-0.0076943403166358,0.0151346200991052,0.0057534608316753,1166,,,,,500.0,500.0,paired person-cluster bootstrap
comparison,HRS,grouped_10fold,persistence,change,context,,BASE,R3_joint_raw,R3_joint_raw_minus_BASE,predictive_R2,0.0384491813941673,0.0127718791478458,0.0643560120583885,0.0137992010835177,1166,,,,,500.0,500.0,paired person-cluster bootstrap
comparison,HRS,grouped_10fold,persistence,change,context,,BASE,R3_joint_raw,R3_joint_raw_minus_BASE,mean_log_predictive_density,0.0192745449146569,0.0052762506347893,0.0333542124196804,0.0074058643594734,1166,,,,,500.0,500.0,paired person-cluster bootstrap
comparison,HRS,grouped_10fold,persistence,change,context,,BASE,R4_acute_residual,R4_acute_residual_minus_BASE,RMSE,-0.000134254106762,-0.0049644523884243,0.0044326916383799,0.002460708218341,1166,,,,,500.0,500.0,paired person-cluster bootstrap
comparison,HRS,grouped_10fold,persistence,change,context,,BASE,R4_acute_residual,R4_acute_residual_minus_BASE,MAE,-0.0028789551772762,-0.0069148761541762,0.0012930460794042,0.0020004311017902,1166,,,,,500.0,500.0,paired person-cluster bootstrap
comparison,HRS,grouped_10fold,persistence,change,context,,BASE,R4_acute_residual,R4_acute_residual_minus_BASE,predictive_R2,-0.0002689782968241,-0.0101715425688274,0.008930901843519,0.0049428002076256,1166,,,,,500.0,500.0,paired person-cluster bootstrap
comparison,HRS,grouped_10fold,persistence,change,context,,BASE,R4_acute_residual,R4_acute_residual_minus_BASE,mean_log_predictive_density,-0.0001513061785214,-0.005083433425331,0.0045541248880664,0.0025333963299673,1166,,,,,500.0,500.0,paired person-cluster bootstrap
comparison,HRS,grouped_10fold,persistence,change,context,,BASE,R4_persistence_residual,R4_persistence_residual_minus_BASE,RMSE,0.0265792147867924,0.0082997483365094,0.0406797645411415,0.0079246901039242,1166,,,,,500.0,500.0,paired person-cluster bootstrap
comparison,HRS,grouped_10fold,persistence,change,context,,BASE,R4_persistence_residual,R4_persistence_residual_minus_BASE,MAE,0.0015118505012188,-0.0115960606707477,0.0131473002466946,0.0066218484486803,1166,,,,,500.0,500.0,paired person-cluster bootstrap
comparison,HRS,grouped_10fold,persistence,change,context,,BASE,R4_persistence_residual,R4_persistence_residual_minus_BASE,predictive_R2,0.0525360526654814,0.0167256908146289,0.0787758302254695,0.0151642700914804,1166,,,,,500.0,500.0,paired person-cluster bootstrap
comparison,HRS,grouped_10fold,persistence,change,context,,BASE,R4_persistence_residual,R4_persistence_residual_minus_BASE,mean_log_predictive_density,0.0268491725212538,0.0074273765651337,0.0413659039516524,0.0082375051970745,1166,,,,,500.0,500.0,paired person-cluster bootstrap
comparison,HRS,grouped_10fold,persistence,change,context,,BASE,R4_joint_residual,R4_joint_residual_minus_BASE,RMSE,0.0247461250088784,0.0081960836064307,0.0402212713072349,0.0083755697329241,1166,,,,,500.0,500.0,paired person-cluster bootstrap
comparison,HRS,grouped_10fold,persistence,change,context,,BASE,R4_joint_residual,R4_joint_residual_minus_BASE,MAE,0.0013801586076874,-0.0121359380782666,0.0133427296534961,0.006295005519124,1166,,,,,500.0,500.0,paired person-cluster bootstrap
comparison,HRS,grouped_10fold,persistence,change,context,,BASE,R4_joint_residual,R4_joint_residual_minus_BASE,predictive_R2,0.0489585047137757,0.0167048978545999,0.0777172094800817,0.0161612496646037,1166,,,,,500.0,500.0,paired person-cluster bootstrap
comparison,HRS,grouped_10fold,persistence,change,context,,BASE,R4_joint_residual,R4_joint_residual_minus_BASE,mean_log_predictive_density,0.0249078224919681,0.006997584546048,0.0406784191079311,0.008704310506253,1166,,,,,500.0,500.0,paired person-cluster bootstrap
model_metric,HRS,grouped_10fold,persistence,change,current_state,BASE,,,,RMSE,0.8707930922133786,,,,1166,0.0,0.0,0.0,,,,
model_metric,HRS,grouped_10fold,persistence,change,current_state,BASE,,,,MAE,0.68966177366552,,,,1166,0.0,0.0,0.0,,,,
model_metric,HRS,grouped_10fold,persistence,change,current_state,BASE,,,,predictive_R2,0.2359315205041129,,,,1166,0.0,0.0,0.0,,,,
model_metric,HRS,grouped_10fold,persistence,change,current_state,BASE,,,,mean_log_predictive_density,-1.2814202747594838,,,,1166,0.0,0.0,0.0,,,,
model_metric,HRS,grouped_10fold,persistence,change,current_state,BASE,,,,calibration_intercept,0.0036779738498812,,,,1166,0.0,0.0,0.0,,,,
model_metric,HRS,grouped_10fold,persistence,change,current_state,BASE,,,,calibration_slope,0.9635593747687335,,,,1166,0.0,0.0,0.0,,,,
model_metric,HRS,grouped_10fold,persistence,change,current_state,R1_prior_acute,,,,RMSE,0.872223266227127,,,,1166,0.0,0.0,0.0,,,,
model_metric,HRS,grouped_10fold,persistence,change,current_state,R1_prior_acute,,,,MAE,0.6908713690789502,,,,1166,0.0,0.0,0.0,,,,
model_metric,HRS,grouped_10fold,persistence,change,current_state,R1_prior_acute,,,,predictive_R2,0.2334196764150553,,,,1166,0.0,0.0,0.0,,,,
model_metric,HRS,grouped_10fold,persistence,change,current_state,R1_prior_acute,,,,mean_log_predictive_density,-1.2830951773831614,,,,1166,0.0,0.0,0.0,,,,
model_metric,HRS,grouped_10fold,persistence,change,current_state,R1_prior_acute,,,,calibration_intercept,0.0042832508044414,,,,1166,0.0,0.0,0.0,,,,
model_metric,HRS,grouped_10fold,persistence,change,current_state,R1_prior_acute,,,,calibration_slope,0.9588998238107485,,,,1166,0.0,0.0,0.0,,,,
model_metric,HRS,grouped_10fold,persistence,change,current_state,R2_prior_persistence,,,,RMSE,0.8696486799444103,,,,1166,0.0,0.0,0.0,,,,
model_metric,HRS,grouped_10fold,persistence,change,current_state,R2_prior_persistence,,,,MAE,0.6876296603541303,,,,1166,0.0,0.0,0.0,,,,
model_metric,HRS,grouped_10fold,persistence,change,current_state,R2_prior_persistence,,,,predictive_R2,0.2379385064751209,,,,1166,0.0,0.0,0.0,,,,
model_metric,HRS,grouped_10fold,persistence,change,current_state,R2_prior_persistence,,,,mean_log_predictive_density,-1.2801829368138746,,,,1166,0.0,0.0,0.0,,,,
model_metric,HRS,grouped_10fold,persistence,change,current_state,R2_prior_persistence,,,,calibration_intercept,0.003738018198867,,,,1166,0.0,0.0,0.0,,,,
model_metric,HRS,grouped_10fold,persistence,change,current_state,R2_prior_persistence,,,,calibration_slope,0.9602043547471932,,,,1166,0.0,0.0,0.0,,,,
model_metric,HRS,grouped_10fold,persistence,change,current_state,R3_joint_raw,,,,RMSE,0.8693502794840653,,,,1166,0.0,100.0,100.0,,,,
model_metric,HRS,grouped_10fold,persistence,change,current_state,R3_joint_raw,,,,MAE,0.6878271607440318,,,,1166,0.0,100.0,100.0,,,,
model_metric,HRS,grouped_10fold,persistence,change,current_state,R3_joint_raw,,,,predictive_R2,0.23846138540819,,,,1166,0.0,100.0,100.0,,,,
model_metric,HRS,grouped_10fold,persistence,change,current_state,R3_joint_raw,,,,mean_log_predictive_density,-1.279832918660722,,,,1166,0.0,100.0,100.0,,,,
model_metric,HRS,grouped_10fold,persistence,change,current_state,R3_joint_raw,,,,calibration_intercept,0.0039640177111768,,,,1166,0.0,100.0,100.0,,,,
model_metric,HRS,grouped_10fold,persistence,change,current_state,R3_joint_raw,,,,calibration_slope,0.958861546160158,,,,1166,0.0,100.0,100.0,,,,
model_metric,HRS,grouped_10fold,persistence,change,current_state,R4_acute_residual,,,,RMSE,0.8675105202249158,,,,1166,0.0,0.0,0.0,,,,
model_metric,HRS,grouped_10fold,persistence,change,current_state,R4_acute_residual,,,,MAE,0.6875551047684136,,,,1166,0.0,0.0,0.0,,,,
model_metric,HRS,grouped_10fold,persistence,change,current_state,R4_acute_residual,,,,predictive_R2,0.2416811813165658,,,,1166,0.0,0.0,0.0,,,,
model_metric,HRS,grouped_10fold,persistence,change,current_state,R4_acute_residual,,,,mean_log_predictive_density,-1.2776922311309695,,,,1166,0.0,0.0,0.0,,,,
model_metric,HRS,grouped_10fold,persistence,change,current_state,R4_acute_residual,,,,calibration_intercept,0.0043413255938133,,,,1166,0.0,0.0,0.0,,,,
model_metric,HRS,grouped_10fold,persistence,change,current_state,R4_acute_residual,,,,calibration_slope,0.9588375262025444,,,,1166,0.0,0.0,0.0,,,,
model_metric,HRS,grouped_10fold,persistence,change,current_state,R4_persistence_residual,,,,RMSE,0.8719870853300655,,,,1166,0.0,0.0,0.0,,,,
model_metric,HRS,grouped_10fold,persistence,change,current_state,R4_persistence_residual,,,,MAE,0.690516242534235,,,,1166,0.0,0.0,0.0,,,,
model_metric,HRS,grouped_10fold,persistence,change,current_state,R4_persistence_residual,,,,predictive_R2,0.2338347699418947,,,,1166,0.0,0.0,0.0,,,,
model_metric,HRS,grouped_10fold,persistence,change,current_state,R4_persistence_residual,,,,mean_log_predictive_density,-1.2828218125049469,,,,1166,0.0,0.0,0.0,,,,
model_metric,HRS,grouped_10fold,persistence,change,current_state,R4_persistence_residual,,,,calibration_intercept,0.0037150535936771,,,,1166,0.0,0.0,0.0,,,,
model_metric,HRS,grouped_10fold,persistence,change,current_state,R4_persistence_residual,,,,calibration_slope,0.9596631319763732,,,,1166,0.0,0.0,0.0,,,,
model_metric,HRS,grouped_10fold,persistence,change,current_state,R4_joint_residual,,,,RMSE,0.8679834539797082,,,,1166,100.0,100.0,100.0,,,,
model_metric,HRS,grouped_10fold,persistence,change,current_state,R4_joint_residual,,,,MAE,0.6879978994851972,,,,1166,100.0,100.0,100.0,,,,
model_metric,HRS,grouped_10fold,persistence,change,current_state,R4_joint_residual,,,,predictive_R2,0.2408541427623308,,,,1166,100.0,100.0,100.0,,,,
model_metric,HRS,grouped_10fold,persistence,change,current_state,R4_joint_residual,,,,mean_log_predictive_density,-1.2782427661830396,,,,1166,100.0,100.0,100.0,,,,
model_metric,HRS,grouped_10fold,persistence,change,current_state,R4_joint_residual,,,,calibration_intercept,0.0038511894514259,,,,1166,100.0,100.0,100.0,,,,
model_metric,HRS,grouped_10fold,persistence,change,current_state,R4_joint_residual,,,,calibration_slope,0.9606919144791578,,,,1166,100.0,100.0,100.0,,,,
comparison,HRS,grouped_10fold,persistence,change,current_state,,BASE,R1_prior_acute,R1_prior_acute_minus_BASE,RMSE,-0.0014301740137483,-0.0024921801483748,-0.0004367978884733,0.000504928388955,1166,,,,,500.0,500.0,paired person-cluster bootstrap
comparison,HRS,grouped_10fold,persistence,change,current_state,,BASE,R1_prior_acute,R1_prior_acute_minus_BASE,MAE,-0.0012095954134302,-0.0022043857280888,-0.0003759286034068,0.0004724397919865,1166,,,,,500.0,500.0,paired person-cluster bootstrap
comparison,HRS,grouped_10fold,persistence,change,current_state,,BASE,R1_prior_acute,R1_prior_acute_minus_BASE,predictive_R2,-0.0025118440890575,-0.0043186842668017,-0.0008010310149197,0.0008693808075343,1166,,,,,500.0,500.0,paired person-cluster bootstrap
comparison,HRS,grouped_10fold,persistence,change,current_state,,BASE,R1_prior_acute,R1_prior_acute_minus_BASE,mean_log_predictive_density,-0.0016749026236775,-0.0029528040991827,-0.0005076037454559,0.0006019136963708,1166,,,,,500.0,500.0,paired person-cluster bootstrap
comparison,HRS,grouped_10fold,persistence,change,current_state,,BASE,R2_prior_persistence,R2_prior_persistence_minus_BASE,RMSE,0.0011444122689683,-0.0030876687991364,0.005725233441389,0.0022540604809141,1166,,,,,500.0,500.0,paired person-cluster bootstrap
comparison,HRS,grouped_10fold,persistence,change,current_state,,BASE,R2_prior_persistence,R2_prior_persistence_minus_BASE,MAE,0.0020321133113896,-0.0012059901367312,0.00603110747794,0.0018694067942789,1166,,,,,500.0,500.0,paired person-cluster bootstrap
comparison,HRS,grouped_10fold,persistence,change,current_state,,BASE,R2_prior_persistence,R2_prior_persistence_minus_BASE,predictive_R2,0.002006985971008,-0.0054385923360377,0.0099010814613367,0.0039627500786062,1166,,,,,500.0,500.0,paired person-cluster bootstrap
comparison,HRS,grouped_10fold,persistence,change,current_state,,BASE,R2_prior_persistence,R2_prior_persistence_minus_BASE,mean_log_predictive_density,0.0012373379456092,-0.0037399699216258,0.006625640967985,0.002663116564922,1166,,,,,500.0,500.0,paired person-cluster bootstrap
comparison,HRS,grouped_10fold,persistence,change,current_state,,BASE,R3_joint_raw,R3_joint_raw_minus_BASE,RMSE,0.0014428127293133,-0.0028522013774435,0.0065196345772203,0.0024321840286457,1166,,,,,500.0,500.0,paired person-cluster bootstrap
comparison,HRS,grouped_10fold,persistence,change,current_state,,BASE,R3_joint_raw,R3_joint_raw_minus_BASE,MAE,0.0018346129214881,-0.0022638321585898,0.0060268321808346,0.002119614831619,1166,,,,,500.0,500.0,paired person-cluster bootstrap
comparison,HRS,grouped_10fold,persistence,change,current_state,,BASE,R3_joint_raw,R3_joint_raw_minus_BASE,predictive_R2,0.0025298649040771,-0.005012751731078,0.011645939726398,0.0042695811244024,1166,,,,,500.0,500.0,paired person-cluster bootstrap
comparison,HRS,grouped_10fold,persistence,change,current_state,,BASE,R3_joint_raw,R3_joint_raw_minus_BASE,mean_log_predictive_density,0.0015873560987618,-0.0035642407582163,0.0076980823155662,0.0029039062823123,1166,,,,,500.0,500.0,paired person-cluster bootstrap
comparison,HRS,grouped_10fold,persistence,change,current_state,,BASE,R4_acute_residual,R4_acute_residual_minus_BASE,RMSE,0.0032825719884628,-0.0024959213298954,0.0089261643192056,0.0029892907158823,1166,,,,,500.0,500.0,paired person-cluster bootstrap
comparison,HRS,grouped_10fold,persistence,change,current_state,,BASE,R4_acute_residual,R4_acute_residual_minus_BASE,MAE,0.0021066688971063,-0.0030244893487845,0.0072719319186529,0.002672962390849,1166,,,,,500.0,500.0,paired person-cluster bootstrap
comparison,HRS,grouped_10fold,persistence,change,current_state,,BASE,R4_acute_residual,R4_acute_residual_minus_BASE,predictive_R2,0.0057496608124528,-0.004407308859659,0.0160003120481601,0.0052464698966318,1166,,,,,500.0,500.0,paired person-cluster bootstrap
comparison,HRS,grouped_10fold,persistence,change,current_state,,BASE,R4_acute_residual,R4_acute_residual_minus_BASE,mean_log_predictive_density,0.003728043628514,-0.0033479950546198,0.010523859316652,0.0035595364993614,1166,,,,,500.0,500.0,paired person-cluster bootstrap
comparison,HRS,grouped_10fold,persistence,change,current_state,,BASE,R4_persistence_residual,R4_persistence_residual_minus_BASE,RMSE,-0.0011939931166868,-0.0020054188452778,-0.0004194402544996,0.000412361668352,1166,,,,,500.0,500.0,paired person-cluster bootstrap
comparison,HRS,grouped_10fold,persistence,change,current_state,,BASE,R4_persistence_residual,R4_persistence_residual_minus_BASE,MAE,-0.000854468868715,-0.0015998207636704,-0.0001069204165202,0.0003822339616641,1166,,,,,500.0,500.0,paired person-cluster bootstrap
comparison,HRS,grouped_10fold,persistence,change,current_state,,BASE,R4_persistence_residual,R4_persistence_residual_minus_BASE,predictive_R2,-0.0020967505622181,-0.0034933003300967,-0.0007267346553864,0.0007117472700441,1166,,,,,500.0,500.0,paired person-cluster bootstrap
comparison,HRS,grouped_10fold,persistence,change,current_state,,BASE,R4_persistence_residual,R4_persistence_residual_minus_BASE,mean_log_predictive_density,-0.001401537745463,-0.0023699907286558,-0.0004901384604283,0.0004903222298584,1166,,,,,500.0,500.0,paired person-cluster bootstrap
comparison,HRS,grouped_10fold,persistence,change,current_state,,BASE,R4_joint_residual,R4_joint_residual_minus_BASE,RMSE,0.0028096382336704,-0.002792884782857,0.0083181564195043,0.0029194744563763,1166,,,,,500.0,500.0,paired person-cluster bootstrap
comparison,HRS,grouped_10fold,persistence,change,current_state,,BASE,R4_joint_residual,R4_joint_residual_minus_BASE,MAE,0.0016638741803227,-0.0032271239892712,0.0060346447623408,0.0024389065463673,1166,,,,,500.0,500.0,paired person-cluster bootstrap
comparison,HRS,grouped_10fold,persistence,change,current_state,,BASE,R4_joint_residual,R4_joint_residual_minus_BASE,predictive_R2,0.0049226222582179,-0.0049810904777779,0.0148092580970584,0.0051457096723229,1166,,,,,500.0,500.0,paired person-cluster bootstrap
comparison,HRS,grouped_10fold,persistence,change,current_state,,BASE,R4_joint_residual,R4_joint_residual_minus_BASE,mean_log_predictive_density,0.0031775085764442,-0.0038761992038222,0.0096737393654248,0.0034960048422866,1166,,,,,500.0,500.0,paired person-cluster bootstrap
model_metric,HRS,grouped_10fold,persistence,ancova_level,ancova_current_state,BASE,,,,RMSE,0.8707930922133786,,,,1166,0.0,0.0,0.0,,,,
model_metric,HRS,grouped_10fold,persistence,ancova_level,ancova_current_state,BASE,,,,MAE,0.68966177366552,,,,1166,0.0,0.0,0.0,,,,
model_metric,HRS,grouped_10fold,persistence,ancova_level,ancova_current_state,BASE,,,,predictive_R2,0.2704864363165573,,,,1166,0.0,0.0,0.0,,,,
model_metric,HRS,grouped_10fold,persistence,ancova_level,ancova_current_state,BASE,,,,mean_log_predictive_density,-1.2814202747594838,,,,1166,0.0,0.0,0.0,,,,
model_metric,HRS,grouped_10fold,persistence,ancova_level,ancova_current_state,BASE,,,,calibration_intercept,0.0025992170262877,,,,1166,0.0,0.0,0.0,,,,
model_metric,HRS,grouped_10fold,persistence,ancova_level,ancova_current_state,BASE,,,,calibration_slope,0.983015858101706,,,,1166,0.0,0.0,0.0,,,,
model_metric,HRS,grouped_10fold,persistence,ancova_level,ancova_current_state,R1_prior_acute,,,,RMSE,0.8722232662271271,,,,1166,0.0,0.0,0.0,,,,
model_metric,HRS,grouped_10fold,persistence,ancova_level,ancova_current_state,R1_prior_acute,,,,MAE,0.6908713690789502,,,,1166,0.0,0.0,0.0,,,,
model_metric,HRS,grouped_10fold,persistence,ancova_level,ancova_current_state,R1_prior_acute,,,,predictive_R2,0.2680881901095752,,,,1166,0.0,0.0,0.0,,,,
model_metric,HRS,grouped_10fold,persistence,ancova_level,ancova_current_state,R1_prior_acute,,,,mean_log_predictive_density,-1.2830951773831614,,,,1166,0.0,0.0,0.0,,,,
model_metric,HRS,grouped_10fold,persistence,ancova_level,ancova_current_state,R1_prior_acute,,,,calibration_intercept,0.0033002207110621,,,,1166,0.0,0.0,0.0,,,,
model_metric,HRS,grouped_10fold,persistence,ancova_level,ancova_current_state,R1_prior_acute,,,,calibration_slope,0.978533980479096,,,,1166,0.0,0.0,0.0,,,,
model_metric,HRS,grouped_10fold,persistence,ancova_level,ancova_current_state,R2_prior_persistence,,,,RMSE,0.8696486799444103,,,,1166,0.0,0.0,0.0,,,,
model_metric,HRS,grouped_10fold,persistence,ancova_level,ancova_current_state,R2_prior_persistence,,,,MAE,0.6876296603541305,,,,1166,0.0,0.0,0.0,,,,
model_metric,HRS,grouped_10fold,persistence,ancova_level,ancova_current_state,R2_prior_persistence,,,,predictive_R2,0.2724026565602438,,,,1166,0.0,0.0,0.0,,,,
model_metric,HRS,grouped_10fold,persistence,ancova_level,ancova_current_state,R2_prior_persistence,,,,mean_log_predictive_density,-1.2801829368138744,,,,1166,0.0,0.0,0.0,,,,
model_metric,HRS,grouped_10fold,persistence,ancova_level,ancova_current_state,R2_prior_persistence,,,,calibration_intercept,0.0026568437654123,,,,1166,0.0,0.0,0.0,,,,
model_metric,HRS,grouped_10fold,persistence,ancova_level,ancova_current_state,R2_prior_persistence,,,,calibration_slope,0.9804311383278462,,,,1166,0.0,0.0,0.0,,,,
model_metric,HRS,grouped_10fold,persistence,ancova_level,ancova_current_state,R3_joint_raw,,,,RMSE,0.8693502794840656,,,,1166,0.0,100.0,100.0,,,,
model_metric,HRS,grouped_10fold,persistence,ancova_level,ancova_current_state,R3_joint_raw,,,,MAE,0.6878271607440322,,,,1166,0.0,100.0,100.0,,,,
model_metric,HRS,grouped_10fold,persistence,ancova_level,ancova_current_state,R3_joint_raw,,,,predictive_R2,0.2729018883491139,,,,1166,0.0,100.0,100.0,,,,
model_metric,HRS,grouped_10fold,persistence,ancova_level,ancova_current_state,R3_joint_raw,,,,mean_log_predictive_density,-1.2798329186607222,,,,1166,0.0,100.0,100.0,,,,
model_metric,HRS,grouped_10fold,persistence,ancova_level,ancova_current_state,R3_joint_raw,,,,calibration_intercept,0.0029821828614259,,,,1166,0.0,100.0,100.0,,,,
model_metric,HRS,grouped_10fold,persistence,ancova_level,ancova_current_state,R3_joint_raw,,,,calibration_slope,0.9784259626871932,,,,1166,0.0,100.0,100.0,,,,
model_metric,HRS,grouped_10fold,persistence,ancova_level,ancova_current_state,R4_acute_residual,,,,RMSE,0.8675105202249158,,,,1166,0.0,0.0,0.0,,,,
model_metric,HRS,grouped_10fold,persistence,ancova_level,ancova_current_state,R4_acute_residual,,,,MAE,0.6875551047684135,,,,1166,0.0,0.0,0.0,,,,
model_metric,HRS,grouped_10fold,persistence,ancova_level,ancova_current_state,R4_acute_residual,,,,predictive_R2,0.2759760693295969,,,,1166,0.0,0.0,0.0,,,,
model_metric,HRS,grouped_10fold,persistence,ancova_level,ancova_current_state,R4_acute_residual,,,,mean_log_predictive_density,-1.2776922311309695,,,,1166,0.0,0.0,0.0,,,,
model_metric,HRS,grouped_10fold,persistence,ancova_level,ancova_current_state,R4_acute_residual,,,,calibration_intercept,0.0034362818141547,,,,1166,0.0,0.0,0.0,,,,
model_metric,HRS,grouped_10fold,persistence,ancova_level,ancova_current_state,R4_acute_residual,,,,calibration_slope,0.977706404639064,,,,1166,0.0,0.0,0.0,,,,
model_metric,HRS,grouped_10fold,persistence,ancova_level,ancova_current_state,R4_persistence_residual,,,,RMSE,0.8719870853300655,,,,1166,0.0,0.0,0.0,,,,
model_metric,HRS,grouped_10fold,persistence,ancova_level,ancova_current_state,R4_persistence_residual,,,,MAE,0.690516242534235,,,,1166,0.0,0.0,0.0,,,,
model_metric,HRS,grouped_10fold,persistence,ancova_level,ancova_current_state,R4_persistence_residual,,,,predictive_R2,0.2684845110757619,,,,1166,0.0,0.0,0.0,,,,
model_metric,HRS,grouped_10fold,persistence,ancova_level,ancova_current_state,R4_persistence_residual,,,,mean_log_predictive_density,-1.2828218125049469,,,,1166,0.0,0.0,0.0,,,,
model_metric,HRS,grouped_10fold,persistence,ancova_level,ancova_current_state,R4_persistence_residual,,,,calibration_intercept,0.0026167073320954,,,,1166,0.0,0.0,0.0,,,,
model_metric,HRS,grouped_10fold,persistence,ancova_level,ancova_current_state,R4_persistence_residual,,,,calibration_slope,0.9801760877569224,,,,1166,0.0,0.0,0.0,,,,
model_metric,HRS,grouped_10fold,persistence,ancova_level,ancova_current_state,R4_joint_residual,,,,RMSE,0.8679834539797084,,,,1166,100.0,100.0,100.0,,,,
model_metric,HRS,grouped_10fold,persistence,ancova_level,ancova_current_state,R4_joint_residual,,,,MAE,0.6879978994851972,,,,1166,100.0,100.0,100.0,,,,
model_metric,HRS,grouped_10fold,persistence,ancova_level,ancova_current_state,R4_joint_residual,,,,predictive_R2,0.2751864335061144,,,,1166,100.0,100.0,100.0,,,,
model_metric,HRS,grouped_10fold,persistence,ancova_level,ancova_current_state,R4_joint_residual,,,,mean_log_predictive_density,-1.2782427661830398,,,,1166,100.0,100.0,100.0,,,,
model_metric,HRS,grouped_10fold,persistence,ancova_level,ancova_current_state,R4_joint_residual,,,,calibration_intercept,0.0028395009188695,,,,1166,100.0,100.0,100.0,,,,
model_metric,HRS,grouped_10fold,persistence,ancova_level,ancova_current_state,R4_joint_residual,,,,calibration_slope,0.980134102898339,,,,1166,100.0,100.0,100.0,,,,
comparison,HRS,grouped_10fold,persistence,ancova_level,ancova_current_state,,BASE,R1_prior_acute,R1_prior_acute_minus_BASE,RMSE,-0.0014301740137484,-0.0025650527993712,-0.0003658377687079,0.0005361975138898,1166,,,,,500.0,500.0,paired person-cluster bootstrap
comparison,HRS,grouped_10fold,persistence,ancova_level,ancova_current_state,,BASE,R1_prior_acute,R1_prior_acute_minus_BASE,MAE,-0.0012095954134302,-0.0021130208196282,-0.0003189285407358,0.000469398424867,1166,,,,,500.0,500.0,paired person-cluster bootstrap
comparison,HRS,grouped_10fold,persistence,ancova_level,ancova_current_state,,BASE,R1_prior_acute,R1_prior_acute_minus_BASE,predictive_R2,-0.0023982462069821,-0.0043203957805917,-0.0006100874897742,0.0008982273224481,1166,,,,,500.0,500.0,paired person-cluster bootstrap
comparison,HRS,grouped_10fold,persistence,ancova_level,ancova_current_state,,BASE,R1_prior_acute,R1_prior_acute_minus_BASE,mean_log_predictive_density,-0.0016749026236775,-0.0030563032882826,-0.0004043887571096,0.0006395057551568,1166,,,,,500.0,500.0,paired person-cluster bootstrap
comparison,HRS,grouped_10fold,persistence,ancova_level,ancova_current_state,,BASE,R2_prior_persistence,R2_prior_persistence_minus_BASE,RMSE,0.0011444122689683,-0.003420860655765,0.0055113968199366,0.0022750834136614,1166,,,,,500.0,500.0,paired person-cluster bootstrap
comparison,HRS,grouped_10fold,persistence,ancova_level,ancova_current_state,,BASE,R2_prior_persistence,R2_prior_persistence_minus_BASE,MAE,0.0020321133113894,-0.0016718841602485,0.0059644574002298,0.0019720792479815,1166,,,,,500.0,500.0,paired person-cluster bootstrap
comparison,HRS,grouped_10fold,persistence,ancova_level,ancova_current_state,,BASE,R2_prior_persistence,R2_prior_persistence_minus_BASE,predictive_R2,0.0019162202436865,-0.005766968550222,0.0093579301829769,0.0038063973838158,1166,,,,,500.0,500.0,paired person-cluster bootstrap
comparison,HRS,grouped_10fold,persistence,ancova_level,ancova_current_state,,BASE,R2_prior_persistence,R2_prior_persistence_minus_BASE,mean_log_predictive_density,0.0012373379456094,-0.004139665897786,0.0063702717319155,0.0027007738207454,1166,,,,,500.0,500.0,paired person-cluster bootstrap
comparison,HRS,grouped_10fold,persistence,ancova_level,ancova_current_state,,BASE,R3_joint_raw,R3_joint_raw_minus_BASE,RMSE,0.001442812729313,-0.0032120723584152,0.0062855859512002,0.0025366690029022,1166,,,,,500.0,500.0,paired person-cluster bootstrap
comparison,HRS,grouped_10fold,persistence,ancova_level,ancova_current_state,,BASE,R3_joint_raw,R3_joint_raw_minus_BASE,MAE,0.0018346129214877,-0.0025465952039873,0.0061810204932379,0.0022502941999115,1166,,,,,500.0,500.0,paired person-cluster bootstrap
comparison,HRS,grouped_10fold,persistence,ancova_level,ancova_current_state,,BASE,R3_joint_raw,R3_joint_raw_minus_BASE,predictive_R2,0.0024154520325565,-0.0053450652332086,0.0106349183139859,0.0042534084861985,1166,,,,,500.0,500.0,paired person-cluster bootstrap
comparison,HRS,grouped_10fold,persistence,ancova_level,ancova_current_state,,BASE,R3_joint_raw,R3_joint_raw_minus_BASE,mean_log_predictive_density,0.0015873560987615,-0.0040567712351489,0.0072943019610843,0.0030237733825725,1166,,,,,500.0,500.0,paired person-cluster bootstrap
comparison,HRS,grouped_10fold,persistence,ancova_level,ancova_current_state,,BASE,R4_acute_residual,R4_acute_residual_minus_BASE,RMSE,0.0032825719884628,-0.0030269600196855,0.0097995350521712,0.0033703625283357,1166,,,,,500.0,500.0,paired person-cluster bootstrap
comparison,HRS,grouped_10fold,persistence,ancova_level,ancova_current_state,,BASE,R4_acute_residual,R4_acute_residual_minus_BASE,MAE,0.0021066688971064,-0.0034807140193726,0.0074814004798384,0.0029199251888023,1166,,,,,500.0,500.0,paired person-cluster bootstrap
comparison,HRS,grouped_10fold,persistence,ancova_level,ancova_current_state,,BASE,R4_acute_residual,R4_acute_residual_minus_BASE,predictive_R2,0.0054896330130396,-0.0051396610866073,0.0163954236176173,0.0056402434101407,1166,,,,,500.0,500.0,paired person-cluster bootstrap
comparison,HRS,grouped_10fold,persistence,ancova_level,ancova_current_state,,BASE,R4_acute_residual,R4_acute_residual_minus_BASE,mean_log_predictive_density,0.003728043628514,-0.0038458578961846,0.0114978513703371,0.0040037566190559,1166,,,,,500.0,500.0,paired person-cluster bootstrap
comparison,HRS,grouped_10fold,persistence,ancova_level,ancova_current_state,,BASE,R4_persistence_residual,R4_persistence_residual_minus_BASE,RMSE,-0.0011939931166868,-0.0020674587241571,-0.0002785564720755,0.0004651328880597,1166,,,,,500.0,500.0,paired person-cluster bootstrap
comparison,HRS,grouped_10fold,persistence,ancova_level,ancova_current_state,,BASE,R4_persistence_residual,R4_persistence_residual_minus_BASE,MAE,-0.000854468868715,-0.0016211749401657,-8.952753564542418e-06,0.0004120065123992,1166,,,,,500.0,500.0,paired person-cluster bootstrap
comparison,HRS,grouped_10fold,persistence,ancova_level,ancova_current_state,,BASE,R4_persistence_residual,R4_persistence_residual_minus_BASE,predictive_R2,-0.0020019252407954,-0.0034710740018713,-0.0004673359382396,0.0007737830048667,1166,,,,,500.0,500.0,paired person-cluster bootstrap
comparison,HRS,grouped_10fold,persistence,ancova_level,ancova_current_state,,BASE,R4_persistence_residual,R4_persistence_residual_minus_BASE,mean_log_predictive_density,-0.001401537745463,-0.0024073457412663,-0.0003399818051182,0.0005485482783437,1166,,,,,500.0,500.0,paired person-cluster bootstrap
comparison,HRS,grouped_10fold,persistence,ancova_level,ancova_current_state,,BASE,R4_joint_residual,R4_joint_residual_minus_BASE,RMSE,0.0028096382336701,-0.0020356038483103,0.0085189300609279,0.0026459823389881,1166,,,,,500.0,500.0,paired person-cluster bootstrap
comparison,HRS,grouped_10fold,persistence,ancova_level,ancova_current_state,,BASE,R4_joint_residual,R4_joint_residual_minus_BASE,MAE,0.0016638741803227,-0.0025161027834807,0.0061335414931964,0.0023045006930622,1166,,,,,500.0,500.0,paired person-cluster bootstrap
comparison,HRS,grouped_10fold,persistence,ancova_level,ancova_current_state,,BASE,R4_joint_residual,R4_joint_residual_minus_BASE,predictive_R2,0.004699997189557,-0.0033729937062595,0.0141852343741533,0.0044162951639731,1166,,,,,500.0,500.0,paired person-cluster bootstrap
comparison,HRS,grouped_10fold,persistence,ancova_level,ancova_current_state,,BASE,R4_joint_residual,R4_joint_residual_minus_BASE,mean_log_predictive_density,0.003177508576444,-0.0027951095334612,0.0099168707644687,0.0031366748447906,1166,,,,,500.0,500.0,paired person-cluster bootstrap
model_metric,HRS,temporal_70_30,acute,change,context,BASE,,,,RMSE,1.0615319075431342,,,,340,0.0,0.0,0.0,2014-05-15,,,
model_metric,HRS,temporal_70_30,acute,change,context,BASE,,,,MAE,0.7868047104136923,,,,340,0.0,0.0,0.0,2014-05-15,,,
model_metric,HRS,temporal_70_30,acute,change,context,BASE,,,,predictive_R2,-0.0181906719471887,,,,340,0.0,0.0,0.0,2014-05-15,,,
model_metric,HRS,temporal_70_30,acute,change,context,BASE,,,,mean_log_predictive_density,-1.4841553081558152,,,,340,0.0,0.0,0.0,2014-05-15,,,
model_metric,HRS,temporal_70_30,acute,change,context,BASE,,,,calibration_intercept,0.1039472287376845,,,,340,0.0,0.0,0.0,2014-05-15,,,
model_metric,HRS,temporal_70_30,acute,change,context,BASE,,,,calibration_slope,0.3459248921580091,,,,340,0.0,0.0,0.0,2014-05-15,,,
model_metric,HRS,temporal_70_30,acute,change,context,R1_prior_acute,,,,RMSE,1.0566274486032958,,,,340,0.0,0.0,0.0,2014-05-15,,,
model_metric,HRS,temporal_70_30,acute,change,context,R1_prior_acute,,,,MAE,0.7871523349324715,,,,340,0.0,0.0,0.0,2014-05-15,,,
model_metric,HRS,temporal_70_30,acute,change,context,R1_prior_acute,,,,predictive_R2,-0.0088039761853666,,,,340,0.0,0.0,0.0,2014-05-15,,,
model_metric,HRS,temporal_70_30,acute,change,context,R1_prior_acute,,,,mean_log_predictive_density,-1.47899427220219,,,,340,0.0,0.0,0.0,2014-05-15,,,
model_metric,HRS,temporal_70_30,acute,change,context,R1_prior_acute,,,,calibration_intercept,0.0258400230455033,,,,340,0.0,0.0,0.0,2014-05-15,,,
model_metric,HRS,temporal_70_30,acute,change,context,R1_prior_acute,,,,calibration_slope,0.5804042871289752,,,,340,0.0,0.0,0.0,2014-05-15,,,
model_metric,HRS,temporal_70_30,acute,change,context,R2_prior_persistence,,,,RMSE,1.0393719804524564,,,,340,0.0,0.0,0.0,2014-05-15,,,
model_metric,HRS,temporal_70_30,acute,change,context,R2_prior_persistence,,,,MAE,0.7856452064067606,,,,340,0.0,0.0,0.0,2014-05-15,,,
model_metric,HRS,temporal_70_30,acute,change,context,R2_prior_persistence,,,,predictive_R2,0.0238759385668748,,,,340,0.0,0.0,0.0,2014-05-15,,,
model_metric,HRS,temporal_70_30,acute,change,context,R2_prior_persistence,,,,mean_log_predictive_density,-1.4626635832057913,,,,340,0.0,0.0,0.0,2014-05-15,,,
model_metric,HRS,temporal_70_30,acute,change,context,R2_prior_persistence,,,,calibration_intercept,-0.0141223251173801,,,,340,0.0,0.0,0.0,2014-05-15,,,
model_metric,HRS,temporal_70_30,acute,change,context,R2_prior_persistence,,,,calibration_slope,0.7917948959876171,,,,340,0.0,0.0,0.0,2014-05-15,,,
model_metric,HRS,temporal_70_30,acute,change,context,R3_joint_raw,,,,RMSE,1.0438145396580707,,,,340,10.0,10.0,10.0,2014-05-15,,,
model_metric,HRS,temporal_70_30,acute,change,context,R3_joint_raw,,,,MAE,0.785099079040004,,,,340,10.0,10.0,10.0,2014-05-15,,,
model_metric,HRS,temporal_70_30,acute,change,context,R3_joint_raw,,,,predictive_R2,0.0155136646463751,,,,340,10.0,10.0,10.0,2014-05-15,,,
model_metric,HRS,temporal_70_30,acute,change,context,R3_joint_raw,,,,mean_log_predictive_density,-1.4680076869499847,,,,340,10.0,10.0,10.0,2014-05-15,,,
model_metric,HRS,temporal_70_30,acute,change,context,R3_joint_raw,,,,calibration_intercept,0.0249281216730576,,,,340,10.0,10.0,10.0,2014-05-15,,,
model_metric,HRS,temporal_70_30,acute,change,context,R3_joint_raw,,,,calibration_slope,0.6739216142688933,,,,340,10.0,10.0,10.0,2014-05-15,,,
model_metric,HRS,temporal_70_30,acute,change,context,R4_acute_residual,,,,RMSE,1.0568073044758692,,,,340,0.0,0.0,0.0,2014-05-15,,,
model_metric,HRS,temporal_70_30,acute,change,context,R4_acute_residual,,,,MAE,0.7876229098033073,,,,340,0.0,0.0,0.0,2014-05-15,,,
model_metric,HRS,temporal_70_30,acute,change,context,R4_acute_residual,,,,predictive_R2,-0.0091474364307984,,,,340,0.0,0.0,0.0,2014-05-15,,,
model_metric,HRS,temporal_70_30,acute,change,context,R4_acute_residual,,,,mean_log_predictive_density,-1.4791361064300506,,,,340,0.0,0.0,0.0,2014-05-15,,,
model_metric,HRS,temporal_70_30,acute,change,context,R4_acute_residual,,,,calibration_intercept,0.0273000968872755,,,,340,0.0,0.0,0.0,2014-05-15,,,
model_metric,HRS,temporal_70_30,acute,change,context,R4_acute_residual,,,,calibration_slope,0.5749360180776512,,,,340,0.0,0.0,0.0,2014-05-15,,,
model_metric,HRS,temporal_70_30,acute,change,context,R4_persistence_residual,,,,RMSE,1.0356768578352338,,,,340,0.0,0.0,0.0,2014-05-15,,,
model_metric,HRS,temporal_70_30,acute,change,context,R4_persistence_residual,,,,MAE,0.7885299501329828,,,,340,0.0,0.0,0.0,2014-05-15,,,
model_metric,HRS,temporal_70_30,acute,change,context,R4_persistence_residual,,,,predictive_R2,0.030804134888549,,,,340,0.0,0.0,0.0,2014-05-15,,,
model_metric,HRS,temporal_70_30,acute,change,context,R4_persistence_residual,,,,mean_log_predictive_density,-1.4590873069272086,,,,340,0.0,0.0,0.0,2014-05-15,,,
model_metric,HRS,temporal_70_30,acute,change,context,R4_persistence_residual,,,,calibration_intercept,-0.0083701746951151,,,,340,0.0,0.0,0.0,2014-05-15,,,
model_metric,HRS,temporal_70_30,acute,change,context,R4_persistence_residual,,,,calibration_slope,0.7932234346510418,,,,340,0.0,0.0,0.0,2014-05-15,,,
model_metric,HRS,temporal_70_30,acute,change,context,R4_joint_residual,,,,RMSE,1.0396287374834066,,,,340,10.0,10.0,10.0,2014-05-15,,,
model_metric,HRS,temporal_70_30,acute,change,context,R4_joint_residual,,,,MAE,0.7872311081415195,,,,340,10.0,10.0,10.0,2014-05-15,,,
model_metric,HRS,temporal_70_30,acute,change,context,R4_joint_residual,,,,predictive_R2,0.0233936133227034,,,,340,10.0,10.0,10.0,2014-05-15,,,
model_metric,HRS,temporal_70_30,acute,change,context,R4_joint_residual,,,,mean_log_predictive_density,-1.4636639269793266,,,,340,10.0,10.0,10.0,2014-05-15,,,
model_metric,HRS,temporal_70_30,acute,change,context,R4_joint_residual,,,,calibration_intercept,0.0141591587609826,,,,340,10.0,10.0,10.0,2014-05-15,,,
model_metric,HRS,temporal_70_30,acute,change,context,R4_joint_residual,,,,calibration_slope,0.7208294845501492,,,,340,10.0,10.0,10.0,2014-05-15,,,
comparison,HRS,temporal_70_30,acute,change,context,,BASE,R1_prior_acute,R1_prior_acute_minus_BASE,RMSE,0.0049044589398383,-0.0011033829541326,0.0104388934701938,0.00296544651448,340,,,,2014-05-15,500.0,500.0,paired person-cluster bootstrap
comparison,HRS,temporal_70_30,acute,change,context,,BASE,R1_prior_acute,R1_prior_acute_minus_BASE,MAE,-0.0003476245187792,-0.0052682322123647,0.0042530153053888,0.0024784581269713,340,,,,2014-05-15,500.0,500.0,paired person-cluster bootstrap
comparison,HRS,temporal_70_30,acute,change,context,,BASE,R1_prior_acute,R1_prior_acute_minus_BASE,predictive_R2,0.009386695761822,-0.0021154986462293,0.0198820798011608,0.0056564818952389,340,,,,2014-05-15,500.0,500.0,paired person-cluster bootstrap
comparison,HRS,temporal_70_30,acute,change,context,,BASE,R1_prior_acute,R1_prior_acute_minus_BASE,mean_log_predictive_density,0.0051610359536251,-0.001467196432622,0.0113302320721166,0.0032548109681954,340,,,,2014-05-15,500.0,500.0,paired person-cluster bootstrap
comparison,HRS,temporal_70_30,acute,change,context,,BASE,R2_prior_persistence,R2_prior_persistence_minus_BASE,RMSE,0.0221599270906778,-0.0034692995341772,0.0499351462965432,0.0134852583126536,340,,,,2014-05-15,500.0,500.0,paired person-cluster bootstrap
comparison,HRS,temporal_70_30,acute,change,context,,BASE,R2_prior_persistence,R2_prior_persistence_minus_BASE,MAE,0.0011595040069316,-0.0169914239718505,0.0222095698342658,0.0100672793843741,340,,,,2014-05-15,500.0,500.0,paired person-cluster bootstrap
comparison,HRS,temporal_70_30,acute,change,context,,BASE,R2_prior_persistence,R2_prior_persistence_minus_BASE,predictive_R2,0.0420666105140635,-0.0071703525999867,0.093238450885183,0.0249902297915429,340,,,,2014-05-15,500.0,500.0,paired person-cluster bootstrap
comparison,HRS,temporal_70_30,acute,change,context,,BASE,R2_prior_persistence,R2_prior_persistence_minus_BASE,mean_log_predictive_density,0.0214917249500239,-0.0054572062038935,0.0523561646755747,0.0147235745890297,340,,,,2014-05-15,500.0,500.0,paired person-cluster bootstrap
comparison,HRS,temporal_70_30,acute,change,context,,BASE,R3_joint_raw,R3_joint_raw_minus_BASE,RMSE,0.0177173678850635,-0.0136239196280311,0.0487484930980427,0.0157124629330414,340,,,,2014-05-15,500.0,500.0,paired person-cluster bootstrap
comparison,HRS,temporal_70_30,acute,change,context,,BASE,R3_joint_raw,R3_joint_raw_minus_BASE,MAE,0.0017056313736882,-0.0197202587702166,0.0255567232372739,0.0115356695045789,340,,,,2014-05-15,500.0,500.0,paired person-cluster bootstrap
comparison,HRS,temporal_70_30,acute,change,context,,BASE,R3_joint_raw,R3_joint_raw_minus_BASE,predictive_R2,0.0337043365935638,-0.0254595575562892,0.0908984450352502,0.0297148025227147,340,,,,2014-05-15,500.0,500.0,paired person-cluster bootstrap
comparison,HRS,temporal_70_30,acute,change,context,,BASE,R3_joint_raw,R3_joint_raw_minus_BASE,mean_log_predictive_density,0.0161476212058304,-0.0168089139199522,0.0503405670555882,0.017180303918018,340,,,,2014-05-15,500.0,500.0,paired person-cluster bootstrap
comparison,HRS,temporal_70_30,acute,change,context,,BASE,R4_acute_residual,R4_acute_residual_minus_BASE,RMSE,0.0047246030672649,-0.0002722735131011,0.0093058483006263,0.0025223540858889,340,,,,2014-05-15,500.0,500.0,paired person-cluster bootstrap
comparison,HRS,temporal_70_30,acute,change,context,,BASE,R4_acute_residual,R4_acute_residual_minus_BASE,MAE,-0.000818199389615,-0.0050521827381715,0.0030280450985328,0.002079858646284,340,,,,2014-05-15,500.0,500.0,paired person-cluster bootstrap
comparison,HRS,temporal_70_30,acute,change,context,,BASE,R4_acute_residual,R4_acute_residual_minus_BASE,predictive_R2,0.0090432355163903,-0.0005511611072873,0.0177112264280688,0.0047894718790525,340,,,,2014-05-15,500.0,500.0,paired person-cluster bootstrap
comparison,HRS,temporal_70_30,acute,change,context,,BASE,R4_acute_residual,R4_acute_residual_minus_BASE,mean_log_predictive_density,0.0050192017257646,-0.0004160173715139,0.0103648115463658,0.00278124772358,340,,,,2014-05-15,500.0,500.0,paired person-cluster bootstrap
comparison,HRS,temporal_70_30,acute,change,context,,BASE,R4_persistence_residual,R4_persistence_residual_minus_BASE,RMSE,0.0258550497079004,-0.0039666289841402,0.0563768594911736,0.0158513539003581,340,,,,2014-05-15,500.0,500.0,paired person-cluster bootstrap
comparison,HRS,temporal_70_30,acute,change,context,,BASE,R4_persistence_residual,R4_persistence_residual_minus_BASE,MAE,-0.0017252397192905,-0.0252445328893018,0.0212215519240723,0.0114975248382231,340,,,,2014-05-15,500.0,500.0,paired person-cluster bootstrap
comparison,HRS,temporal_70_30,acute,change,context,,BASE,R4_persistence_residual,R4_persistence_residual_minus_BASE,predictive_R2,0.0489948068357377,-0.0076337242865847,0.1070381242051292,0.0297606054793048,340,,,,2014-05-15,500.0,500.0,paired person-cluster bootstrap
comparison,HRS,temporal_70_30,acute,change,context,,BASE,R4_persistence_residual,R4_persistence_residual_minus_BASE,mean_log_predictive_density,0.0250680012286066,-0.0091524049121301,0.0576846556056842,0.0173586863750964,340,,,,2014-05-15,500.0,500.0,paired person-cluster bootstrap
comparison,HRS,temporal_70_30,acute,change,context,,BASE,R4_joint_residual,R4_joint_residual_minus_BASE,RMSE,0.0219031700597276,-0.0118271472114388,0.055828176715319,0.0176851019035828,340,,,,2014-05-15,500.0,500.0,paired person-cluster bootstrap
comparison,HRS,temporal_70_30,acute,change,context,,BASE,R4_joint_residual,R4_joint_residual_minus_BASE,MAE,-0.0004263977278272,-0.0251872176191529,0.0223412322009299,0.0121147807911131,340,,,,2014-05-15,500.0,500.0,paired person-cluster bootstrap
comparison,HRS,temporal_70_30,acute,change,context,,BASE,R4_joint_residual,R4_joint_residual_minus_BASE,predictive_R2,0.0415842852698921,-0.0229811070905357,0.1026477869788715,0.0330360554989746,340,,,,2014-05-15,500.0,500.0,paired person-cluster bootstrap
comparison,HRS,temporal_70_30,acute,change,context,,BASE,R4_joint_residual,R4_joint_residual_minus_BASE,mean_log_predictive_density,0.0204913811764886,-0.0151987278620072,0.0581037636586256,0.0193402829340147,340,,,,2014-05-15,500.0,500.0,paired person-cluster bootstrap
model_metric,HRS,temporal_70_30,acute,change,current_state,BASE,,,,RMSE,0.9445419436889748,,,,340,0.0,0.0,0.0,2014-05-15,,,
model_metric,HRS,temporal_70_30,acute,change,current_state,BASE,,,,MAE,0.7603121534592674,,,,340,0.0,0.0,0.0,2014-05-15,,,
model_metric,HRS,temporal_70_30,acute,change,current_state,BASE,,,,predictive_R2,0.1938692183114758,,,,340,0.0,0.0,0.0,2014-05-15,,,
model_metric,HRS,temporal_70_30,acute,change,current_state,BASE,,,,mean_log_predictive_density,-1.3674801059925334,,,,340,0.0,0.0,0.0,2014-05-15,,,
model_metric,HRS,temporal_70_30,acute,change,current_state,BASE,,,,calibration_intercept,0.0141149942294651,,,,340,0.0,0.0,0.0,2014-05-15,,,
model_metric,HRS,temporal_70_30,acute,change,current_state,BASE,,,,calibration_slope,0.9421299470341492,,,,340,0.0,0.0,0.0,2014-05-15,,,
model_metric,HRS,temporal_70_30,acute,change,current_state,R1_prior_acute,,,,RMSE,0.9444646741433912,,,,340,0.0,0.0,0.0,2014-05-15,,,
model_metric,HRS,temporal_70_30,acute,change,current_state,R1_prior_acute,,,,MAE,0.7602316795478401,,,,340,0.0,0.0,0.0,2014-05-15,,,
model_metric,HRS,temporal_70_30,acute,change,current_state,R1_prior_acute,,,,predictive_R2,0.1940011061789555,,,,340,0.0,0.0,0.0,2014-05-15,,,
model_metric,HRS,temporal_70_30,acute,change,current_state,R1_prior_acute,,,,mean_log_predictive_density,-1.367385790521614,,,,340,0.0,0.0,0.0,2014-05-15,,,
model_metric,HRS,temporal_70_30,acute,change,current_state,R1_prior_acute,,,,calibration_intercept,0.0141050747841417,,,,340,0.0,0.0,0.0,2014-05-15,,,
model_metric,HRS,temporal_70_30,acute,change,current_state,R1_prior_acute,,,,calibration_slope,0.9422672033479904,,,,340,0.0,0.0,0.0,2014-05-15,,,
model_metric,HRS,temporal_70_30,acute,change,current_state,R2_prior_persistence,,,,RMSE,0.9431751438320316,,,,340,0.0,0.0,0.0,2014-05-15,,,
model_metric,HRS,temporal_70_30,acute,change,current_state,R2_prior_persistence,,,,MAE,0.7568508269715354,,,,340,0.0,0.0,0.0,2014-05-15,,,
model_metric,HRS,temporal_70_30,acute,change,current_state,R2_prior_persistence,,,,predictive_R2,0.1962005541516315,,,,340,0.0,0.0,0.0,2014-05-15,,,
model_metric,HRS,temporal_70_30,acute,change,current_state,R2_prior_persistence,,,,mean_log_predictive_density,-1.366324988704124,,,,340,0.0,0.0,0.0,2014-05-15,,,
model_metric,HRS,temporal_70_30,acute,change,current_state,R2_prior_persistence,,,,calibration_intercept,0.0257051784986352,,,,340,0.0,0.0,0.0,2014-05-15,,,
model_metric,HRS,temporal_70_30,acute,change,current_state,R2_prior_persistence,,,,calibration_slope,0.935874240527924,,,,340,0.0,0.0,0.0,2014-05-15,,,
model_metric,HRS,temporal_70_30,acute,change,current_state,R3_joint_raw,,,,RMSE,0.9443394101167056,,,,340,100.0,100.0,100.0,2014-05-15,,,
model_metric,HRS,temporal_70_30,acute,change,current_state,R3_joint_raw,,,,MAE,0.7577089178159122,,,,340,100.0,100.0,100.0,2014-05-15,,,
model_metric,HRS,temporal_70_30,acute,change,current_state,R3_joint_raw,,,,predictive_R2,0.1942148907161351,,,,340,100.0,100.0,100.0,2014-05-15,,,
model_metric,HRS,temporal_70_30,acute,change,current_state,R3_joint_raw,,,,mean_log_predictive_density,-1.3679489165141363,,,,340,100.0,100.0,100.0,2014-05-15,,,
model_metric,HRS,temporal_70_30,acute,change,current_state,R3_joint_raw,,,,calibration_intercept,0.0272172425438775,,,,340,100.0,100.0,100.0,2014-05-15,,,
model_metric,HRS,temporal_70_30,acute,change,current_state,R3_joint_raw,,,,calibration_slope,0.9339852630517476,,,,340,100.0,100.0,100.0,2014-05-15,,,
model_metric,HRS,temporal_70_30,acute,change,current_state,R4_acute_residual,,,,RMSE,0.9469144722298996,,,,340,0.0,0.0,0.0,2014-05-15,,,
model_metric,HRS,temporal_70_30,acute,change,current_state,R4_acute_residual,,,,MAE,0.7587996337484213,,,,340,0.0,0.0,0.0,2014-05-15,,,
model_metric,HRS,temporal_70_30,acute,change,current_state,R4_acute_residual,,,,predictive_R2,0.189814405662833,,,,340,0.0,0.0,0.0,2014-05-15,,,
model_metric,HRS,temporal_70_30,acute,change,current_state,R4_acute_residual,,,,mean_log_predictive_density,-1.3718393056144642,,,,340,0.0,0.0,0.0,2014-05-15,,,
model_metric,HRS,temporal_70_30,acute,change,current_state,R4_acute_residual,,,,calibration_intercept,0.0260376911827172,,,,340,0.0,0.0,0.0,2014-05-15,,,
model_metric,HRS,temporal_70_30,acute,change,current_state,R4_acute_residual,,,,calibration_slope,0.915574344594098,,,,340,0.0,0.0,0.0,2014-05-15,,,
model_metric,HRS,temporal_70_30,acute,change,current_state,R4_persistence_residual,,,,RMSE,0.9443577183969708,,,,340,0.0,0.0,0.0,2014-05-15,,,
model_metric,HRS,temporal_70_30,acute,change,current_state,R4_persistence_residual,,,,MAE,0.7601987207291887,,,,340,0.0,0.0,0.0,2014-05-15,,,
model_metric,HRS,temporal_70_30,acute,change,current_state,R4_persistence_residual,,,,predictive_R2,0.1941836462663899,,,,340,0.0,0.0,0.0,2014-05-15,,,
model_metric,HRS,temporal_70_30,acute,change,current_state,R4_persistence_residual,,,,mean_log_predictive_density,-1.3672897478881385,,,,340,0.0,0.0,0.0,2014-05-15,,,
model_metric,HRS,temporal_70_30,acute,change,current_state,R4_persistence_residual,,,,calibration_intercept,0.0119413352676279,,,,340,0.0,0.0,0.0,2014-05-15,,,
model_metric,HRS,temporal_70_30,acute,change,current_state,R4_persistence_residual,,,,calibration_slope,0.9419605209977656,,,,340,0.0,0.0,0.0,2014-05-15,,,
model_metric,HRS,temporal_70_30,acute,change,current_state,R4_joint_residual,,,,RMSE,0.9458505321800998,,,,340,100.0,100.0,100.0,2014-05-15,,,
model_metric,HRS,temporal_70_30,acute,change,current_state,R4_joint_residual,,,,MAE,0.7583229100088642,,,,340,100.0,100.0,100.0,2014-05-15,,,
model_metric,HRS,temporal_70_30,acute,change,current_state,R4_joint_residual,,,,predictive_R2,0.1916340095815117,,,,340,100.0,100.0,100.0,2014-05-15,,,
model_metric,HRS,temporal_70_30,acute,change,current_state,R4_joint_residual,,,,mean_log_predictive_density,-1.3704955357508035,,,,340,100.0,100.0,100.0,2014-05-15,,,
model_metric,HRS,temporal_70_30,acute,change,current_state,R4_joint_residual,,,,calibration_intercept,0.0241887991017581,,,,340,100.0,100.0,100.0,2014-05-15,,,
model_metric,HRS,temporal_70_30,acute,change,current_state,R4_joint_residual,,,,calibration_slope,0.9248353803480508,,,,340,100.0,100.0,100.0,2014-05-15,,,
comparison,HRS,temporal_70_30,acute,change,current_state,,BASE,R1_prior_acute,R1_prior_acute_minus_BASE,RMSE,7.72695455838468e-05,-0.0001638545902268,0.0003041291338056,0.0001168610378371,340,,,,2014-05-15,500.0,500.0,paired person-cluster bootstrap
comparison,HRS,temporal_70_30,acute,change,current_state,,BASE,R1_prior_acute,R1_prior_acute_minus_BASE,MAE,8.047391142729232e-05,-0.0001100450393734,0.0002510326308048,9.767856649589782e-05,340,,,,2014-05-15,500.0,500.0,paired person-cluster bootstrap
comparison,HRS,temporal_70_30,acute,change,current_state,,BASE,R1_prior_acute,R1_prior_acute_minus_BASE,predictive_R2,0.0001318878674796,-0.0002874617924279,0.0005248781807158,0.0002015931634918,340,,,,2014-05-15,500.0,500.0,paired person-cluster bootstrap
comparison,HRS,temporal_70_30,acute,change,current_state,,BASE,R1_prior_acute,R1_prior_acute_minus_BASE,mean_log_predictive_density,9.431547091942603e-05,-0.0001987687834069,0.0003730161202998,0.0001438646432022,340,,,,2014-05-15,500.0,500.0,paired person-cluster bootstrap
comparison,HRS,temporal_70_30,acute,change,current_state,,BASE,R2_prior_persistence,R2_prior_persistence_minus_BASE,RMSE,0.0013667998569433,-0.0071129750848802,0.0113805823985339,0.0046625465027602,340,,,,2014-05-15,500.0,500.0,paired person-cluster bootstrap
comparison,HRS,temporal_70_30,acute,change,current_state,,BASE,R2_prior_persistence,R2_prior_persistence_minus_BASE,MAE,0.003461326487732,-0.0032751567497827,0.0113467939385096,0.003675560445928,340,,,,2014-05-15,500.0,500.0,paired person-cluster bootstrap
comparison,HRS,temporal_70_30,acute,change,current_state,,BASE,R2_prior_persistence,R2_prior_persistence_minus_BASE,predictive_R2,0.0023313358401556,-0.0125880804525165,0.0185981252652494,0.0079463146837162,340,,,,2014-05-15,500.0,500.0,paired person-cluster bootstrap
comparison,HRS,temporal_70_30,acute,change,current_state,,BASE,R2_prior_persistence,R2_prior_persistence_minus_BASE,mean_log_predictive_density,0.0011551172884094,-0.009539738964955,0.0134733142338049,0.0057657258645975,340,,,,2014-05-15,500.0,500.0,paired person-cluster bootstrap
comparison,HRS,temporal_70_30,acute,change,current_state,,BASE,R3_joint_raw,R3_joint_raw_minus_BASE,RMSE,0.0002025335722694,-0.0097544195335136,0.0104058975269083,0.0051986299853939,340,,,,2014-05-15,500.0,500.0,paired person-cluster bootstrap
comparison,HRS,temporal_70_30,acute,change,current_state,,BASE,R3_joint_raw,R3_joint_raw_minus_BASE,MAE,0.0026032356433551,-0.0056080375834898,0.0103758327318207,0.0041163762007243,340,,,,2014-05-15,500.0,500.0,paired person-cluster bootstrap
comparison,HRS,temporal_70_30,acute,change,current_state,,BASE,R3_joint_raw,R3_joint_raw_minus_BASE,predictive_R2,0.0003456724046593,-0.0176430946633794,0.0180448289899168,0.0090724444704631,340,,,,2014-05-15,500.0,500.0,paired person-cluster bootstrap
comparison,HRS,temporal_70_30,acute,change,current_state,,BASE,R3_joint_raw,R3_joint_raw_minus_BASE,mean_log_predictive_density,-0.000468810521603,-0.0131583391802817,0.0120793052546647,0.0064139496718364,340,,,,2014-05-15,500.0,500.0,paired person-cluster bootstrap
comparison,HRS,temporal_70_30,acute,change,current_state,,BASE,R4_acute_residual,R4_acute_residual_minus_BASE,RMSE,-0.0023725285409247,-0.0171132494715788,0.0111236522549691,0.0071204434270967,340,,,,2014-05-15,500.0,500.0,paired person-cluster bootstrap
comparison,HRS,temporal_70_30,acute,change,current_state,,BASE,R4_acute_residual,R4_acute_residual_minus_BASE,MAE,0.001512519710846,-0.0107391803054351,0.0134304185569481,0.0061096821870613,340,,,,2014-05-15,500.0,500.0,paired person-cluster bootstrap
comparison,HRS,temporal_70_30,acute,change,current_state,,BASE,R4_acute_residual,R4_acute_residual_minus_BASE,predictive_R2,-0.0040548126486428,-0.0298162761536089,0.0185318522049036,0.0122665102400301,340,,,,2014-05-15,500.0,500.0,paired person-cluster bootstrap
comparison,HRS,temporal_70_30,acute,change,current_state,,BASE,R4_acute_residual,R4_acute_residual_minus_BASE,mean_log_predictive_density,-0.0043591996219307,-0.0222258826431724,0.0123815272981558,0.0089418748517846,340,,,,2014-05-15,500.0,500.0,paired person-cluster bootstrap
comparison,HRS,temporal_70_30,acute,change,current_state,,BASE,R4_persistence_residual,R4_persistence_residual_minus_BASE,RMSE,0.0001842252920042,-0.0024616893517726,0.0031206704212743,0.0013664937760944,340,,,,2014-05-15,500.0,500.0,paired person-cluster bootstrap
comparison,HRS,temporal_70_30,acute,change,current_state,,BASE,R4_persistence_residual,R4_persistence_residual_minus_BASE,MAE,0.0001134327300786,-0.0020328778950755,0.0025463106478382,0.0011436946604316,340,,,,2014-05-15,500.0,500.0,paired person-cluster bootstrap
comparison,HRS,temporal_70_30,acute,change,current_state,,BASE,R4_persistence_residual,R4_persistence_residual_minus_BASE,predictive_R2,0.000314427954914,-0.0039902602333862,0.005231834922493,0.0023507535509407,340,,,,2014-05-15,500.0,500.0,paired person-cluster bootstrap
comparison,HRS,temporal_70_30,acute,change,current_state,,BASE,R4_persistence_residual,R4_persistence_residual_minus_BASE,mean_log_predictive_density,0.0001903581043949,-0.0030584329854338,0.0036971913760961,0.0016708110332551,340,,,,2014-05-15,500.0,500.0,paired person-cluster bootstrap
comparison,HRS,temporal_70_30,acute,change,current_state,,BASE,R4_joint_residual,R4_joint_residual_minus_BASE,RMSE,-0.0013085884911249,-0.0120674972721598,0.0107432215070273,0.0059278382109992,340,,,,2014-05-15,500.0,500.0,paired person-cluster bootstrap
comparison,HRS,temporal_70_30,acute,change,current_state,,BASE,R4_joint_residual,R4_joint_residual_minus_BASE,MAE,0.0019892434504031,-0.0080147492167437,0.0114550594373636,0.0053262554118066,340,,,,2014-05-15,500.0,500.0,paired person-cluster bootstrap
comparison,HRS,temporal_70_30,acute,change,current_state,,BASE,R4_joint_residual,R4_joint_residual_minus_BASE,predictive_R2,-0.002235208729964,-0.0210461021793357,0.0184713979988277,0.010220970285394,340,,,,2014-05-15,500.0,500.0,paired person-cluster bootstrap
comparison,HRS,temporal_70_30,acute,change,current_state,,BASE,R4_joint_residual,R4_joint_residual_minus_BASE,mean_log_predictive_density,-0.00301542975827,-0.0180080297560936,0.0120043372787934,0.0074919424498519,340,,,,2014-05-15,500.0,500.0,paired person-cluster bootstrap
model_metric,HRS,temporal_70_30,acute,ancova_level,ancova_current_state,BASE,,,,RMSE,0.9445419436889748,,,,340,0.0,0.0,0.0,2014-05-15,,,
model_metric,HRS,temporal_70_30,acute,ancova_level,ancova_current_state,BASE,,,,MAE,0.7603121534592672,,,,340,0.0,0.0,0.0,2014-05-15,,,
model_metric,HRS,temporal_70_30,acute,ancova_level,ancova_current_state,BASE,,,,predictive_R2,0.2272629511935341,,,,340,0.0,0.0,0.0,2014-05-15,,,
model_metric,HRS,temporal_70_30,acute,ancova_level,ancova_current_state,BASE,,,,mean_log_predictive_density,-1.3674801059925334,,,,340,0.0,0.0,0.0,2014-05-15,,,
model_metric,HRS,temporal_70_30,acute,ancova_level,ancova_current_state,BASE,,,,calibration_intercept,0.0129339490094743,,,,340,0.0,0.0,0.0,2014-05-15,,,
model_metric,HRS,temporal_70_30,acute,ancova_level,ancova_current_state,BASE,,,,calibration_slope,0.9224086551767416,,,,340,0.0,0.0,0.0,2014-05-15,,,
model_metric,HRS,temporal_70_30,acute,ancova_level,ancova_current_state,R1_prior_acute,,,,RMSE,0.9444646741433912,,,,340,0.0,0.0,0.0,2014-05-15,,,
model_metric,HRS,temporal_70_30,acute,ancova_level,ancova_current_state,R1_prior_acute,,,,MAE,0.7602316795478403,,,,340,0.0,0.0,0.0,2014-05-15,,,
model_metric,HRS,temporal_70_30,acute,ancova_level,ancova_current_state,R1_prior_acute,,,,predictive_R2,0.2273893756445096,,,,340,0.0,0.0,0.0,2014-05-15,,,
model_metric,HRS,temporal_70_30,acute,ancova_level,ancova_current_state,R1_prior_acute,,,,mean_log_predictive_density,-1.3673857905216142,,,,340,0.0,0.0,0.0,2014-05-15,,,
model_metric,HRS,temporal_70_30,acute,ancova_level,ancova_current_state,R1_prior_acute,,,,calibration_intercept,0.0128820235204922,,,,340,0.0,0.0,0.0,2014-05-15,,,
model_metric,HRS,temporal_70_30,acute,ancova_level,ancova_current_state,R1_prior_acute,,,,calibration_slope,0.9228919843852788,,,,340,0.0,0.0,0.0,2014-05-15,,,
model_metric,HRS,temporal_70_30,acute,ancova_level,ancova_current_state,R2_prior_persistence,,,,RMSE,0.9431751438320316,,,,340,0.0,0.0,0.0,2014-05-15,,,
model_metric,HRS,temporal_70_30,acute,ancova_level,ancova_current_state,R2_prior_persistence,,,,MAE,0.7568508269715355,,,,340,0.0,0.0,0.0,2014-05-15,,,
model_metric,HRS,temporal_70_30,acute,ancova_level,ancova_current_state,R2_prior_persistence,,,,predictive_R2,0.2294977121254082,,,,340,0.0,0.0,0.0,2014-05-15,,,
model_metric,HRS,temporal_70_30,acute,ancova_level,ancova_current_state,R2_prior_persistence,,,,mean_log_predictive_density,-1.3663249887041238,,,,340,0.0,0.0,0.0,2014-05-15,,,
model_metric,HRS,temporal_70_30,acute,ancova_level,ancova_current_state,R2_prior_persistence,,,,calibration_intercept,0.0226949801016118,,,,340,0.0,0.0,0.0,2014-05-15,,,
model_metric,HRS,temporal_70_30,acute,ancova_level,ancova_current_state,R2_prior_persistence,,,,calibration_slope,0.9246677074896084,,,,340,0.0,0.0,0.0,2014-05-15,,,
model_metric,HRS,temporal_70_30,acute,ancova_level,ancova_current_state,R3_joint_raw,,,,RMSE,0.9443394101167056,,,,340,100.0,100.0,100.0,2014-05-15,,,
model_metric,HRS,temporal_70_30,acute,ancova_level,ancova_current_state,R3_joint_raw,,,,MAE,0.7577089178159115,,,,340,100.0,100.0,100.0,2014-05-15,,,
model_metric,HRS,temporal_70_30,acute,ancova_level,ancova_current_state,R3_joint_raw,,,,predictive_R2,0.2275943042194919,,,,340,100.0,100.0,100.0,2014-05-15,,,
model_metric,HRS,temporal_70_30,acute,ancova_level,ancova_current_state,R3_joint_raw,,,,mean_log_predictive_density,-1.3679489165141363,,,,340,100.0,100.0,100.0,2014-05-15,,,
model_metric,HRS,temporal_70_30,acute,ancova_level,ancova_current_state,R3_joint_raw,,,,calibration_intercept,0.0249261907554813,,,,340,100.0,100.0,100.0,2014-05-15,,,
model_metric,HRS,temporal_70_30,acute,ancova_level,ancova_current_state,R3_joint_raw,,,,calibration_slope,0.9164162964575672,,,,340,100.0,100.0,100.0,2014-05-15,,,
model_metric,HRS,temporal_70_30,acute,ancova_level,ancova_current_state,R4_acute_residual,,,,RMSE,0.9469144722298998,,,,340,0.0,0.0,0.0,2014-05-15,,,
model_metric,HRS,temporal_70_30,acute,ancova_level,ancova_current_state,R4_acute_residual,,,,MAE,0.7587996337484213,,,,340,0.0,0.0,0.0,2014-05-15,,,
model_metric,HRS,temporal_70_30,acute,ancova_level,ancova_current_state,R4_acute_residual,,,,predictive_R2,0.223376107978079,,,,340,0.0,0.0,0.0,2014-05-15,,,
model_metric,HRS,temporal_70_30,acute,ancova_level,ancova_current_state,R4_acute_residual,,,,mean_log_predictive_density,-1.3718393056144642,,,,340,0.0,0.0,0.0,2014-05-15,,,
model_metric,HRS,temporal_70_30,acute,ancova_level,ancova_current_state,R4_acute_residual,,,,calibration_intercept,0.023506782777702,,,,340,0.0,0.0,0.0,2014-05-15,,,
model_metric,HRS,temporal_70_30,acute,ancova_level,ancova_current_state,R4_acute_residual,,,,calibration_slope,0.8911533195726481,,,,340,0.0,0.0,0.0,2014-05-15,,,
model_metric,HRS,temporal_70_30,acute,ancova_level,ancova_current_state,R4_persistence_residual,,,,RMSE,0.9443577183969708,,,,340,0.0,0.0,0.0,2014-05-15,,,
model_metric,HRS,temporal_70_30,acute,ancova_level,ancova_current_state,R4_persistence_residual,,,,MAE,0.7601987207291885,,,,340,0.0,0.0,0.0,2014-05-15,,,
model_metric,HRS,temporal_70_30,acute,ancova_level,ancova_current_state,R4_persistence_residual,,,,predictive_R2,0.2275643540619789,,,,340,0.0,0.0,0.0,2014-05-15,,,
model_metric,HRS,temporal_70_30,acute,ancova_level,ancova_current_state,R4_persistence_residual,,,,mean_log_predictive_density,-1.3672897478881385,,,,340,0.0,0.0,0.0,2014-05-15,,,
model_metric,HRS,temporal_70_30,acute,ancova_level,ancova_current_state,R4_persistence_residual,,,,calibration_intercept,0.0107888562818344,,,,340,0.0,0.0,0.0,2014-05-15,,,
model_metric,HRS,temporal_70_30,acute,ancova_level,ancova_current_state,R4_persistence_residual,,,,calibration_slope,0.9222770518894792,,,,340,0.0,0.0,0.0,2014-05-15,,,
model_metric,HRS,temporal_70_30,acute,ancova_level,ancova_current_state,R4_joint_residual,,,,RMSE,0.9458505321801,,,,340,100.0,100.0,100.0,2014-05-15,,,
model_metric,HRS,temporal_70_30,acute,ancova_level,ancova_current_state,R4_joint_residual,,,,MAE,0.7583229100088636,,,,340,100.0,100.0,100.0,2014-05-15,,,
model_metric,HRS,temporal_70_30,acute,ancova_level,ancova_current_state,R4_joint_residual,,,,predictive_R2,0.2251203353343044,,,,340,100.0,100.0,100.0,2014-05-15,,,
model_metric,HRS,temporal_70_30,acute,ancova_level,ancova_current_state,R4_joint_residual,,,,mean_log_predictive_density,-1.3704955357508035,,,,340,100.0,100.0,100.0,2014-05-15,,,
model_metric,HRS,temporal_70_30,acute,ancova_level,ancova_current_state,R4_joint_residual,,,,calibration_intercept,0.0224459457230205,,,,340,100.0,100.0,100.0,2014-05-15,,,
model_metric,HRS,temporal_70_30,acute,ancova_level,ancova_current_state,R4_joint_residual,,,,calibration_slope,0.8994667421779134,,,,340,100.0,100.0,100.0,2014-05-15,,,
comparison,HRS,temporal_70_30,acute,ancova_level,ancova_current_state,,BASE,R1_prior_acute,R1_prior_acute_minus_BASE,RMSE,7.726954558373578e-05,-0.0001438186061477,0.000312212979615,0.0001121150367124,340,,,,2014-05-15,500.0,500.0,paired person-cluster bootstrap
comparison,HRS,temporal_70_30,acute,ancova_level,ancova_current_state,,BASE,R1_prior_acute,R1_prior_acute_minus_BASE,MAE,8.047391142684823e-05,-0.0001004106340637,0.0002578716520355,9.357078561077706e-05,340,,,,2014-05-15,500.0,500.0,paired person-cluster bootstrap
comparison,HRS,temporal_70_30,acute,ancova_level,ancova_current_state,,BASE,R1_prior_acute,R1_prior_acute_minus_BASE,predictive_R2,0.0001264244509755,-0.0002374343457743,0.0005079239146836,0.0001856779813134,340,,,,2014-05-15,500.0,500.0,paired person-cluster bootstrap
comparison,HRS,temporal_70_30,acute,ancova_level,ancova_current_state,,BASE,R1_prior_acute,R1_prior_acute_minus_BASE,mean_log_predictive_density,9.4315470919204e-05,-0.0001705682045917,0.0003849844722525,0.0001382663402699,340,,,,2014-05-15,500.0,500.0,paired person-cluster bootstrap
comparison,HRS,temporal_70_30,acute,ancova_level,ancova_current_state,,BASE,R2_prior_persistence,R2_prior_persistence_minus_BASE,RMSE,0.0013667998569433,-0.0083754985492633,0.0113137559325065,0.0050245175698509,340,,,,2014-05-15,500.0,500.0,paired person-cluster bootstrap
comparison,HRS,temporal_70_30,acute,ancova_level,ancova_current_state,,BASE,R2_prior_persistence,R2_prior_persistence_minus_BASE,MAE,0.0034613264877316,-0.0041441281398626,0.0118429348892094,0.0040530204637802,340,,,,2014-05-15,500.0,500.0,paired person-cluster bootstrap
comparison,HRS,temporal_70_30,acute,ancova_level,ancova_current_state,,BASE,R2_prior_persistence,R2_prior_persistence_minus_BASE,predictive_R2,0.0022347609318741,-0.0134904672255122,0.0186744942095892,0.0082434339568214,340,,,,2014-05-15,500.0,500.0,paired person-cluster bootstrap
comparison,HRS,temporal_70_30,acute,ancova_level,ancova_current_state,,BASE,R2_prior_persistence,R2_prior_persistence_minus_BASE,mean_log_predictive_density,0.0011551172884096,-0.0109456650462053,0.0134197169169425,0.0061896334774173,340,,,,2014-05-15,500.0,500.0,paired person-cluster bootstrap
comparison,HRS,temporal_70_30,acute,ancova_level,ancova_current_state,,BASE,R3_joint_raw,R3_joint_raw_minus_BASE,RMSE,0.0002025335722694,-0.010401323673124,0.0100369159977273,0.005399680302299,340,,,,2014-05-15,500.0,500.0,paired person-cluster bootstrap
comparison,HRS,temporal_70_30,acute,ancova_level,ancova_current_state,,BASE,R3_joint_raw,R3_joint_raw_minus_BASE,MAE,0.0026032356433556,-0.0060166005847781,0.0107621337741678,0.0041960253466977,340,,,,2014-05-15,500.0,500.0,paired person-cluster bootstrap
comparison,HRS,temporal_70_30,acute,ancova_level,ancova_current_state,,BASE,R3_joint_raw,R3_joint_raw_minus_BASE,predictive_R2,0.0003313530259577,-0.017519237275237,0.016630615793036,0.0088294544102721,340,,,,2014-05-15,500.0,500.0,paired person-cluster bootstrap
comparison,HRS,temporal_70_30,acute,ancova_level,ancova_current_state,,BASE,R3_joint_raw,R3_joint_raw_minus_BASE,mean_log_predictive_density,-0.000468810521603,-0.0137968127182599,0.0115960336663287,0.0066284154446185,340,,,,2014-05-15,500.0,500.0,paired person-cluster bootstrap
comparison,HRS,temporal_70_30,acute,ancova_level,ancova_current_state,,BASE,R4_acute_residual,R4_acute_residual_minus_BASE,RMSE,-0.0023725285409248,-0.0179951300165595,0.011561918828924,0.007156843559028,340,,,,2014-05-15,500.0,500.0,paired person-cluster bootstrap
comparison,HRS,temporal_70_30,acute,ancova_level,ancova_current_state,,BASE,R4_acute_residual,R4_acute_residual_minus_BASE,MAE,0.0015125197108458,-0.0112862474520553,0.0134466410502234,0.006205366297951,340,,,,2014-05-15,500.0,500.0,paired person-cluster bootstrap
comparison,HRS,temporal_70_30,acute,ancova_level,ancova_current_state,,BASE,R4_acute_residual,R4_acute_residual_minus_BASE,predictive_R2,-0.003886843215455,-0.0286640017030256,0.0183173845828593,0.0118134816101649,340,,,,2014-05-15,500.0,500.0,paired person-cluster bootstrap
comparison,HRS,temporal_70_30,acute,ancova_level,ancova_current_state,,BASE,R4_acute_residual,R4_acute_residual_minus_BASE,mean_log_predictive_density,-0.0043591996219307,-0.024407858387926,0.0130902930575178,0.009021018904898,340,,,,2014-05-15,500.0,500.0,paired person-cluster bootstrap
comparison,HRS,temporal_70_30,acute,ancova_level,ancova_current_state,,BASE,R4_persistence_residual,R4_persistence_residual_minus_BASE,RMSE,0.0001842252920042,-0.0020900496182587,0.0030147624104505,0.0013138596109674,340,,,,2014-05-15,500.0,500.0,paired person-cluster bootstrap
comparison,HRS,temporal_70_30,acute,ancova_level,ancova_current_state,,BASE,R4_persistence_residual,R4_persistence_residual_minus_BASE,MAE,0.0001134327300786,-0.0018349371003699,0.0023101954271334,0.0010986952795373,340,,,,2014-05-15,500.0,500.0,paired person-cluster bootstrap
comparison,HRS,temporal_70_30,acute,ancova_level,ancova_current_state,,BASE,R4_persistence_residual,R4_persistence_residual_minus_BASE,predictive_R2,0.0003014028684448,-0.003537959438383,0.004945736744919,0.0021583173258514,340,,,,2014-05-15,500.0,500.0,paired person-cluster bootstrap
comparison,HRS,temporal_70_30,acute,ancova_level,ancova_current_state,,BASE,R4_persistence_residual,R4_persistence_residual_minus_BASE,mean_log_predictive_density,0.0001903581043949,-0.0025791510063234,0.003591101947059,0.0016155004257435,340,,,,2014-05-15,500.0,500.0,paired person-cluster bootstrap
comparison,HRS,temporal_70_30,acute,ancova_level,ancova_current_state,,BASE,R4_joint_residual,R4_joint_residual_minus_BASE,RMSE,-0.001308588491125,-0.0127031252788315,0.0110608337297674,0.0060321349604522,340,,,,2014-05-15,500.0,500.0,paired person-cluster bootstrap
comparison,HRS,temporal_70_30,acute,ancova_level,ancova_current_state,,BASE,R4_joint_residual,R4_joint_residual_minus_BASE,MAE,0.0019892434504035,-0.0077375899730653,0.0124116153503527,0.0053121934180054,340,,,,2014-05-15,500.0,500.0,paired person-cluster bootstrap
comparison,HRS,temporal_70_30,acute,ancova_level,ancova_current_state,,BASE,R4_joint_residual,R4_joint_residual_minus_BASE,predictive_R2,-0.0021426158592297,-0.0218115168671569,0.018449367466718,0.0100227514573467,340,,,,2014-05-15,500.0,500.0,paired person-cluster bootstrap
comparison,HRS,temporal_70_30,acute,ancova_level,ancova_current_state,,BASE,R4_joint_residual,R4_joint_residual_minus_BASE,mean_log_predictive_density,-0.0030154297582702,-0.0181086985348298,0.0122207995275939,0.007543910741358,340,,,,2014-05-15,500.0,500.0,paired person-cluster bootstrap
model_metric,HRS,temporal_70_30,persistence,change,context,BASE,,,,RMSE,1.0315776169415525,,,,340,0.0,0.0,0.0,2014-05-15,,,
model_metric,HRS,temporal_70_30,persistence,change,context,BASE,,,,MAE,0.7508803375349711,,,,340,0.0,0.0,0.0,2014-05-15,,,
model_metric,HRS,temporal_70_30,persistence,change,context,BASE,,,,predictive_R2,0.0084632309422211,,,,340,0.0,0.0,0.0,2014-05-15,,,
model_metric,HRS,temporal_70_30,persistence,change,context,BASE,,,,mean_log_predictive_density,-1.456460528718875,,,,340,0.0,0.0,0.0,2014-05-15,,,
model_metric,HRS,temporal_70_30,persistence,change,context,BASE,,,,calibration_intercept,-0.1819069188601536,,,,340,0.0,0.0,0.0,2014-05-15,,,
model_metric,HRS,temporal_70_30,persistence,change,context,BASE,,,,calibration_slope,1.4159527358416677,,,,340,0.0,0.0,0.0,2014-05-15,,,
model_metric,HRS,temporal_70_30,persistence,change,context,R1_prior_acute,,,,RMSE,1.0293503301001463,,,,340,0.0,0.0,0.0,2014-05-15,,,
model_metric,HRS,temporal_70_30,persistence,change,context,R1_prior_acute,,,,MAE,0.7516531035290402,,,,340,0.0,0.0,0.0,2014-05-15,,,
model_metric,HRS,temporal_70_30,persistence,change,context,R1_prior_acute,,,,predictive_R2,0.0127402773537995,,,,340,0.0,0.0,0.0,2014-05-15,,,
model_metric,HRS,temporal_70_30,persistence,change,context,R1_prior_acute,,,,mean_log_predictive_density,-1.454102818456257,,,,340,0.0,0.0,0.0,2014-05-15,,,
model_metric,HRS,temporal_70_30,persistence,change,context,R1_prior_acute,,,,calibration_intercept,-0.1788290347651513,,,,340,0.0,0.0,0.0,2014-05-15,,,
model_metric,HRS,temporal_70_30,persistence,change,context,R1_prior_acute,,,,calibration_slope,1.4119131817609838,,,,340,0.0,0.0,0.0,2014-05-15,,,
model_metric,HRS,temporal_70_30,persistence,change,context,R2_prior_persistence,,,,RMSE,0.9999402717769492,,,,340,0.0,0.0,0.0,2014-05-15,,,
model_metric,HRS,temporal_70_30,persistence,change,context,R2_prior_persistence,,,,MAE,0.7263196092798789,,,,340,0.0,0.0,0.0,2014-05-15,,,
model_metric,HRS,temporal_70_30,persistence,change,context,R2_prior_persistence,,,,predictive_R2,0.0683492834492061,,,,340,0.0,0.0,0.0,2014-05-15,,,
model_metric,HRS,temporal_70_30,persistence,change,context,R2_prior_persistence,,,,mean_log_predictive_density,-1.422930785147256,,,,340,0.0,0.0,0.0,2014-05-15,,,
model_metric,HRS,temporal_70_30,persistence,change,context,R2_prior_persistence,,,,calibration_intercept,-0.1291087571458641,,,,340,0.0,0.0,0.0,2014-05-15,,,
model_metric,HRS,temporal_70_30,persistence,change,context,R2_prior_persistence,,,,calibration_slope,1.405752762042543,,,,340,0.0,0.0,0.0,2014-05-15,,,
model_metric,HRS,temporal_70_30,persistence,change,context,R3_joint_raw,,,,RMSE,0.9974052902841112,,,,340,10.0,10.0,10.0,2014-05-15,,,
model_metric,HRS,temporal_70_30,persistence,change,context,R3_joint_raw,,,,MAE,0.722062191060008,,,,340,10.0,10.0,10.0,2014-05-15,,,
model_metric,HRS,temporal_70_30,persistence,change,context,R3_joint_raw,,,,predictive_R2,0.0730670126119598,,,,340,10.0,10.0,10.0,2014-05-15,,,
model_metric,HRS,temporal_70_30,persistence,change,context,R3_joint_raw,,,,mean_log_predictive_density,-1.420327962506324,,,,340,10.0,10.0,10.0,2014-05-15,,,
model_metric,HRS,temporal_70_30,persistence,change,context,R3_joint_raw,,,,calibration_intercept,-0.1155395770955475,,,,340,10.0,10.0,10.0,2014-05-15,,,
model_metric,HRS,temporal_70_30,persistence,change,context,R3_joint_raw,,,,calibration_slope,1.3669274451071256,,,,340,10.0,10.0,10.0,2014-05-15,,,
model_metric,HRS,temporal_70_30,persistence,change,context,R4_acute_residual,,,,RMSE,1.0272610438116097,,,,340,0.0,0.0,0.0,2014-05-15,,,
model_metric,HRS,temporal_70_30,persistence,change,context,R4_acute_residual,,,,MAE,0.7528946806009246,,,,340,0.0,0.0,0.0,2014-05-15,,,
model_metric,HRS,temporal_70_30,persistence,change,context,R4_acute_residual,,,,predictive_R2,0.0167439189298875,,,,340,0.0,0.0,0.0,2014-05-15,,,
model_metric,HRS,temporal_70_30,persistence,change,context,R4_acute_residual,,,,mean_log_predictive_density,-1.4518374777684055,,,,340,0.0,0.0,0.0,2014-05-15,,,
model_metric,HRS,temporal_70_30,persistence,change,context,R4_acute_residual,,,,calibration_intercept,-0.1903381876164463,,,,340,0.0,0.0,0.0,2014-05-15,,,
model_metric,HRS,temporal_70_30,persistence,change,context,R4_acute_residual,,,,calibration_slope,1.4693446188258985,,,,340,0.0,0.0,0.0,2014-05-15,,,
model_metric,HRS,temporal_70_30,persistence,change,context,R4_persistence_residual,,,,RMSE,0.987750034363032,,,,340,0.0,0.0,0.0,2014-05-15,,,
model_metric,HRS,temporal_70_30,persistence,change,context,R4_persistence_residual,,,,MAE,0.7227264212979683,,,,340,0.0,0.0,0.0,2014-05-15,,,
model_metric,HRS,temporal_70_30,persistence,change,context,R4_persistence_residual,,,,predictive_R2,0.0909262654502226,,,,340,0.0,0.0,0.0,2014-05-15,,,
model_metric,HRS,temporal_70_30,persistence,change,context,R4_persistence_residual,,,,mean_log_predictive_density,-1.4098941026587617,,,,340,0.0,0.0,0.0,2014-05-15,,,
model_metric,HRS,temporal_70_30,persistence,change,context,R4_persistence_residual,,,,calibration_intercept,-0.108831736987419,,,,340,0.0,0.0,0.0,2014-05-15,,,
model_metric,HRS,temporal_70_30,persistence,change,context,R4_persistence_residual,,,,calibration_slope,1.369947611577409,,,,340,0.0,0.0,0.0,2014-05-15,,,
model_metric,HRS,temporal_70_30,persistence,change,context,R4_joint_residual,,,,RMSE,0.9881507526165108,,,,340,10.0,10.0,10.0,2014-05-15,,,
model_metric,HRS,temporal_70_30,persistence,change,context,R4_joint_residual,,,,MAE,0.7214353625942961,,,,340,10.0,10.0,10.0,2014-05-15,,,
model_metric,HRS,temporal_70_30,persistence,change,context,R4_joint_residual,,,,predictive_R2,0.0901885153737692,,,,340,10.0,10.0,10.0,2014-05-15,,,
model_metric,HRS,temporal_70_30,persistence,change,context,R4_joint_residual,,,,mean_log_predictive_density,-1.4103932744989554,,,,340,10.0,10.0,10.0,2014-05-15,,,
model_metric,HRS,temporal_70_30,persistence,change,context,R4_joint_residual,,,,calibration_intercept,-0.1076890172358948,,,,340,10.0,10.0,10.0,2014-05-15,,,
model_metric,HRS,temporal_70_30,persistence,change,context,R4_joint_residual,,,,calibration_slope,1.370535699198491,,,,340,10.0,10.0,10.0,2014-05-15,,,
comparison,HRS,temporal_70_30,persistence,change,context,,BASE,R1_prior_acute,R1_prior_acute_minus_BASE,RMSE,0.0022272868414059,-0.0029999101918958,0.0077960019125886,0.0028817544347218,340,,,,2014-05-15,500.0,500.0,paired person-cluster bootstrap
comparison,HRS,temporal_70_30,persistence,change,context,,BASE,R1_prior_acute,R1_prior_acute_minus_BASE,MAE,-0.0007727659940691,-0.0048816188025149,0.0038357365518559,0.002230750833048,340,,,,2014-05-15,500.0,500.0,paired person-cluster bootstrap
comparison,HRS,temporal_70_30,persistence,change,context,,BASE,R1_prior_acute,R1_prior_acute_minus_BASE,predictive_R2,0.0042770464115784,-0.0060151511161505,0.0153937639232165,0.005541599722931,340,,,,2014-05-15,500.0,500.0,paired person-cluster bootstrap
comparison,HRS,temporal_70_30,persistence,change,context,,BASE,R1_prior_acute,R1_prior_acute_minus_BASE,mean_log_predictive_density,0.0023577102626179,-0.0034096221819633,0.0087881262093023,0.003259661675059,340,,,,2014-05-15,500.0,500.0,paired person-cluster bootstrap
comparison,HRS,temporal_70_30,persistence,change,context,,BASE,R2_prior_persistence,R2_prior_persistence_minus_BASE,RMSE,0.0316373451646032,0.0119089882929927,0.0549413510393805,0.0111219563586219,340,,,,2014-05-15,500.0,500.0,paired person-cluster bootstrap
comparison,HRS,temporal_70_30,persistence,change,context,,BASE,R2_prior_persistence,R2_prior_persistence_minus_BASE,MAE,0.0245607282550921,0.0077221866662384,0.043413312676285,0.0090083170375285,340,,,,2014-05-15,500.0,500.0,paired person-cluster bootstrap
comparison,HRS,temporal_70_30,persistence,change,context,,BASE,R2_prior_persistence,R2_prior_persistence_minus_BASE,predictive_R2,0.0598860525069849,0.0236154977682112,0.102107109930965,0.0202165133216951,340,,,,2014-05-15,500.0,500.0,paired person-cluster bootstrap
comparison,HRS,temporal_70_30,persistence,change,context,,BASE,R2_prior_persistence,R2_prior_persistence_minus_BASE,mean_log_predictive_density,0.033529743571619,0.0119049657653988,0.0609507697560831,0.0126151938745039,340,,,,2014-05-15,500.0,500.0,paired person-cluster bootstrap
comparison,HRS,temporal_70_30,persistence,change,context,,BASE,R3_joint_raw,R3_joint_raw_minus_BASE,RMSE,0.0341723266574413,0.0126330739666757,0.0577659245336224,0.0122646939038625,340,,,,2014-05-15,500.0,500.0,paired person-cluster bootstrap
comparison,HRS,temporal_70_30,persistence,change,context,,BASE,R3_joint_raw,R3_joint_raw_minus_BASE,MAE,0.028818146474963,0.0112736800785751,0.0461004135167374,0.00953656823509,340,,,,2014-05-15,500.0,500.0,paired person-cluster bootstrap
comparison,HRS,temporal_70_30,persistence,change,context,,BASE,R3_joint_raw,R3_joint_raw_minus_BASE,predictive_R2,0.0646037816697386,0.0237475647081716,0.1058194957797271,0.0223932901849305,340,,,,2014-05-15,500.0,500.0,paired person-cluster bootstrap
comparison,HRS,temporal_70_30,persistence,change,context,,BASE,R3_joint_raw,R3_joint_raw_minus_BASE,mean_log_predictive_density,0.0361325662125509,0.0110254659578462,0.0635007700280437,0.0139897766100282,340,,,,2014-05-15,500.0,500.0,paired person-cluster bootstrap
comparison,HRS,temporal_70_30,persistence,change,context,,BASE,R4_acute_residual,R4_acute_residual_minus_BASE,RMSE,0.0043165731299428,-0.0040355359058133,0.0122355255895774,0.0040195392808874,340,,,,2014-05-15,500.0,500.0,paired person-cluster bootstrap
comparison,HRS,temporal_70_30,persistence,change,context,,BASE,R4_acute_residual,R4_acute_residual_minus_BASE,MAE,-0.0020143430659534,-0.0076022696489205,0.0035702398594446,0.0029395530501948,340,,,,2014-05-15,500.0,500.0,paired person-cluster bootstrap
comparison,HRS,temporal_70_30,persistence,change,context,,BASE,R4_acute_residual,R4_acute_residual_minus_BASE,predictive_R2,0.0082806879876664,-0.0077788466715982,0.0229441909979423,0.0077138645801526,340,,,,2014-05-15,500.0,500.0,paired person-cluster bootstrap
comparison,HRS,temporal_70_30,persistence,change,context,,BASE,R4_acute_residual,R4_acute_residual_minus_BASE,mean_log_predictive_density,0.0046230509504694,-0.004732967247679,0.0138823284969372,0.0045471884257222,340,,,,2014-05-15,500.0,500.0,paired person-cluster bootstrap
comparison,HRS,temporal_70_30,persistence,change,context,,BASE,R4_persistence_residual,R4_persistence_residual_minus_BASE,RMSE,0.0438275825785203,0.0156973883942798,0.0736595036850116,0.0145066528034101,340,,,,2014-05-15,500.0,500.0,paired person-cluster bootstrap
comparison,HRS,temporal_70_30,persistence,change,context,,BASE,R4_persistence_residual,R4_persistence_residual_minus_BASE,MAE,0.0281539162370028,0.007806927393208,0.0497886141236933,0.0108879482480992,340,,,,2014-05-15,500.0,500.0,paired person-cluster bootstrap
comparison,HRS,temporal_70_30,persistence,change,context,,BASE,R4_persistence_residual,R4_persistence_residual_minus_BASE,predictive_R2,0.0824630345080015,0.0301980113322779,0.1338883728917182,0.0260894689804855,340,,,,2014-05-15,500.0,500.0,paired person-cluster bootstrap
comparison,HRS,temporal_70_30,persistence,change,context,,BASE,R4_persistence_residual,R4_persistence_residual_minus_BASE,mean_log_predictive_density,0.0465664260601135,0.0147403632459704,0.0822760839836576,0.0163702872412402,340,,,,2014-05-15,500.0,500.0,paired person-cluster bootstrap
comparison,HRS,temporal_70_30,persistence,change,context,,BASE,R4_joint_residual,R4_joint_residual_minus_BASE,RMSE,0.0434268643250417,0.0149208450164548,0.0709311185080346,0.0143246795487798,340,,,,2014-05-15,500.0,500.0,paired person-cluster bootstrap
comparison,HRS,temporal_70_30,persistence,change,context,,BASE,R4_joint_residual,R4_joint_residual_minus_BASE,MAE,0.0294449749406749,0.0077809301615089,0.0498423048034964,0.0110474715712989,340,,,,2014-05-15,500.0,500.0,paired person-cluster bootstrap
comparison,HRS,temporal_70_30,persistence,change,context,,BASE,R4_joint_residual,R4_joint_residual_minus_BASE,predictive_R2,0.0817252844315481,0.0290078929914523,0.1291813151186805,0.0260967337924882,340,,,,2014-05-15,500.0,500.0,paired person-cluster bootstrap
comparison,HRS,temporal_70_30,persistence,change,context,,BASE,R4_joint_residual,R4_joint_residual_minus_BASE,mean_log_predictive_density,0.0460672542199196,0.0138267875219591,0.07735234164613,0.0162148649472152,340,,,,2014-05-15,500.0,500.0,paired person-cluster bootstrap
model_metric,HRS,temporal_70_30,persistence,change,current_state,BASE,,,,RMSE,0.890141128469521,,,,340,0.0,0.0,0.0,2014-05-15,,,
model_metric,HRS,temporal_70_30,persistence,change,current_state,BASE,,,,MAE,0.687021047467634,,,,340,0.0,0.0,0.0,2014-05-15,,,
model_metric,HRS,temporal_70_30,persistence,change,current_state,BASE,,,,predictive_R2,0.2617172201181288,,,,340,0.0,0.0,0.0,2014-05-15,,,
model_metric,HRS,temporal_70_30,persistence,change,current_state,BASE,,,,mean_log_predictive_density,-1.306390644187705,,,,340,0.0,0.0,0.0,2014-05-15,,,
model_metric,HRS,temporal_70_30,persistence,change,current_state,BASE,,,,calibration_intercept,0.0124987063243612,,,,340,0.0,0.0,0.0,2014-05-15,,,
model_metric,HRS,temporal_70_30,persistence,change,current_state,BASE,,,,calibration_slope,1.1066148884523523,,,,340,0.0,0.0,0.0,2014-05-15,,,
model_metric,HRS,temporal_70_30,persistence,change,current_state,R1_prior_acute,,,,RMSE,0.8900626671403611,,,,340,0.0,0.0,0.0,2014-05-15,,,
model_metric,HRS,temporal_70_30,persistence,change,current_state,R1_prior_acute,,,,MAE,0.687104591084179,,,,340,0.0,0.0,0.0,2014-05-15,,,
model_metric,HRS,temporal_70_30,persistence,change,current_state,R1_prior_acute,,,,predictive_R2,0.2618473659868811,,,,340,0.0,0.0,0.0,2014-05-15,,,
model_metric,HRS,temporal_70_30,persistence,change,current_state,R1_prior_acute,,,,mean_log_predictive_density,-1.3062921308449869,,,,340,0.0,0.0,0.0,2014-05-15,,,
model_metric,HRS,temporal_70_30,persistence,change,current_state,R1_prior_acute,,,,calibration_intercept,0.0123669306235716,,,,340,0.0,0.0,0.0,2014-05-15,,,
model_metric,HRS,temporal_70_30,persistence,change,current_state,R1_prior_acute,,,,calibration_slope,1.1077132809707,,,,340,0.0,0.0,0.0,2014-05-15,,,
model_metric,HRS,temporal_70_30,persistence,change,current_state,R2_prior_persistence,,,,RMSE,0.8859765265877755,,,,340,0.0,0.0,0.0,2014-05-15,,,
model_metric,HRS,temporal_70_30,persistence,change,current_state,R2_prior_persistence,,,,MAE,0.6808029073057948,,,,340,0.0,0.0,0.0,2014-05-15,,,
model_metric,HRS,temporal_70_30,persistence,change,current_state,R2_prior_persistence,,,,predictive_R2,0.2686092987782573,,,,340,0.0,0.0,0.0,2014-05-15,,,
model_metric,HRS,temporal_70_30,persistence,change,current_state,R2_prior_persistence,,,,mean_log_predictive_density,-1.3013080179805865,,,,340,0.0,0.0,0.0,2014-05-15,,,
model_metric,HRS,temporal_70_30,persistence,change,current_state,R2_prior_persistence,,,,calibration_intercept,0.0201943476189424,,,,340,0.0,0.0,0.0,2014-05-15,,,
model_metric,HRS,temporal_70_30,persistence,change,current_state,R2_prior_persistence,,,,calibration_slope,1.1098149303037723,,,,340,0.0,0.0,0.0,2014-05-15,,,
model_metric,HRS,temporal_70_30,persistence,change,current_state,R3_joint_raw,,,,RMSE,0.8842457835465151,,,,340,100.0,100.0,100.0,2014-05-15,,,
model_metric,HRS,temporal_70_30,persistence,change,current_state,R3_joint_raw,,,,MAE,0.6796466345962696,,,,340,100.0,100.0,100.0,2014-05-15,,,
model_metric,HRS,temporal_70_30,persistence,change,current_state,R3_joint_raw,,,,predictive_R2,0.271464031198156,,,,340,100.0,100.0,100.0,2014-05-15,,,
model_metric,HRS,temporal_70_30,persistence,change,current_state,R3_joint_raw,,,,mean_log_predictive_density,-1.299210043638674,,,,340,100.0,100.0,100.0,2014-05-15,,,
model_metric,HRS,temporal_70_30,persistence,change,current_state,R3_joint_raw,,,,calibration_intercept,0.0205672649433958,,,,340,100.0,100.0,100.0,2014-05-15,,,
model_metric,HRS,temporal_70_30,persistence,change,current_state,R3_joint_raw,,,,calibration_slope,1.1217622020872915,,,,340,100.0,100.0,100.0,2014-05-15,,,
model_metric,HRS,temporal_70_30,persistence,change,current_state,R4_acute_residual,,,,RMSE,0.8854355552815875,,,,340,0.0,0.0,0.0,2014-05-15,,,
model_metric,HRS,temporal_70_30,persistence,change,current_state,R4_acute_residual,,,,MAE,0.6846320951286476,,,,340,0.0,0.0,0.0,2014-05-15,,,
model_metric,HRS,temporal_70_30,persistence,change,current_state,R4_acute_residual,,,,predictive_R2,0.2695021905807249,,,,340,0.0,0.0,0.0,2014-05-15,,,
model_metric,HRS,temporal_70_30,persistence,change,current_state,R4_acute_residual,,,,mean_log_predictive_density,-1.3013143171728567,,,,340,0.0,0.0,0.0,2014-05-15,,,
model_metric,HRS,temporal_70_30,persistence,change,current_state,R4_acute_residual,,,,calibration_intercept,0.0181569574971974,,,,340,0.0,0.0,0.0,2014-05-15,,,
model_metric,HRS,temporal_70_30,persistence,change,current_state,R4_acute_residual,,,,calibration_slope,1.1169156486026934,,,,340,0.0,0.0,0.0,2014-05-15,,,
model_metric,HRS,temporal_70_30,persistence,change,current_state,R4_persistence_residual,,,,RMSE,0.8928477422991141,,,,340,0.0,0.0,0.0,2014-05-15,,,
model_metric,HRS,temporal_70_30,persistence,change,current_state,R4_persistence_residual,,,,MAE,0.6914354823850344,,,,340,0.0,0.0,0.0,2014-05-15,,,
model_metric,HRS,temporal_70_30,persistence,change,current_state,R4_persistence_residual,,,,predictive_R2,0.2572206648886947,,,,340,0.0,0.0,0.0,2014-05-15,,,
model_metric,HRS,temporal_70_30,persistence,change,current_state,R4_persistence_residual,,,,mean_log_predictive_density,-1.3099257053233768,,,,340,0.0,0.0,0.0,2014-05-15,,,
model_metric,HRS,temporal_70_30,persistence,change,current_state,R4_persistence_residual,,,,calibration_intercept,0.0089913199423472,,,,340,0.0,0.0,0.0,2014-05-15,,,
model_metric,HRS,temporal_70_30,persistence,change,current_state,R4_persistence_residual,,,,calibration_slope,1.096068421266012,,,,340,0.0,0.0,0.0,2014-05-15,,,
model_metric,HRS,temporal_70_30,persistence,change,current_state,R4_joint_residual,,,,RMSE,0.8860332490270089,,,,340,100.0,100.0,100.0,2014-05-15,,,
model_metric,HRS,temporal_70_30,persistence,change,current_state,R4_joint_residual,,,,MAE,0.6855800116546401,,,,340,100.0,100.0,100.0,2014-05-15,,,
model_metric,HRS,temporal_70_30,persistence,change,current_state,R4_joint_residual,,,,predictive_R2,0.2685156448463793,,,,340,100.0,100.0,100.0,2014-05-15,,,
model_metric,HRS,temporal_70_30,persistence,change,current_state,R4_joint_residual,,,,mean_log_predictive_density,-1.3020587684874865,,,,340,100.0,100.0,100.0,2014-05-15,,,
model_metric,HRS,temporal_70_30,persistence,change,current_state,R4_joint_residual,,,,calibration_intercept,0.0160082148044892,,,,340,100.0,100.0,100.0,2014-05-15,,,
model_metric,HRS,temporal_70_30,persistence,change,current_state,R4_joint_residual,,,,calibration_slope,1.119240904471689,,,,340,100.0,100.0,100.0,2014-05-15,,,
comparison,HRS,temporal_70_30,persistence,change,current_state,,BASE,R1_prior_acute,R1_prior_acute_minus_BASE,RMSE,7.846132915989568e-05,-0.0003007052919512,0.0004671679480047,0.0002018822448023,340,,,,2014-05-15,500.0,500.0,paired person-cluster bootstrap
comparison,HRS,temporal_70_30,persistence,change,current_state,,BASE,R1_prior_acute,R1_prior_acute_minus_BASE,MAE,-8.354361654494546e-05,-0.0003908098655085,0.0001805616104689,0.0001547854109475,340,,,,2014-05-15,500.0,500.0,paired person-cluster bootstrap
comparison,HRS,temporal_70_30,persistence,change,current_state,,BASE,R1_prior_acute,R1_prior_acute_minus_BASE,predictive_R2,0.0001301458687522,-0.0005025815770059,0.0008009690607301,0.0003383426729763,340,,,,2014-05-15,500.0,500.0,paired person-cluster bootstrap
comparison,HRS,temporal_70_30,persistence,change,current_state,,BASE,R1_prior_acute,R1_prior_acute_minus_BASE,mean_log_predictive_density,9.85133427180429e-05,-0.0003788902795537,0.0006245894653123,0.0002573328587402,340,,,,2014-05-15,500.0,500.0,paired person-cluster bootstrap
comparison,HRS,temporal_70_30,persistence,change,current_state,,BASE,R2_prior_persistence,R2_prior_persistence_minus_BASE,RMSE,0.0041646018817455,-0.001059300619506,0.009643365117505,0.002703177651412,340,,,,2014-05-15,500.0,500.0,paired person-cluster bootstrap
comparison,HRS,temporal_70_30,persistence,change,current_state,,BASE,R2_prior_persistence,R2_prior_persistence_minus_BASE,MAE,0.0062181401618391,0.0015137604641165,0.0112439260647689,0.0025678027005495,340,,,,2014-05-15,500.0,500.0,paired person-cluster bootstrap
comparison,HRS,temporal_70_30,persistence,change,current_state,,BASE,R2_prior_persistence,R2_prior_persistence_minus_BASE,predictive_R2,0.0068920786601285,-0.0017329982850715,0.0157272790342666,0.0044293180733422,340,,,,2014-05-15,500.0,500.0,paired person-cluster bootstrap
comparison,HRS,temporal_70_30,persistence,change,current_state,,BASE,R2_prior_persistence,R2_prior_persistence_minus_BASE,mean_log_predictive_density,0.0050826262071184,-0.001541803093592,0.0120946629377181,0.0034260882540527,340,,,,2014-05-15,500.0,500.0,paired person-cluster bootstrap
comparison,HRS,temporal_70_30,persistence,change,current_state,,BASE,R3_joint_raw,R3_joint_raw_minus_BASE,RMSE,0.0058953449230059,0.00020322266763,0.0113950696914719,0.00298619529889,340,,,,2014-05-15,500.0,500.0,paired person-cluster bootstrap
comparison,HRS,temporal_70_30,persistence,change,current_state,,BASE,R3_joint_raw,R3_joint_raw_minus_BASE,MAE,0.0073744128713644,0.0022481668720154,0.0127191896395666,0.0027344951939257,340,,,,2014-05-15,500.0,500.0,paired person-cluster bootstrap
comparison,HRS,temporal_70_30,persistence,change,current_state,,BASE,R3_joint_raw,R3_joint_raw_minus_BASE,predictive_R2,0.0097468110800271,0.0003238414674738,0.0192655025504099,0.0049501717363391,340,,,,2014-05-15,500.0,500.0,paired person-cluster bootstrap
comparison,HRS,temporal_70_30,persistence,change,current_state,,BASE,R3_joint_raw,R3_joint_raw_minus_BASE,mean_log_predictive_density,0.0071806005490309,-8.627465523687316e-05,0.0143763367858134,0.003793777418676,340,,,,2014-05-15,500.0,500.0,paired person-cluster bootstrap
comparison,HRS,temporal_70_30,persistence,change,current_state,,BASE,R4_acute_residual,R4_acute_residual_minus_BASE,RMSE,0.0047055731879335,-0.0073446221789885,0.018172908248237,0.0066290857169797,340,,,,2014-05-15,500.0,500.0,paired person-cluster bootstrap
comparison,HRS,temporal_70_30,persistence,change,current_state,,BASE,R4_acute_residual,R4_acute_residual_minus_BASE,MAE,0.0023889523389863,-0.0077640424388225,0.0128655350822298,0.0053314497153828,340,,,,2014-05-15,500.0,500.0,paired person-cluster bootstrap
comparison,HRS,temporal_70_30,persistence,change,current_state,,BASE,R4_acute_residual,R4_acute_residual_minus_BASE,predictive_R2,0.007784970462596,-0.0124454426222284,0.0303424787236788,0.0113303258177376,340,,,,2014-05-15,500.0,500.0,paired person-cluster bootstrap
comparison,HRS,temporal_70_30,persistence,change,current_state,,BASE,R4_acute_residual,R4_acute_residual_minus_BASE,mean_log_predictive_density,0.0050763270148481,-0.0104356561721231,0.022102706978704,0.0084682232273089,340,,,,2014-05-15,500.0,500.0,paired person-cluster bootstrap
comparison,HRS,temporal_70_30,persistence,change,current_state,,BASE,R4_persistence_residual,R4_persistence_residual_minus_BASE,RMSE,-0.0027066138295931,-0.0061586069606864,0.0015710977024012,0.0018489034803357,340,,,,2014-05-15,500.0,500.0,paired person-cluster bootstrap
comparison,HRS,temporal_70_30,persistence,change,current_state,,BASE,R4_persistence_residual,R4_persistence_residual_minus_BASE,MAE,-0.0044144349174003,-0.0078236438750429,-0.0006494477940332,0.0018376204264896,340,,,,2014-05-15,500.0,500.0,paired person-cluster bootstrap
comparison,HRS,temporal_70_30,persistence,change,current_state,,BASE,R4_persistence_residual,R4_persistence_residual_minus_BASE,predictive_R2,-0.004496555229434,-0.0100416013320738,0.0025937357607572,0.0030884902799466,340,,,,2014-05-15,500.0,500.0,paired person-cluster bootstrap
comparison,HRS,temporal_70_30,persistence,change,current_state,,BASE,R4_persistence_residual,R4_persistence_residual_minus_BASE,mean_log_predictive_density,-0.0035350611356719,-0.0079259656042223,0.0019111688517532,0.0023462448104738,340,,,,2014-05-15,500.0,500.0,paired person-cluster bootstrap
comparison,HRS,temporal_70_30,persistence,change,current_state,,BASE,R4_joint_residual,R4_joint_residual_minus_BASE,RMSE,0.0041078794425121,-0.0062194002586067,0.0147105915444081,0.0055409948778602,340,,,,2014-05-15,500.0,500.0,paired person-cluster bootstrap
comparison,HRS,temporal_70_30,persistence,change,current_state,,BASE,R4_joint_residual,R4_joint_residual_minus_BASE,MAE,0.0014410358129939,-0.0077346744339271,0.0103031680693455,0.0045996739506016,340,,,,2014-05-15,500.0,500.0,paired person-cluster bootstrap
comparison,HRS,temporal_70_30,persistence,change,current_state,,BASE,R4_joint_residual,R4_joint_residual_minus_BASE,predictive_R2,0.0067984247282505,-0.0102448401047165,0.0252140139313725,0.0092686702963917,340,,,,2014-05-15,500.0,500.0,paired person-cluster bootstrap
comparison,HRS,temporal_70_30,persistence,change,current_state,,BASE,R4_joint_residual,R4_joint_residual_minus_BASE,mean_log_predictive_density,0.0043318757002184,-0.0090679640280358,0.0179540286739184,0.0070713687462188,340,,,,2014-05-15,500.0,500.0,paired person-cluster bootstrap
model_metric,HRS,temporal_70_30,persistence,ancova_level,ancova_current_state,BASE,,,,RMSE,0.890141128469521,,,,340,0.0,0.0,0.0,2014-05-15,,,
model_metric,HRS,temporal_70_30,persistence,ancova_level,ancova_current_state,BASE,,,,MAE,0.6870210474676341,,,,340,0.0,0.0,0.0,2014-05-15,,,
model_metric,HRS,temporal_70_30,persistence,ancova_level,ancova_current_state,BASE,,,,predictive_R2,0.2219153442573616,,,,340,0.0,0.0,0.0,2014-05-15,,,
model_metric,HRS,temporal_70_30,persistence,ancova_level,ancova_current_state,BASE,,,,mean_log_predictive_density,-1.3063906441877051,,,,340,0.0,0.0,0.0,2014-05-15,,,
model_metric,HRS,temporal_70_30,persistence,ancova_level,ancova_current_state,BASE,,,,calibration_intercept,0.0226127118736458,,,,340,0.0,0.0,0.0,2014-05-15,,,
model_metric,HRS,temporal_70_30,persistence,ancova_level,ancova_current_state,BASE,,,,calibration_slope,0.8641353921876754,,,,340,0.0,0.0,0.0,2014-05-15,,,
model_metric,HRS,temporal_70_30,persistence,ancova_level,ancova_current_state,R1_prior_acute,,,,RMSE,0.8900626671403611,,,,340,0.0,0.0,0.0,2014-05-15,,,
model_metric,HRS,temporal_70_30,persistence,ancova_level,ancova_current_state,R1_prior_acute,,,,MAE,0.687104591084179,,,,340,0.0,0.0,0.0,2014-05-15,,,
model_metric,HRS,temporal_70_30,persistence,ancova_level,ancova_current_state,R1_prior_acute,,,,predictive_R2,0.2220525064752053,,,,340,0.0,0.0,0.0,2014-05-15,,,
model_metric,HRS,temporal_70_30,persistence,ancova_level,ancova_current_state,R1_prior_acute,,,,mean_log_predictive_density,-1.306292130844987,,,,340,0.0,0.0,0.0,2014-05-15,,,
model_metric,HRS,temporal_70_30,persistence,ancova_level,ancova_current_state,R1_prior_acute,,,,calibration_intercept,0.0225795963645894,,,,340,0.0,0.0,0.0,2014-05-15,,,
model_metric,HRS,temporal_70_30,persistence,ancova_level,ancova_current_state,R1_prior_acute,,,,calibration_slope,0.864147041910102,,,,340,0.0,0.0,0.0,2014-05-15,,,
model_metric,HRS,temporal_70_30,persistence,ancova_level,ancova_current_state,R2_prior_persistence,,,,RMSE,0.8859765265877756,,,,340,0.0,0.0,0.0,2014-05-15,,,
model_metric,HRS,temporal_70_30,persistence,ancova_level,ancova_current_state,R2_prior_persistence,,,,MAE,0.6808029073057951,,,,340,0.0,0.0,0.0,2014-05-15,,,
model_metric,HRS,temporal_70_30,persistence,ancova_level,ancova_current_state,R2_prior_persistence,,,,predictive_R2,0.229178984691282,,,,340,0.0,0.0,0.0,2014-05-15,,,
model_metric,HRS,temporal_70_30,persistence,ancova_level,ancova_current_state,R2_prior_persistence,,,,mean_log_predictive_density,-1.3013080179805867,,,,340,0.0,0.0,0.0,2014-05-15,,,
model_metric,HRS,temporal_70_30,persistence,ancova_level,ancova_current_state,R2_prior_persistence,,,,calibration_intercept,0.028773409135884,,,,340,0.0,0.0,0.0,2014-05-15,,,
model_metric,HRS,temporal_70_30,persistence,ancova_level,ancova_current_state,R2_prior_persistence,,,,calibration_slope,0.8744074809266851,,,,340,0.0,0.0,0.0,2014-05-15,,,
model_metric,HRS,temporal_70_30,persistence,ancova_level,ancova_current_state,R3_joint_raw,,,,RMSE,0.8842457835465151,,,,340,100.0,100.0,100.0,2014-05-15,,,
model_metric,HRS,temporal_70_30,persistence,ancova_level,ancova_current_state,R3_joint_raw,,,,MAE,0.6796466345962691,,,,340,100.0,100.0,100.0,2014-05-15,,,
model_metric,HRS,temporal_70_30,persistence,ancova_level,ancova_current_state,R3_joint_raw,,,,predictive_R2,0.2321876198006228,,,,340,100.0,100.0,100.0,2014-05-15,,,
model_metric,HRS,temporal_70_30,persistence,ancova_level,ancova_current_state,R3_joint_raw,,,,mean_log_predictive_density,-1.299210043638674,,,,340,100.0,100.0,100.0,2014-05-15,,,
model_metric,HRS,temporal_70_30,persistence,ancova_level,ancova_current_state,R3_joint_raw,,,,calibration_intercept,0.0297498544438168,,,,340,100.0,100.0,100.0,2014-05-15,,,
model_metric,HRS,temporal_70_30,persistence,ancova_level,ancova_current_state,R3_joint_raw,,,,calibration_slope,0.8771868715171671,,,,340,100.0,100.0,100.0,2014-05-15,,,
model_metric,HRS,temporal_70_30,persistence,ancova_level,ancova_current_state,R4_acute_residual,,,,RMSE,0.8854355552815875,,,,340,0.0,0.0,0.0,2014-05-15,,,
model_metric,HRS,temporal_70_30,persistence,ancova_level,ancova_current_state,R4_acute_residual,,,,MAE,0.6846320951286478,,,,340,0.0,0.0,0.0,2014-05-15,,,
model_metric,HRS,temporal_70_30,persistence,ancova_level,ancova_current_state,R4_acute_residual,,,,predictive_R2,0.2301200135621568,,,,340,0.0,0.0,0.0,2014-05-15,,,
model_metric,HRS,temporal_70_30,persistence,ancova_level,ancova_current_state,R4_acute_residual,,,,mean_log_predictive_density,-1.3013143171728567,,,,340,0.0,0.0,0.0,2014-05-15,,,
model_metric,HRS,temporal_70_30,persistence,ancova_level,ancova_current_state,R4_acute_residual,,,,calibration_intercept,0.0276349190791177,,,,340,0.0,0.0,0.0,2014-05-15,,,
model_metric,HRS,temporal_70_30,persistence,ancova_level,ancova_current_state,R4_acute_residual,,,,calibration_slope,0.8651414071669659,,,,340,0.0,0.0,0.0,2014-05-15,,,
model_metric,HRS,temporal_70_30,persistence,ancova_level,ancova_current_state,R4_persistence_residual,,,,RMSE,0.8928477422991142,,,,340,0.0,0.0,0.0,2014-05-15,,,
model_metric,HRS,temporal_70_30,persistence,ancova_level,ancova_current_state,R4_persistence_residual,,,,MAE,0.6914354823850343,,,,340,0.0,0.0,0.0,2014-05-15,,,
model_metric,HRS,temporal_70_30,persistence,ancova_level,ancova_current_state,R4_persistence_residual,,,,predictive_R2,0.2171763733331286,,,,340,0.0,0.0,0.0,2014-05-15,,,
model_metric,HRS,temporal_70_30,persistence,ancova_level,ancova_current_state,R4_persistence_residual,,,,mean_log_predictive_density,-1.309925705323377,,,,340,0.0,0.0,0.0,2014-05-15,,,
model_metric,HRS,temporal_70_30,persistence,ancova_level,ancova_current_state,R4_persistence_residual,,,,calibration_intercept,0.0192855913596347,,,,340,0.0,0.0,0.0,2014-05-15,,,
model_metric,HRS,temporal_70_30,persistence,ancova_level,ancova_current_state,R4_persistence_residual,,,,calibration_slope,0.8561700929310472,,,,340,0.0,0.0,0.0,2014-05-15,,,
model_metric,HRS,temporal_70_30,persistence,ancova_level,ancova_current_state,R4_joint_residual,,,,RMSE,0.886033249027009,,,,340,100.0,100.0,100.0,2014-05-15,,,
model_metric,HRS,temporal_70_30,persistence,ancova_level,ancova_current_state,R4_joint_residual,,,,MAE,0.6855800116546394,,,,340,100.0,100.0,100.0,2014-05-15,,,
model_metric,HRS,temporal_70_30,persistence,ancova_level,ancova_current_state,R4_joint_residual,,,,predictive_R2,0.229080281742588,,,,340,100.0,100.0,100.0,2014-05-15,,,
model_metric,HRS,temporal_70_30,persistence,ancova_level,ancova_current_state,R4_joint_residual,,,,mean_log_predictive_density,-1.3020587684874871,,,,340,100.0,100.0,100.0,2014-05-15,,,
model_metric,HRS,temporal_70_30,persistence,ancova_level,ancova_current_state,R4_joint_residual,,,,calibration_intercept,0.0260986632362967,,,,340,100.0,100.0,100.0,2014-05-15,,,
model_metric,HRS,temporal_70_30,persistence,ancova_level,ancova_current_state,R4_joint_residual,,,,calibration_slope,0.8668924983396628,,,,340,100.0,100.0,100.0,2014-05-15,,,
comparison,HRS,temporal_70_30,persistence,ancova_level,ancova_current_state,,BASE,R1_prior_acute,R1_prior_acute_minus_BASE,RMSE,7.846132915989568e-05,-0.0003614257202626,0.0004603728697995,0.0002030068289263,340,,,,2014-05-15,500.0,500.0,paired person-cluster bootstrap
comparison,HRS,temporal_70_30,persistence,ancova_level,ancova_current_state,,BASE,R1_prior_acute,R1_prior_acute_minus_BASE,MAE,-8.354361654483444e-05,-0.0004334989558931,0.0002154778001997,0.0001640495224523,340,,,,2014-05-15,500.0,500.0,paired person-cluster bootstrap
comparison,HRS,temporal_70_30,persistence,ancova_level,ancova_current_state,,BASE,R1_prior_acute,R1_prior_acute_minus_BASE,predictive_R2,0.0001371622178437,-0.000619947301097,0.0007952801683164,0.0003585507832024,340,,,,2014-05-15,500.0,500.0,paired person-cluster bootstrap
comparison,HRS,temporal_70_30,persistence,ancova_level,ancova_current_state,,BASE,R1_prior_acute,R1_prior_acute_minus_BASE,mean_log_predictive_density,9.85133427180429e-05,-0.0004343329413886,0.0005895719337476,0.0002585805260892,340,,,,2014-05-15,500.0,500.0,paired person-cluster bootstrap
comparison,HRS,temporal_70_30,persistence,ancova_level,ancova_current_state,,BASE,R2_prior_persistence,R2_prior_persistence_minus_BASE,RMSE,0.0041646018817453,-0.001485051471757,0.0093866448400675,0.0027767459679893,340,,,,2014-05-15,500.0,500.0,paired person-cluster bootstrap
comparison,HRS,temporal_70_30,persistence,ancova_level,ancova_current_state,,BASE,R2_prior_persistence,R2_prior_persistence_minus_BASE,MAE,0.006218140161839,0.0012718603546948,0.0109041776196216,0.0026289951922534,340,,,,2014-05-15,500.0,500.0,paired person-cluster bootstrap
comparison,HRS,temporal_70_30,persistence,ancova_level,ancova_current_state,,BASE,R2_prior_persistence,R2_prior_persistence_minus_BASE,predictive_R2,0.0072636404339204,-0.002694469112096,0.0164828853442817,0.0048900457954769,340,,,,2014-05-15,500.0,500.0,paired person-cluster bootstrap
comparison,HRS,temporal_70_30,persistence,ancova_level,ancova_current_state,,BASE,R2_prior_persistence,R2_prior_persistence_minus_BASE,mean_log_predictive_density,0.0050826262071184,-0.0022199637226348,0.0116899484015697,0.0035220181348601,340,,,,2014-05-15,500.0,500.0,paired person-cluster bootstrap
comparison,HRS,temporal_70_30,persistence,ancova_level,ancova_current_state,,BASE,R3_joint_raw,R3_joint_raw_minus_BASE,RMSE,0.0058953449230059,0.0003738227885816,0.0120500229998791,0.00314958403786,340,,,,2014-05-15,500.0,500.0,paired person-cluster bootstrap
comparison,HRS,temporal_70_30,persistence,ancova_level,ancova_current_state,,BASE,R3_joint_raw,R3_joint_raw_minus_BASE,MAE,0.007374412871365,0.0021268799660478,0.0126054465226912,0.00283162238912,340,,,,2014-05-15,500.0,500.0,paired person-cluster bootstrap
comparison,HRS,temporal_70_30,persistence,ancova_level,ancova_current_state,,BASE,R3_joint_raw,R3_joint_raw_minus_BASE,predictive_R2,0.0102722755432612,0.0006961900640526,0.0213444925431621,0.0056223337373485,340,,,,2014-05-15,500.0,500.0,paired person-cluster bootstrap
comparison,HRS,temporal_70_30,persistence,ancova_level,ancova_current_state,,BASE,R3_joint_raw,R3_joint_raw_minus_BASE,mean_log_predictive_density,0.0071806005490311,0.0001242525249016,0.0147563156927318,0.0039752646843026,340,,,,2014-05-15,500.0,500.0,paired person-cluster bootstrap
comparison,HRS,temporal_70_30,persistence,ancova_level,ancova_current_state,,BASE,R4_acute_residual,R4_acute_residual_minus_BASE,RMSE,0.0047055731879335,-0.0069216812417955,0.0169667828408878,0.0064855526472681,340,,,,2014-05-15,500.0,500.0,paired person-cluster bootstrap
comparison,HRS,temporal_70_30,persistence,ancova_level,ancova_current_state,,BASE,R4_acute_residual,R4_acute_residual_minus_BASE,MAE,0.0023889523389863,-0.0078647072519117,0.0126263271500213,0.0052820347187262,340,,,,2014-05-15,500.0,500.0,paired person-cluster bootstrap
comparison,HRS,temporal_70_30,persistence,ancova_level,ancova_current_state,,BASE,R4_acute_residual,R4_acute_residual_minus_BASE,predictive_R2,0.0082046693047952,-0.0125364919870141,0.0292014798210325,0.01125272516437,340,,,,2014-05-15,500.0,500.0,paired person-cluster bootstrap
comparison,HRS,temporal_70_30,persistence,ancova_level,ancova_current_state,,BASE,R4_acute_residual,R4_acute_residual_minus_BASE,mean_log_predictive_density,0.0050763270148483,-0.0097232925917674,0.0207735777073985,0.0082558485858846,340,,,,2014-05-15,500.0,500.0,paired person-cluster bootstrap
comparison,HRS,temporal_70_30,persistence,ancova_level,ancova_current_state,,BASE,R4_persistence_residual,R4_persistence_residual_minus_BASE,RMSE,-0.0027066138295932,-0.0064925889668325,0.0009495837723879,0.0019824818395444,340,,,,2014-05-15,500.0,500.0,paired person-cluster bootstrap
comparison,HRS,temporal_70_30,persistence,ancova_level,ancova_current_state,,BASE,R4_persistence_residual,R4_persistence_residual_minus_BASE,MAE,-0.0044144349174001,-0.0079970915527225,-0.000459748337428,0.0018928651209378,340,,,,2014-05-15,500.0,500.0,paired person-cluster bootstrap
comparison,HRS,temporal_70_30,persistence,ancova_level,ancova_current_state,,BASE,R4_persistence_residual,R4_persistence_residual_minus_BASE,predictive_R2,-0.0047389709242329,-0.0118677351638837,0.0016232251015548,0.0035328544635425,340,,,,2014-05-15,500.0,500.0,paired person-cluster bootstrap
comparison,HRS,temporal_70_30,persistence,ancova_level,ancova_current_state,,BASE,R4_persistence_residual,R4_persistence_residual_minus_BASE,mean_log_predictive_density,-0.0035350611356719,-0.0083556819647279,0.0011148110685784,0.0025271061600523,340,,,,2014-05-15,500.0,500.0,paired person-cluster bootstrap
comparison,HRS,temporal_70_30,persistence,ancova_level,ancova_current_state,,BASE,R4_joint_residual,R4_joint_residual_minus_BASE,RMSE,0.004107879442512,-0.0075879031790003,0.0145269270438656,0.0057732280035599,340,,,,2014-05-15,500.0,500.0,paired person-cluster bootstrap
comparison,HRS,temporal_70_30,persistence,ancova_level,ancova_current_state,,BASE,R4_joint_residual,R4_joint_residual_minus_BASE,MAE,0.0014410358129947,-0.0080272417342871,0.0103617074945252,0.0046863040411283,340,,,,2014-05-15,500.0,500.0,paired person-cluster bootstrap
comparison,HRS,temporal_70_30,persistence,ancova_level,ancova_current_state,,BASE,R4_joint_residual,R4_joint_residual_minus_BASE,predictive_R2,0.0071649374852263,-0.0135704096931002,0.0255743465509842,0.0100819799413623,340,,,,2014-05-15,500.0,500.0,paired person-cluster bootstrap
comparison,HRS,temporal_70_30,persistence,ancova_level,ancova_current_state,,BASE,R4_joint_residual,R4_joint_residual_minus_BASE,mean_log_predictive_density,0.0043318757002179,-0.0103963557196823,0.0174303379248542,0.0073810597159854,340,,,,2014-05-15,500.0,500.0,paired person-cluster bootstrap
model_metric,UKHLS,grouped_10fold,acute,change,context,BASE,,,,RMSE,1.0818463228191908,,,,1955,0.0,0.0,0.0,,,,
model_metric,UKHLS,grouped_10fold,acute,change,context,BASE,,,,MAE,0.7531272169197588,,,,1955,0.0,0.0,0.0,,,,
model_metric,UKHLS,grouped_10fold,acute,change,context,BASE,,,,predictive_R2,0.003851237648726,,,,1955,0.0,0.0,0.0,,,,
model_metric,UKHLS,grouped_10fold,acute,change,context,BASE,,,,mean_log_predictive_density,-1.4984808635868672,,,,1955,0.0,0.0,0.0,,,,
model_metric,UKHLS,grouped_10fold,acute,change,context,BASE,,,,calibration_intercept,0.053474281867811,,,,1955,0.0,0.0,0.0,,,,
model_metric,UKHLS,grouped_10fold,acute,change,context,BASE,,,,calibration_slope,0.6213964353758351,,,,1955,0.0,0.0,0.0,,,,
model_metric,UKHLS,grouped_10fold,acute,change,context,R1_prior_acute,,,,RMSE,1.0825361591361886,,,,1955,0.0,0.0,0.0,,,,
model_metric,UKHLS,grouped_10fold,acute,change,context,R1_prior_acute,,,,MAE,0.753665333008493,,,,1955,0.0,0.0,0.0,,,,
model_metric,UKHLS,grouped_10fold,acute,change,context,R1_prior_acute,,,,predictive_R2,0.002580449611669,,,,1955,0.0,0.0,0.0,,,,
model_metric,UKHLS,grouped_10fold,acute,change,context,R1_prior_acute,,,,mean_log_predictive_density,-1.4991241139363212,,,,1955,0.0,0.0,0.0,,,,
model_metric,UKHLS,grouped_10fold,acute,change,context,R1_prior_acute,,,,calibration_intercept,0.0594973307734802,,,,1955,0.0,0.0,0.0,,,,
model_metric,UKHLS,grouped_10fold,acute,change,context,R1_prior_acute,,,,calibration_slope,0.580849011714123,,,,1955,0.0,0.0,0.0,,,,
model_metric,UKHLS,grouped_10fold,acute,change,context,R2_prior_persistence,,,,RMSE,1.067237443121936,,,,1955,0.0,0.0,0.0,,,,
model_metric,UKHLS,grouped_10fold,acute,change,context,R2_prior_persistence,,,,MAE,0.747750474257765,,,,1955,0.0,0.0,0.0,,,,
model_metric,UKHLS,grouped_10fold,acute,change,context,R2_prior_persistence,,,,predictive_R2,0.0305728899962592,,,,1955,0.0,0.0,0.0,,,,
model_metric,UKHLS,grouped_10fold,acute,change,context,R2_prior_persistence,,,,mean_log_predictive_density,-1.4850423551954022,,,,1955,0.0,0.0,0.0,,,,
model_metric,UKHLS,grouped_10fold,acute,change,context,R2_prior_persistence,,,,calibration_intercept,0.0201335703711031,,,,1955,0.0,0.0,0.0,,,,
model_metric,UKHLS,grouped_10fold,acute,change,context,R2_prior_persistence,,,,calibration_slope,0.8528207853474193,,,,1955,0.0,0.0,0.0,,,,
model_metric,UKHLS,grouped_10fold,acute,change,context,R3_joint_raw,,,,RMSE,1.064885487508308,,,,1955,10.0,10.0,100.0,,,,
model_metric,UKHLS,grouped_10fold,acute,change,context,R3_joint_raw,,,,MAE,0.7466852269144311,,,,1955,10.0,10.0,100.0,,,,
model_metric,UKHLS,grouped_10fold,acute,change,context,R3_joint_raw,,,,predictive_R2,0.0348409883191875,,,,1955,10.0,10.0,100.0,,,,
model_metric,UKHLS,grouped_10fold,acute,change,context,R3_joint_raw,,,,mean_log_predictive_density,-1.482809816491816,,,,1955,10.0,10.0,100.0,,,,
model_metric,UKHLS,grouped_10fold,acute,change,context,R3_joint_raw,,,,calibration_intercept,0.0179562567750132,,,,1955,10.0,10.0,100.0,,,,
model_metric,UKHLS,grouped_10fold,acute,change,context,R3_joint_raw,,,,calibration_slope,0.8661334498904204,,,,1955,10.0,10.0,100.0,,,,
model_metric,UKHLS,grouped_10fold,acute,change,context,R4_acute_residual,,,,RMSE,1.0823040760718106,,,,1955,0.0,0.0,0.0,,,,
model_metric,UKHLS,grouped_10fold,acute,change,context,R4_acute_residual,,,,MAE,0.7534598179147043,,,,1955,0.0,0.0,0.0,,,,
model_metric,UKHLS,grouped_10fold,acute,change,context,R4_acute_residual,,,,predictive_R2,0.0030080738901246,,,,1955,0.0,0.0,0.0,,,,
model_metric,UKHLS,grouped_10fold,acute,change,context,R4_acute_residual,,,,mean_log_predictive_density,-1.498912504460922,,,,1955,0.0,0.0,0.0,,,,
model_metric,UKHLS,grouped_10fold,acute,change,context,R4_acute_residual,,,,calibration_intercept,0.0574586713173228,,,,1955,0.0,0.0,0.0,,,,
model_metric,UKHLS,grouped_10fold,acute,change,context,R4_acute_residual,,,,calibration_slope,0.5938241120562953,,,,1955,0.0,0.0,0.0,,,,
model_metric,UKHLS,grouped_10fold,acute,change,context,R4_persistence_residual,,,,RMSE,1.058485292940912,,,,1955,0.0,0.0,0.0,,,,
model_metric,UKHLS,grouped_10fold,acute,change,context,R4_persistence_residual,,,,MAE,0.7466935933331089,,,,1955,0.0,0.0,0.0,,,,
model_metric,UKHLS,grouped_10fold,acute,change,context,R4_persistence_residual,,,,predictive_R2,0.0464077574373349,,,,1955,0.0,0.0,0.0,,,,
model_metric,UKHLS,grouped_10fold,acute,change,context,R4_persistence_residual,,,,mean_log_predictive_density,-1.4767965821736424,,,,1955,0.0,0.0,0.0,,,,
model_metric,UKHLS,grouped_10fold,acute,change,context,R4_persistence_residual,,,,calibration_intercept,0.0142668078218246,,,,1955,0.0,0.0,0.0,,,,
model_metric,UKHLS,grouped_10fold,acute,change,context,R4_persistence_residual,,,,calibration_slope,0.89379034386793,,,,1955,0.0,0.0,0.0,,,,
model_metric,UKHLS,grouped_10fold,acute,change,context,R4_joint_residual,,,,RMSE,1.057438137997768,,,,1955,10.0,10.0,100.0,,,,
model_metric,UKHLS,grouped_10fold,acute,change,context,R4_joint_residual,,,,MAE,0.7456934543902424,,,,1955,10.0,10.0,100.0,,,,
model_metric,UKHLS,grouped_10fold,acute,change,context,R4_joint_residual,,,,predictive_R2,0.0482935935509274,,,,1955,10.0,10.0,100.0,,,,
model_metric,UKHLS,grouped_10fold,acute,change,context,R4_joint_residual,,,,mean_log_predictive_density,-1.475801575988982,,,,1955,10.0,10.0,100.0,,,,
model_metric,UKHLS,grouped_10fold,acute,change,context,R4_joint_residual,,,,calibration_intercept,0.0129989608942269,,,,1955,10.0,10.0,100.0,,,,
model_metric,UKHLS,grouped_10fold,acute,change,context,R4_joint_residual,,,,calibration_slope,0.9006614598733225,,,,1955,10.0,10.0,100.0,,,,
comparison,UKHLS,grouped_10fold,acute,change,context,,BASE,R1_prior_acute,R1_prior_acute_minus_BASE,RMSE,-0.0006898363169978,-0.001168009068546,-0.0001950419393909,0.0002377164778986,1955,,,,,500.0,500.0,paired person-cluster bootstrap
comparison,UKHLS,grouped_10fold,acute,change,context,,BASE,R1_prior_acute,R1_prior_acute_minus_BASE,MAE,-0.0005381160887342,-0.0009253294733731,-5.185020520477349e-05,0.000213502106402,1955,,,,,500.0,500.0,paired person-cluster bootstrap
comparison,UKHLS,grouped_10fold,acute,change,context,,BASE,R1_prior_acute,R1_prior_acute_minus_BASE,predictive_R2,-0.001270788037057,-0.0021598574280197,-0.0003588860185963,0.000440167642097,1955,,,,,500.0,500.0,paired person-cluster bootstrap
comparison,UKHLS,grouped_10fold,acute,change,context,,BASE,R1_prior_acute,R1_prior_acute_minus_BASE,mean_log_predictive_density,-0.000643250349454,-0.0010912799672556,-0.000187762148287,0.0002243528609691,1955,,,,,500.0,500.0,paired person-cluster bootstrap
comparison,UKHLS,grouped_10fold,acute,change,context,,BASE,R2_prior_persistence,R2_prior_persistence_minus_BASE,RMSE,0.0146088796972547,0.0048385277563768,0.0249618553767775,0.0052459289756871,1955,,,,,500.0,500.0,paired person-cluster bootstrap
comparison,UKHLS,grouped_10fold,acute,change,context,,BASE,R2_prior_persistence,R2_prior_persistence_minus_BASE,MAE,0.0053767426619938,-0.0012845749806411,0.0130880318766814,0.003645990500823,1955,,,,,500.0,500.0,paired person-cluster bootstrap
comparison,UKHLS,grouped_10fold,acute,change,context,,BASE,R2_prior_persistence,R2_prior_persistence_minus_BASE,predictive_R2,0.0267216523475332,0.009046544406153,0.0458439552084291,0.0095038562108899,1955,,,,,500.0,500.0,paired person-cluster bootstrap
comparison,UKHLS,grouped_10fold,acute,change,context,,BASE,R2_prior_persistence,R2_prior_persistence_minus_BASE,mean_log_predictive_density,0.0134385083914649,0.0041712645678828,0.0232245655465798,0.0050235947207151,1955,,,,,500.0,500.0,paired person-cluster bootstrap
comparison,UKHLS,grouped_10fold,acute,change,context,,BASE,R3_joint_raw,R3_joint_raw_minus_BASE,RMSE,0.0169608353108827,0.00566267354714,0.0286092877248957,0.00589094407409,1955,,,,,500.0,500.0,paired person-cluster bootstrap
comparison,UKHLS,grouped_10fold,acute,change,context,,BASE,R3_joint_raw,R3_joint_raw_minus_BASE,MAE,0.0064419900053277,-0.0016511892661919,0.0146064209751796,0.0040635351015437,1955,,,,,500.0,500.0,paired person-cluster bootstrap
comparison,UKHLS,grouped_10fold,acute,change,context,,BASE,R3_joint_raw,R3_joint_raw_minus_BASE,predictive_R2,0.0309897506704615,0.0104135222797476,0.0517749912193732,0.0105611693156446,1955,,,,,500.0,500.0,paired person-cluster bootstrap
comparison,UKHLS,grouped_10fold,acute,change,context,,BASE,R3_joint_raw,R3_joint_raw_minus_BASE,mean_log_predictive_density,0.0156710470950511,0.0049754595385917,0.0268480984154593,0.0056242227202795,1955,,,,,500.0,500.0,paired person-cluster bootstrap
comparison,UKHLS,grouped_10fold,acute,change,context,,BASE,R4_acute_residual,R4_acute_residual_minus_BASE,RMSE,-0.0004577532526197,-0.001218553443212,0.000242811665158,0.0003762800340228,1955,,,,,500.0,500.0,paired person-cluster bootstrap
comparison,UKHLS,grouped_10fold,acute,change,context,,BASE,R4_acute_residual,R4_acute_residual_minus_BASE,MAE,-0.0003326009949454,-0.0009179429591224,0.0002307862765767,0.0002972401189415,1955,,,,,500.0,500.0,paired person-cluster bootstrap
comparison,UKHLS,grouped_10fold,acute,change,context,,BASE,R4_acute_residual,R4_acute_residual_minus_BASE,predictive_R2,-0.0008431637586013,-0.0022390124462634,0.0004407063825338,0.0006975609613415,1955,,,,,500.0,500.0,paired person-cluster bootstrap
comparison,UKHLS,grouped_10fold,acute,change,context,,BASE,R4_acute_residual,R4_acute_residual_minus_BASE,mean_log_predictive_density,-0.0004316408740547,-0.0011329420864793,0.0002346191583505,0.0003536603832041,1955,,,,,500.0,500.0,paired person-cluster bootstrap
comparison,UKHLS,grouped_10fold,acute,change,context,,BASE,R4_persistence_residual,R4_persistence_residual_minus_BASE,RMSE,0.0233610298782787,0.0101499995135156,0.0351905839086905,0.0065502925067238,1955,,,,,500.0,500.0,paired person-cluster bootstrap
comparison,UKHLS,grouped_10fold,acute,change,context,,BASE,R4_persistence_residual,R4_persistence_residual_minus_BASE,MAE,0.0064336235866498,-0.0024459651061784,0.0147513721292578,0.0046704134017032,1955,,,,,500.0,500.0,paired person-cluster bootstrap
comparison,UKHLS,grouped_10fold,acute,change,context,,BASE,R4_persistence_residual,R4_persistence_residual_minus_BASE,predictive_R2,0.0425565197886088,0.0186629734875281,0.0635810049985979,0.0116334904591598,1955,,,,,500.0,500.0,paired person-cluster bootstrap
comparison,UKHLS,grouped_10fold,acute,change,context,,BASE,R4_persistence_residual,R4_persistence_residual_minus_BASE,mean_log_predictive_density,0.0216842814132247,0.0090600909619161,0.0328823483054514,0.0062052775260598,1955,,,,,500.0,500.0,paired person-cluster bootstrap
comparison,UKHLS,grouped_10fold,acute,change,context,,BASE,R4_joint_residual,R4_joint_residual_minus_BASE,RMSE,0.0244081848214228,0.01122290629628,0.0395217043116228,0.0069502097065733,1955,,,,,500.0,500.0,paired person-cluster bootstrap
comparison,UKHLS,grouped_10fold,acute,change,context,,BASE,R4_joint_residual,R4_joint_residual_minus_BASE,MAE,0.0074337625295164,-0.0017235017575633,0.0169813575246889,0.0047968144407157,1955,,,,,500.0,500.0,paired person-cluster bootstrap
comparison,UKHLS,grouped_10fold,acute,change,context,,BASE,R4_joint_residual,R4_joint_residual_minus_BASE,predictive_R2,0.0444423559022013,0.0205429655888241,0.0698962841924495,0.0122994654289009,1955,,,,,500.0,500.0,paired person-cluster bootstrap
comparison,UKHLS,grouped_10fold,acute,change,context,,BASE,R4_joint_residual,R4_joint_residual_minus_BASE,mean_log_predictive_density,0.0226792875978851,0.010022220776246,0.0368634241831054,0.006649647799705,1955,,,,,500.0,500.0,paired person-cluster bootstrap
model_metric,UKHLS,grouped_10fold,acute,change,current_state,BASE,,,,RMSE,0.9416227860994794,,,,1955,0.0,0.0,0.0,,,,
model_metric,UKHLS,grouped_10fold,acute,change,current_state,BASE,,,,MAE,0.7038406845341784,,,,1955,0.0,0.0,0.0,,,,
model_metric,UKHLS,grouped_10fold,acute,change,current_state,BASE,,,,predictive_R2,0.2453475750798724,,,,1955,0.0,0.0,0.0,,,,
model_metric,UKHLS,grouped_10fold,acute,change,current_state,BASE,,,,mean_log_predictive_density,-1.3591159893127254,,,,1955,0.0,0.0,0.0,,,,
model_metric,UKHLS,grouped_10fold,acute,change,current_state,BASE,,,,calibration_intercept,0.0024425163593239,,,,1955,0.0,0.0,0.0,,,,
model_metric,UKHLS,grouped_10fold,acute,change,current_state,BASE,,,,calibration_slope,0.9780478331791376,,,,1955,0.0,0.0,0.0,,,,
model_metric,UKHLS,grouped_10fold,acute,change,current_state,R1_prior_acute,,,,RMSE,0.9419176346898576,,,,1955,0.0,0.0,0.0,,,,
model_metric,UKHLS,grouped_10fold,acute,change,current_state,R1_prior_acute,,,,MAE,0.7038329943380206,,,,1955,0.0,0.0,0.0,,,,
model_metric,UKHLS,grouped_10fold,acute,change,current_state,R1_prior_acute,,,,predictive_R2,0.2448748952684056,,,,1955,0.0,0.0,0.0,,,,
model_metric,UKHLS,grouped_10fold,acute,change,current_state,R1_prior_acute,,,,mean_log_predictive_density,-1.3594426738106156,,,,1955,0.0,0.0,0.0,,,,
model_metric,UKHLS,grouped_10fold,acute,change,current_state,R1_prior_acute,,,,calibration_intercept,0.003173842053462,,,,1955,0.0,0.0,0.0,,,,
model_metric,UKHLS,grouped_10fold,acute,change,current_state,R1_prior_acute,,,,calibration_slope,0.9747287536626112,,,,1955,0.0,0.0,0.0,,,,
model_metric,UKHLS,grouped_10fold,acute,change,current_state,R2_prior_persistence,,,,RMSE,0.9409752842930232,,,,1955,0.0,0.0,0.0,,,,
model_metric,UKHLS,grouped_10fold,acute,change,current_state,R2_prior_persistence,,,,MAE,0.7024027996766274,,,,1955,0.0,0.0,0.0,,,,
model_metric,UKHLS,grouped_10fold,acute,change,current_state,R2_prior_persistence,,,,predictive_R2,0.2463850835401154,,,,1955,0.0,0.0,0.0,,,,
model_metric,UKHLS,grouped_10fold,acute,change,current_state,R2_prior_persistence,,,,mean_log_predictive_density,-1.3584397150396086,,,,1955,0.0,0.0,0.0,,,,
model_metric,UKHLS,grouped_10fold,acute,change,current_state,R2_prior_persistence,,,,calibration_intercept,0.002924064136547,,,,1955,0.0,0.0,0.0,,,,
model_metric,UKHLS,grouped_10fold,acute,change,current_state,R2_prior_persistence,,,,calibration_slope,0.9755533121123888,,,,1955,0.0,0.0,0.0,,,,
model_metric,UKHLS,grouped_10fold,acute,change,current_state,R3_joint_raw,,,,RMSE,0.9393807268078193,,,,1955,10.0,100.0,100.0,,,,
model_metric,UKHLS,grouped_10fold,acute,change,current_state,R3_joint_raw,,,,MAE,0.7009866321143619,,,,1955,10.0,100.0,100.0,,,,
model_metric,UKHLS,grouped_10fold,acute,change,current_state,R3_joint_raw,,,,predictive_R2,0.2489370403298555,,,,1955,10.0,100.0,100.0,,,,
model_metric,UKHLS,grouped_10fold,acute,change,current_state,R3_joint_raw,,,,mean_log_predictive_density,-1.3567423238281335,,,,1955,10.0,100.0,100.0,,,,
model_metric,UKHLS,grouped_10fold,acute,change,current_state,R3_joint_raw,,,,calibration_intercept,0.0030086845768801,,,,1955,10.0,100.0,100.0,,,,
model_metric,UKHLS,grouped_10fold,acute,change,current_state,R3_joint_raw,,,,calibration_slope,0.9752808876077012,,,,1955,10.0,100.0,100.0,,,,
model_metric,UKHLS,grouped_10fold,acute,change,current_state,R4_acute_residual,,,,RMSE,0.93364126937271,,,,1955,0.0,0.0,0.0,,,,
model_metric,UKHLS,grouped_10fold,acute,change,current_state,R4_acute_residual,,,,MAE,0.6966083871149633,,,,1955,0.0,0.0,0.0,,,,
model_metric,UKHLS,grouped_10fold,acute,change,current_state,R4_acute_residual,,,,predictive_R2,0.2580867385512756,,,,1955,0.0,0.0,0.0,,,,
model_metric,UKHLS,grouped_10fold,acute,change,current_state,R4_acute_residual,,,,mean_log_predictive_density,-1.3506166561548352,,,,1955,0.0,0.0,0.0,,,,
model_metric,UKHLS,grouped_10fold,acute,change,current_state,R4_acute_residual,,,,calibration_intercept,0.0023346099085949,,,,1955,0.0,0.0,0.0,,,,
model_metric,UKHLS,grouped_10fold,acute,change,current_state,R4_acute_residual,,,,calibration_slope,0.9779295118802585,,,,1955,0.0,0.0,0.0,,,,
model_metric,UKHLS,grouped_10fold,acute,change,current_state,R4_persistence_residual,,,,RMSE,0.9419028807973558,,,,1955,0.0,0.0,0.0,,,,
model_metric,UKHLS,grouped_10fold,acute,change,current_state,R4_persistence_residual,,,,MAE,0.7040679722772476,,,,1955,0.0,0.0,0.0,,,,
model_metric,UKHLS,grouped_10fold,acute,change,current_state,R4_persistence_residual,,,,predictive_R2,0.2448985511528599,,,,1955,0.0,0.0,0.0,,,,
model_metric,UKHLS,grouped_10fold,acute,change,current_state,R4_persistence_residual,,,,mean_log_predictive_density,-1.3594554179505047,,,,1955,0.0,0.0,0.0,,,,
model_metric,UKHLS,grouped_10fold,acute,change,current_state,R4_persistence_residual,,,,calibration_intercept,0.0030944659122152,,,,1955,0.0,0.0,0.0,,,,
model_metric,UKHLS,grouped_10fold,acute,change,current_state,R4_persistence_residual,,,,calibration_slope,0.9742837638533082,,,,1955,0.0,0.0,0.0,,,,
model_metric,UKHLS,grouped_10fold,acute,change,current_state,R4_joint_residual,,,,RMSE,0.9345850938713108,,,,1955,10.0,100.0,100.0,,,,
model_metric,UKHLS,grouped_10fold,acute,change,current_state,R4_joint_residual,,,,MAE,0.6971061025518046,,,,1955,10.0,100.0,100.0,,,,
model_metric,UKHLS,grouped_10fold,acute,change,current_state,R4_joint_residual,,,,predictive_R2,0.2565859697406661,,,,1955,10.0,100.0,100.0,,,,
model_metric,UKHLS,grouped_10fold,acute,change,current_state,R4_joint_residual,,,,mean_log_predictive_density,-1.3516656124935733,,,,1955,10.0,100.0,100.0,,,,
model_metric,UKHLS,grouped_10fold,acute,change,current_state,R4_joint_residual,,,,calibration_intercept,0.0023193193260663,,,,1955,10.0,100.0,100.0,,,,
model_metric,UKHLS,grouped_10fold,acute,change,current_state,R4_joint_residual,,,,calibration_slope,0.9779179842796448,,,,1955,10.0,100.0,100.0,,,,
comparison,UKHLS,grouped_10fold,acute,change,current_state,,BASE,R1_prior_acute,R1_prior_acute_minus_BASE,RMSE,-0.0002948485903783,-0.0020317185939982,0.0015648771818136,0.0009665489934408,1955,,,,,500.0,500.0,paired person-cluster bootstrap
comparison,UKHLS,grouped_10fold,acute,change,current_state,,BASE,R1_prior_acute,R1_prior_acute_minus_BASE,MAE,7.690196157761342e-06,-0.0014221568474262,0.0015589882491061,0.0007716518364961,1955,,,,,500.0,500.0,paired person-cluster bootstrap
comparison,UKHLS,grouped_10fold,acute,change,current_state,,BASE,R1_prior_acute,R1_prior_acute_minus_BASE,predictive_R2,-0.0004726798114668,-0.0032890757282132,0.0025342813180891,0.0015530150486312,1955,,,,,500.0,500.0,paired person-cluster bootstrap
comparison,UKHLS,grouped_10fold,acute,change,current_state,,BASE,R1_prior_acute,R1_prior_acute_minus_BASE,mean_log_predictive_density,-0.0003266844978901,-0.0021638327246143,0.0016707331660049,0.0010496276822514,1955,,,,,500.0,500.0,paired person-cluster bootstrap
comparison,UKHLS,grouped_10fold,acute,change,current_state,,BASE,R2_prior_persistence,R2_prior_persistence_minus_BASE,RMSE,0.0006475018064562,-0.0024453285818247,0.0039818531988031,0.0016556484975082,1955,,,,,500.0,500.0,paired person-cluster bootstrap
comparison,UKHLS,grouped_10fold,acute,change,current_state,,BASE,R2_prior_persistence,R2_prior_persistence_minus_BASE,MAE,0.0014378848575509,-0.0011018780487709,0.0037767893406329,0.0012548726558016,1955,,,,,500.0,500.0,paired person-cluster bootstrap
comparison,UKHLS,grouped_10fold,acute,change,current_state,,BASE,R2_prior_persistence,R2_prior_persistence_minus_BASE,predictive_R2,0.0010375084602429,-0.0039494172736443,0.0065027333700801,0.002660574149504,1955,,,,,500.0,500.0,paired person-cluster bootstrap
comparison,UKHLS,grouped_10fold,acute,change,current_state,,BASE,R2_prior_persistence,R2_prior_persistence_minus_BASE,mean_log_predictive_density,0.0006762742731167,-0.0027535523347805,0.0043376092323263,0.0017986754155843,1955,,,,,500.0,500.0,paired person-cluster bootstrap
comparison,UKHLS,grouped_10fold,acute,change,current_state,,BASE,R3_joint_raw,R3_joint_raw_minus_BASE,RMSE,0.0022420592916602,-0.0020378688519911,0.0070821772750809,0.0023823751218158,1955,,,,,500.0,500.0,paired person-cluster bootstrap
comparison,UKHLS,grouped_10fold,acute,change,current_state,,BASE,R3_joint_raw,R3_joint_raw_minus_BASE,MAE,0.0028540524198165,-0.0004992039991537,0.0063986644666601,0.0017425470465303,1955,,,,,500.0,500.0,paired person-cluster bootstrap
comparison,UKHLS,grouped_10fold,acute,change,current_state,,BASE,R3_joint_raw,R3_joint_raw_minus_BASE,predictive_R2,0.003589465249983,-0.0031630681021,0.0113690559071472,0.0038123481785474,1955,,,,,500.0,500.0,paired person-cluster bootstrap
comparison,UKHLS,grouped_10fold,acute,change,current_state,,BASE,R3_joint_raw,R3_joint_raw_minus_BASE,mean_log_predictive_density,0.0023736654845918,-0.0023253032687031,0.007618063257472,0.0025950054343172,1955,,,,,500.0,500.0,paired person-cluster bootstrap
comparison,UKHLS,grouped_10fold,acute,change,current_state,,BASE,R4_acute_residual,R4_acute_residual_minus_BASE,RMSE,0.0079815167267693,0.0014692496425108,0.0148959910380062,0.0034064328876326,1955,,,,,500.0,500.0,paired person-cluster bootstrap
comparison,UKHLS,grouped_10fold,acute,change,current_state,,BASE,R4_acute_residual,R4_acute_residual_minus_BASE,MAE,0.007232297419215,0.0021052149361412,0.0126043503755664,0.0027993723363421,1955,,,,,500.0,500.0,paired person-cluster bootstrap
comparison,UKHLS,grouped_10fold,acute,change,current_state,,BASE,R4_acute_residual,R4_acute_residual_minus_BASE,predictive_R2,0.0127391634714031,0.0022282482370166,0.022992867944988,0.00539244480424,1955,,,,,500.0,500.0,paired person-cluster bootstrap
comparison,UKHLS,grouped_10fold,acute,change,current_state,,BASE,R4_acute_residual,R4_acute_residual_minus_BASE,mean_log_predictive_density,0.0084993331578901,0.0011285203738776,0.0160302870910502,0.0037057737044089,1955,,,,,500.0,500.0,paired person-cluster bootstrap
comparison,UKHLS,grouped_10fold,acute,change,current_state,,BASE,R4_persistence_residual,R4_persistence_residual_minus_BASE,RMSE,-0.0002800946978764,-0.0033668109476499,0.0030695587340715,0.0016328890050945,1955,,,,,500.0,500.0,paired person-cluster bootstrap
comparison,UKHLS,grouped_10fold,acute,change,current_state,,BASE,R4_persistence_residual,R4_persistence_residual_minus_BASE,MAE,-0.0002272877430692,-0.0025917959889378,0.0024679009728649,0.001245240957702,1955,,,,,500.0,500.0,paired person-cluster bootstrap
comparison,UKHLS,grouped_10fold,acute,change,current_state,,BASE,R4_persistence_residual,R4_persistence_residual_minus_BASE,predictive_R2,-0.0004490239270125,-0.005518302360639,0.0048330395745887,0.0026160832450197,1955,,,,,500.0,500.0,paired person-cluster bootstrap
comparison,UKHLS,grouped_10fold,acute,change,current_state,,BASE,R4_persistence_residual,R4_persistence_residual_minus_BASE,mean_log_predictive_density,-0.0003394286377793,-0.003681053498879,0.0032300662963213,0.0017700876020432,1955,,,,,500.0,500.0,paired person-cluster bootstrap
comparison,UKHLS,grouped_10fold,acute,change,current_state,,BASE,R4_joint_residual,R4_joint_residual_minus_BASE,RMSE,0.0070376922281685,0.0011902239126441,0.0137816142862366,0.0032569098775941,1955,,,,,500.0,500.0,paired person-cluster bootstrap
comparison,UKHLS,grouped_10fold,acute,change,current_state,,BASE,R4_joint_residual,R4_joint_residual_minus_BASE,MAE,0.0067345819823737,0.0017200981345797,0.0113681765034811,0.0026228628586243,1955,,,,,500.0,500.0,paired person-cluster bootstrap
comparison,UKHLS,grouped_10fold,acute,change,current_state,,BASE,R4_joint_residual,R4_joint_residual_minus_BASE,predictive_R2,0.0112383946607936,0.0019205507310434,0.0219218195975723,0.0051778322122794,1955,,,,,500.0,500.0,paired person-cluster bootstrap
comparison,UKHLS,grouped_10fold,acute,change,current_state,,BASE,R4_joint_residual,R4_joint_residual_minus_BASE,mean_log_predictive_density,0.007450376819152,0.0007692341878626,0.014729697454161,0.003531708103957,1955,,,,,500.0,500.0,paired person-cluster bootstrap
model_metric,UKHLS,grouped_10fold,acute,ancova_level,ancova_current_state,BASE,,,,RMSE,0.9416227860994792,,,,1955,0.0,0.0,0.0,,,,
model_metric,UKHLS,grouped_10fold,acute,ancova_level,ancova_current_state,BASE,,,,MAE,0.7038406845341783,,,,1955,0.0,0.0,0.0,,,,
model_metric,UKHLS,grouped_10fold,acute,ancova_level,ancova_current_state,BASE,,,,predictive_R2,0.2613363374155798,,,,1955,0.0,0.0,0.0,,,,
model_metric,UKHLS,grouped_10fold,acute,ancova_level,ancova_current_state,BASE,,,,mean_log_predictive_density,-1.3591159893127251,,,,1955,0.0,0.0,0.0,,,,
model_metric,UKHLS,grouped_10fold,acute,ancova_level,ancova_current_state,BASE,,,,calibration_intercept,0.002944171119519,,,,1955,0.0,0.0,0.0,,,,
model_metric,UKHLS,grouped_10fold,acute,ancova_level,ancova_current_state,BASE,,,,calibration_slope,0.981860157135254,,,,1955,0.0,0.0,0.0,,,,
model_metric,UKHLS,grouped_10fold,acute,ancova_level,ancova_current_state,R1_prior_acute,,,,RMSE,0.9419176346898576,,,,1955,0.0,0.0,0.0,,,,
model_metric,UKHLS,grouped_10fold,acute,ancova_level,ancova_current_state,R1_prior_acute,,,,MAE,0.7038329943380206,,,,1955,0.0,0.0,0.0,,,,
model_metric,UKHLS,grouped_10fold,acute,ancova_level,ancova_current_state,R1_prior_acute,,,,predictive_R2,0.2608736722345796,,,,1955,0.0,0.0,0.0,,,,
model_metric,UKHLS,grouped_10fold,acute,ancova_level,ancova_current_state,R1_prior_acute,,,,mean_log_predictive_density,-1.3594426738106151,,,,1955,0.0,0.0,0.0,,,,
model_metric,UKHLS,grouped_10fold,acute,ancova_level,ancova_current_state,R1_prior_acute,,,,calibration_intercept,0.0036831476800033,,,,1955,0.0,0.0,0.0,,,,
model_metric,UKHLS,grouped_10fold,acute,ancova_level,ancova_current_state,R1_prior_acute,,,,calibration_slope,0.9794617394850644,,,,1955,0.0,0.0,0.0,,,,
model_metric,UKHLS,grouped_10fold,acute,ancova_level,ancova_current_state,R2_prior_persistence,,,,RMSE,0.9409752842930232,,,,1955,0.0,0.0,0.0,,,,
model_metric,UKHLS,grouped_10fold,acute,ancova_level,ancova_current_state,R2_prior_persistence,,,,MAE,0.7024027996766276,,,,1955,0.0,0.0,0.0,,,,
model_metric,UKHLS,grouped_10fold,acute,ancova_level,ancova_current_state,R2_prior_persistence,,,,predictive_R2,0.2623518642646273,,,,1955,0.0,0.0,0.0,,,,
model_metric,UKHLS,grouped_10fold,acute,ancova_level,ancova_current_state,R2_prior_persistence,,,,mean_log_predictive_density,-1.358439715039608,,,,1955,0.0,0.0,0.0,,,,
model_metric,UKHLS,grouped_10fold,acute,ancova_level,ancova_current_state,R2_prior_persistence,,,,calibration_intercept,0.0036122702642575,,,,1955,0.0,0.0,0.0,,,,
model_metric,UKHLS,grouped_10fold,acute,ancova_level,ancova_current_state,R2_prior_persistence,,,,calibration_slope,0.9791587780200508,,,,1955,0.0,0.0,0.0,,,,
model_metric,UKHLS,grouped_10fold,acute,ancova_level,ancova_current_state,R3_joint_raw,,,,RMSE,0.939380726807819,,,,1955,10.0,100.0,100.0,,,,
model_metric,UKHLS,grouped_10fold,acute,ancova_level,ancova_current_state,R3_joint_raw,,,,MAE,0.7009866321143617,,,,1955,10.0,100.0,100.0,,,,
model_metric,UKHLS,grouped_10fold,acute,ancova_level,ancova_current_state,R3_joint_raw,,,,predictive_R2,0.2648497529439968,,,,1955,10.0,100.0,100.0,,,,
model_metric,UKHLS,grouped_10fold,acute,ancova_level,ancova_current_state,R3_joint_raw,,,,mean_log_predictive_density,-1.3567423238281335,,,,1955,10.0,100.0,100.0,,,,
model_metric,UKHLS,grouped_10fold,acute,ancova_level,ancova_current_state,R3_joint_raw,,,,calibration_intercept,0.0036954808161783,,,,1955,10.0,100.0,100.0,,,,
model_metric,UKHLS,grouped_10fold,acute,ancova_level,ancova_current_state,R3_joint_raw,,,,calibration_slope,0.9789724293551096,,,,1955,10.0,100.0,100.0,,,,
model_metric,UKHLS,grouped_10fold,acute,ancova_level,ancova_current_state,R4_acute_residual,,,,RMSE,0.93364126937271,,,,1955,0.0,0.0,0.0,,,,
model_metric,UKHLS,grouped_10fold,acute,ancova_level,ancova_current_state,R4_acute_residual,,,,MAE,0.6966083871149633,,,,1955,0.0,0.0,0.0,,,,
model_metric,UKHLS,grouped_10fold,acute,ancova_level,ancova_current_state,R4_acute_residual,,,,predictive_R2,0.2738055972195803,,,,1955,0.0,0.0,0.0,,,,
model_metric,UKHLS,grouped_10fold,acute,ancova_level,ancova_current_state,R4_acute_residual,,,,mean_log_predictive_density,-1.3506166561548352,,,,1955,0.0,0.0,0.0,,,,
model_metric,UKHLS,grouped_10fold,acute,ancova_level,ancova_current_state,R4_acute_residual,,,,calibration_intercept,0.0029299838271048,,,,1955,0.0,0.0,0.0,,,,
model_metric,UKHLS,grouped_10fold,acute,ancova_level,ancova_current_state,R4_acute_residual,,,,calibration_slope,0.9813089689144808,,,,1955,0.0,0.0,0.0,,,,
model_metric,UKHLS,grouped_10fold,acute,ancova_level,ancova_current_state,R4_persistence_residual,,,,RMSE,0.9419028807973558,,,,1955,0.0,0.0,0.0,,,,
model_metric,UKHLS,grouped_10fold,acute,ancova_level,ancova_current_state,R4_persistence_residual,,,,MAE,0.7040679722772476,,,,1955,0.0,0.0,0.0,,,,
model_metric,UKHLS,grouped_10fold,acute,ancova_level,ancova_current_state,R4_persistence_residual,,,,predictive_R2,0.2608968269236466,,,,1955,0.0,0.0,0.0,,,,
model_metric,UKHLS,grouped_10fold,acute,ancova_level,ancova_current_state,R4_persistence_residual,,,,mean_log_predictive_density,-1.3594554179505047,,,,1955,0.0,0.0,0.0,,,,
model_metric,UKHLS,grouped_10fold,acute,ancova_level,ancova_current_state,R4_persistence_residual,,,,calibration_intercept,0.0043739804320123,,,,1955,0.0,0.0,0.0,,,,
model_metric,UKHLS,grouped_10fold,acute,ancova_level,ancova_current_state,R4_persistence_residual,,,,calibration_slope,0.9753200427252704,,,,1955,0.0,0.0,0.0,,,,
model_metric,UKHLS,grouped_10fold,acute,ancova_level,ancova_current_state,R4_joint_residual,,,,RMSE,0.9345850938713108,,,,1955,10.0,100.0,100.0,,,,
model_metric,UKHLS,grouped_10fold,acute,ancova_level,ancova_current_state,R4_joint_residual,,,,MAE,0.697106102551804,,,,1955,10.0,100.0,100.0,,,,
model_metric,UKHLS,grouped_10fold,acute,ancova_level,ancova_current_state,R4_joint_residual,,,,predictive_R2,0.272336625081242,,,,1955,10.0,100.0,100.0,,,,
model_metric,UKHLS,grouped_10fold,acute,ancova_level,ancova_current_state,R4_joint_residual,,,,mean_log_predictive_density,-1.3516656124935733,,,,1955,10.0,100.0,100.0,,,,
model_metric,UKHLS,grouped_10fold,acute,ancova_level,ancova_current_state,R4_joint_residual,,,,calibration_intercept,0.0034489871068581,,,,1955,10.0,100.0,100.0,,,,
model_metric,UKHLS,grouped_10fold,acute,ancova_level,ancova_current_state,R4_joint_residual,,,,calibration_slope,0.9786532082168063,,,,1955,10.0,100.0,100.0,,,,
comparison,UKHLS,grouped_10fold,acute,ancova_level,ancova_current_state,,BASE,R1_prior_acute,R1_prior_acute_minus_BASE,RMSE,-0.0002948485903785,-0.0023639378417413,0.0016086335196357,0.0010440962377601,1955,,,,,500.0,500.0,paired person-cluster bootstrap
comparison,UKHLS,grouped_10fold,acute,ancova_level,ancova_current_state,,BASE,R1_prior_acute,R1_prior_acute_minus_BASE,MAE,7.69019615765032e-06,-0.0016995550241406,0.0016204517939426,0.0008383803061649,1955,,,,,500.0,500.0,paired person-cluster bootstrap
comparison,UKHLS,grouped_10fold,acute,ancova_level,ancova_current_state,,BASE,R1_prior_acute,R1_prior_acute_minus_BASE,predictive_R2,-0.0004626651810002,-0.0037161421676434,0.0025473332522992,0.001642591747003,1955,,,,,500.0,500.0,paired person-cluster bootstrap
comparison,UKHLS,grouped_10fold,acute,ancova_level,ancova_current_state,,BASE,R1_prior_acute,R1_prior_acute_minus_BASE,mean_log_predictive_density,-0.0003266844978901,-0.0026355940550505,0.0017611252382223,0.0011443114327821,1955,,,,,500.0,500.0,paired person-cluster bootstrap
comparison,UKHLS,grouped_10fold,acute,ancova_level,ancova_current_state,,BASE,R2_prior_persistence,R2_prior_persistence_minus_BASE,RMSE,0.0006475018064558,-0.0026408553020939,0.004041904739832,0.0016774350716556,1955,,,,,500.0,500.0,paired person-cluster bootstrap
comparison,UKHLS,grouped_10fold,acute,ancova_level,ancova_current_state,,BASE,R2_prior_persistence,R2_prior_persistence_minus_BASE,MAE,0.0014378848575506,-0.0010104575739122,0.0042133184742417,0.001312033454878,1955,,,,,500.0,500.0,paired person-cluster bootstrap
comparison,UKHLS,grouped_10fold,acute,ancova_level,ancova_current_state,,BASE,R2_prior_persistence,R2_prior_persistence_minus_BASE,predictive_R2,0.0010155268490474,-0.0041934429720665,0.0063023743543109,0.0026383899987905,1955,,,,,500.0,500.0,paired person-cluster bootstrap
comparison,UKHLS,grouped_10fold,acute,ancova_level,ancova_current_state,,BASE,R2_prior_persistence,R2_prior_persistence_minus_BASE,mean_log_predictive_density,0.000676274273117,-0.0028772669079419,0.004308012787415,0.0018195421022566,1955,,,,,500.0,500.0,paired person-cluster bootstrap
comparison,UKHLS,grouped_10fold,acute,ancova_level,ancova_current_state,,BASE,R3_joint_raw,R3_joint_raw_minus_BASE,RMSE,0.0022420592916601,-0.0023297949072297,0.0063468744132573,0.0022080440672453,1955,,,,,500.0,500.0,paired person-cluster bootstrap
comparison,UKHLS,grouped_10fold,acute,ancova_level,ancova_current_state,,BASE,R3_joint_raw,R3_joint_raw_minus_BASE,MAE,0.0028540524198165,-0.0005089720565268,0.0059842564144582,0.0017171104919504,1955,,,,,500.0,500.0,paired person-cluster bootstrap
comparison,UKHLS,grouped_10fold,acute,ancova_level,ancova_current_state,,BASE,R3_joint_raw,R3_joint_raw_minus_BASE,predictive_R2,0.0035134155284169,-0.0036253878421577,0.0100538034310237,0.003455075503605,1955,,,,,500.0,500.0,paired person-cluster bootstrap
comparison,UKHLS,grouped_10fold,acute,ancova_level,ancova_current_state,,BASE,R3_joint_raw,R3_joint_raw_minus_BASE,mean_log_predictive_density,0.0023736654845916,-0.0027070204793831,0.0068328340061781,0.0024293462183788,1955,,,,,500.0,500.0,paired person-cluster bootstrap
comparison,UKHLS,grouped_10fold,acute,ancova_level,ancova_current_state,,BASE,R4_acute_residual,R4_acute_residual_minus_BASE,RMSE,0.0079815167267691,0.0018912488283213,0.0143918577702453,0.0033120122894567,1955,,,,,500.0,500.0,paired person-cluster bootstrap
comparison,UKHLS,grouped_10fold,acute,ancova_level,ancova_current_state,,BASE,R4_acute_residual,R4_acute_residual_minus_BASE,MAE,0.0072322974192149,0.001792082609086,0.0125977348106861,0.0026959515585231,1955,,,,,500.0,500.0,paired person-cluster bootstrap
comparison,UKHLS,grouped_10fold,acute,ancova_level,ancova_current_state,,BASE,R4_acute_residual,R4_acute_residual_minus_BASE,predictive_R2,0.0124692598040004,0.0029392504019667,0.022628123913851,0.0051936361074166,1955,,,,,500.0,500.0,paired person-cluster bootstrap
comparison,UKHLS,grouped_10fold,acute,ancova_level,ancova_current_state,,BASE,R4_acute_residual,R4_acute_residual_minus_BASE,mean_log_predictive_density,0.0084993331578899,0.0019854503795917,0.0154905250818758,0.0036003068827606,1955,,,,,500.0,500.0,paired person-cluster bootstrap
comparison,UKHLS,grouped_10fold,acute,ancova_level,ancova_current_state,,BASE,R4_persistence_residual,R4_persistence_residual_minus_BASE,RMSE,-0.0002800946978767,-0.0037108980298924,0.0025953966814866,0.0016312033943172,1955,,,,,500.0,500.0,paired person-cluster bootstrap
comparison,UKHLS,grouped_10fold,acute,ancova_level,ancova_current_state,,BASE,R4_persistence_residual,R4_persistence_residual_minus_BASE,MAE,-0.0002272877430693,-0.0027704349847898,0.0020901115543802,0.001241712947268,1955,,,,,500.0,500.0,paired person-cluster bootstrap
comparison,UKHLS,grouped_10fold,acute,ancova_level,ancova_current_state,,BASE,R4_persistence_residual,R4_persistence_residual_minus_BASE,predictive_R2,-0.0004395104919332,-0.0058100239178039,0.0041973701705687,0.0025696860755048,1955,,,,,500.0,500.0,paired person-cluster bootstrap
comparison,UKHLS,grouped_10fold,acute,ancova_level,ancova_current_state,,BASE,R4_persistence_residual,R4_persistence_residual_minus_BASE,mean_log_predictive_density,-0.0003394286377795,-0.0040308563351204,0.0027806683828454,0.0017649105293324,1955,,,,,500.0,500.0,paired person-cluster bootstrap
comparison,UKHLS,grouped_10fold,acute,ancova_level,ancova_current_state,,BASE,R4_joint_residual,R4_joint_residual_minus_BASE,RMSE,0.0070376922281684,0.000392523481291,0.0135935425700496,0.003507685719147,1955,,,,,500.0,500.0,paired person-cluster bootstrap
comparison,UKHLS,grouped_10fold,acute,ancova_level,ancova_current_state,,BASE,R4_joint_residual,R4_joint_residual_minus_BASE,MAE,0.0067345819823741,0.0012039956719136,0.0121909512248655,0.0028911114715199,1955,,,,,500.0,500.0,paired person-cluster bootstrap
comparison,UKHLS,grouped_10fold,acute,ancova_level,ancova_current_state,,BASE,R4_joint_residual,R4_joint_residual_minus_BASE,predictive_R2,0.0110002876656621,0.0006264047134501,0.0213950627993147,0.0054677946037495,1955,,,,,500.0,500.0,paired person-cluster bootstrap
comparison,UKHLS,grouped_10fold,acute,ancova_level,ancova_current_state,,BASE,R4_joint_residual,R4_joint_residual_minus_BASE,mean_log_predictive_density,0.0074503768191518,0.0002126511858965,0.0145302914194472,0.0038394280597427,1955,,,,,500.0,500.0,paired person-cluster bootstrap
model_metric,UKHLS,grouped_10fold,persistence,change,context,BASE,,,,RMSE,1.0540300838804653,,,,1955,0.0,0.0,0.0,,,,
model_metric,UKHLS,grouped_10fold,persistence,change,context,BASE,,,,MAE,0.730701177607429,,,,1955,0.0,0.0,0.0,,,,
model_metric,UKHLS,grouped_10fold,persistence,change,context,BASE,,,,predictive_R2,-0.0057553574715205,,,,1955,0.0,0.0,0.0,,,,
model_metric,UKHLS,grouped_10fold,persistence,change,context,BASE,,,,mean_log_predictive_density,-1.4720997673441625,,,,1955,0.0,0.0,0.0,,,,
model_metric,UKHLS,grouped_10fold,persistence,change,context,BASE,,,,calibration_intercept,0.0017939002345112,,,,1955,0.0,0.0,0.0,,,,
model_metric,UKHLS,grouped_10fold,persistence,change,context,BASE,,,,calibration_slope,0.2184348423501127,,,,1955,0.0,0.0,0.0,,,,
model_metric,UKHLS,grouped_10fold,persistence,change,context,R1_prior_acute,,,,RMSE,1.0548821573927711,,,,1955,0.0,0.0,0.0,,,,
model_metric,UKHLS,grouped_10fold,persistence,change,context,R1_prior_acute,,,,MAE,0.7312242851535813,,,,1955,0.0,0.0,0.0,,,,
model_metric,UKHLS,grouped_10fold,persistence,change,context,R1_prior_acute,,,,predictive_R2,-0.0073821115871504,,,,1955,0.0,0.0,0.0,,,,
model_metric,UKHLS,grouped_10fold,persistence,change,context,R1_prior_acute,,,,mean_log_predictive_density,-1.4729229529181465,,,,1955,0.0,0.0,0.0,,,,
model_metric,UKHLS,grouped_10fold,persistence,change,context,R1_prior_acute,,,,calibration_intercept,0.0020687247643212,,,,1955,0.0,0.0,0.0,,,,
model_metric,UKHLS,grouped_10fold,persistence,change,context,R1_prior_acute,,,,calibration_slope,0.148435175804587,,,,1955,0.0,0.0,0.0,,,,
model_metric,UKHLS,grouped_10fold,persistence,change,context,R2_prior_persistence,,,,RMSE,1.039929869341362,,,,1955,0.0,0.0,0.0,,,,
model_metric,UKHLS,grouped_10fold,persistence,change,context,R2_prior_persistence,,,,MAE,0.7268364007845883,,,,1955,0.0,0.0,0.0,,,,
model_metric,UKHLS,grouped_10fold,persistence,change,context,R2_prior_persistence,,,,predictive_R2,0.0209735023706462,,,,1955,0.0,0.0,0.0,,,,
model_metric,UKHLS,grouped_10fold,persistence,change,context,R2_prior_persistence,,,,mean_log_predictive_density,-1.4587679424466151,,,,1955,0.0,0.0,0.0,,,,
model_metric,UKHLS,grouped_10fold,persistence,change,context,R2_prior_persistence,,,,calibration_intercept,0.0008466904975838,,,,1955,0.0,0.0,0.0,,,,
model_metric,UKHLS,grouped_10fold,persistence,change,context,R2_prior_persistence,,,,calibration_slope,0.7747922166331174,,,,1955,0.0,0.0,0.0,,,,
model_metric,UKHLS,grouped_10fold,persistence,change,context,R3_joint_raw,,,,RMSE,1.037783341171252,,,,1955,10.0,100.0,100.0,,,,
model_metric,UKHLS,grouped_10fold,persistence,change,context,R3_joint_raw,,,,MAE,0.7252247530424314,,,,1955,10.0,100.0,100.0,,,,
model_metric,UKHLS,grouped_10fold,persistence,change,context,R3_joint_raw,,,,predictive_R2,0.0250109651804586,,,,1955,10.0,100.0,100.0,,,,
model_metric,UKHLS,grouped_10fold,persistence,change,context,R3_joint_raw,,,,mean_log_predictive_density,-1.4566921190379485,,,,1955,10.0,100.0,100.0,,,,
model_metric,UKHLS,grouped_10fold,persistence,change,context,R3_joint_raw,,,,calibration_intercept,0.000763223617271,,,,1955,10.0,100.0,100.0,,,,
model_metric,UKHLS,grouped_10fold,persistence,change,context,R3_joint_raw,,,,calibration_slope,0.8108396370013237,,,,1955,10.0,100.0,100.0,,,,
model_metric,UKHLS,grouped_10fold,persistence,change,context,R4_acute_residual,,,,RMSE,1.0541002702425155,,,,1955,0.0,0.0,0.0,,,,
model_metric,UKHLS,grouped_10fold,persistence,change,context,R4_acute_residual,,,,MAE,0.7310236386001148,,,,1955,0.0,0.0,0.0,,,,
model_metric,UKHLS,grouped_10fold,persistence,change,context,R4_acute_residual,,,,predictive_R2,-0.0058893055646294,,,,1955,0.0,0.0,0.0,,,,
model_metric,UKHLS,grouped_10fold,persistence,change,context,R4_acute_residual,,,,mean_log_predictive_density,-1.4722014682577909,,,,1955,0.0,0.0,0.0,,,,
model_metric,UKHLS,grouped_10fold,persistence,change,context,R4_acute_residual,,,,calibration_intercept,0.0017908314062971,,,,1955,0.0,0.0,0.0,,,,
model_metric,UKHLS,grouped_10fold,persistence,change,context,R4_acute_residual,,,,calibration_slope,0.2460656978833263,,,,1955,0.0,0.0,0.0,,,,
model_metric,UKHLS,grouped_10fold,persistence,change,context,R4_persistence_residual,,,,RMSE,1.026767636215976,,,,1955,0.0,0.0,0.0,,,,
model_metric,UKHLS,grouped_10fold,persistence,change,context,R4_persistence_residual,,,,MAE,0.7199754704601586,,,,1955,0.0,0.0,0.0,,,,
model_metric,UKHLS,grouped_10fold,persistence,change,context,R4_persistence_residual,,,,predictive_R2,0.0455994434139785,,,,1955,0.0,0.0,0.0,,,,
model_metric,UKHLS,grouped_10fold,persistence,change,context,R4_persistence_residual,,,,mean_log_predictive_density,-1.446057053379254,,,,1955,0.0,0.0,0.0,,,,
model_metric,UKHLS,grouped_10fold,persistence,change,context,R4_persistence_residual,,,,calibration_intercept,0.000332064080644,,,,1955,0.0,0.0,0.0,,,,
model_metric,UKHLS,grouped_10fold,persistence,change,context,R4_persistence_residual,,,,calibration_slope,0.8675347178000884,,,,1955,0.0,0.0,0.0,,,,
model_metric,UKHLS,grouped_10fold,persistence,change,context,R4_joint_residual,,,,RMSE,1.0267728643461231,,,,1955,10.0,10.0,100.0,,,,
model_metric,UKHLS,grouped_10fold,persistence,change,context,R4_joint_residual,,,,MAE,0.7195468385401986,,,,1955,10.0,10.0,100.0,,,,
model_metric,UKHLS,grouped_10fold,persistence,change,context,R4_joint_residual,,,,predictive_R2,0.045589724091223,,,,1955,10.0,10.0,100.0,,,,
model_metric,UKHLS,grouped_10fold,persistence,change,context,R4_joint_residual,,,,mean_log_predictive_density,-1.4460694213195422,,,,1955,10.0,10.0,100.0,,,,
model_metric,UKHLS,grouped_10fold,persistence,change,context,R4_joint_residual,,,,calibration_intercept,0.0004565225994427,,,,1955,10.0,10.0,100.0,,,,
model_metric,UKHLS,grouped_10fold,persistence,change,context,R4_joint_residual,,,,calibration_slope,0.8738604372935185,,,,1955,10.0,10.0,100.0,,,,
comparison,UKHLS,grouped_10fold,persistence,change,context,,BASE,R1_prior_acute,R1_prior_acute_minus_BASE,RMSE,-0.0008520735123058,-0.0015973598507591,-0.0001876652663502,0.0003657511845693,1955,,,,,500.0,500.0,paired person-cluster bootstrap
comparison,UKHLS,grouped_10fold,persistence,change,context,,BASE,R1_prior_acute,R1_prior_acute_minus_BASE,MAE,-0.0005231075461522,-0.0012113445921051,0.0001646868662946,0.0003456534673716,1955,,,,,500.0,500.0,paired person-cluster bootstrap
comparison,UKHLS,grouped_10fold,persistence,change,context,,BASE,R1_prior_acute,R1_prior_acute_minus_BASE,predictive_R2,-0.0016267541156298,-0.0030614783267155,-0.0003568324013591,0.000706909643211,1955,,,,,500.0,500.0,paired person-cluster bootstrap
comparison,UKHLS,grouped_10fold,persistence,change,context,,BASE,R1_prior_acute,R1_prior_acute_minus_BASE,mean_log_predictive_density,-0.0008231855739841,-0.0015335070858165,-0.0001728230337454,0.0003549038202397,1955,,,,,500.0,500.0,paired person-cluster bootstrap
comparison,UKHLS,grouped_10fold,persistence,change,context,,BASE,R2_prior_persistence,R2_prior_persistence_minus_BASE,RMSE,0.0141002145391031,0.001534688279162,0.0243168650529871,0.0058392286657647,1955,,,,,500.0,500.0,paired person-cluster bootstrap
comparison,UKHLS,grouped_10fold,persistence,change,context,,BASE,R2_prior_persistence,R2_prior_persistence_minus_BASE,MAE,0.0038647768228406,-0.0038565423188109,0.0110676240993341,0.0038416803676547,1955,,,,,500.0,500.0,paired person-cluster bootstrap
comparison,UKHLS,grouped_10fold,persistence,change,context,,BASE,R2_prior_persistence,R2_prior_persistence_minus_BASE,predictive_R2,0.0267288598421667,0.0030041396827617,0.0463451097382676,0.0108966704200187,1955,,,,,500.0,500.0,paired person-cluster bootstrap
comparison,UKHLS,grouped_10fold,persistence,change,context,,BASE,R2_prior_persistence,R2_prior_persistence_minus_BASE,mean_log_predictive_density,0.0133318248975469,0.0013041159438996,0.0234028875198026,0.0057078003040487,1955,,,,,500.0,500.0,paired person-cluster bootstrap
comparison,UKHLS,grouped_10fold,persistence,change,context,,BASE,R3_joint_raw,R3_joint_raw_minus_BASE,RMSE,0.0162467427092132,0.0051753630887925,0.0289319918268231,0.0063043076280932,1955,,,,,500.0,500.0,paired person-cluster bootstrap
comparison,UKHLS,grouped_10fold,persistence,change,context,,BASE,R3_joint_raw,R3_joint_raw_minus_BASE,MAE,0.0054764245649976,-0.0016427404276359,0.0130810756916493,0.0039764016565378,1955,,,,,500.0,500.0,paired person-cluster bootstrap
comparison,UKHLS,grouped_10fold,persistence,change,context,,BASE,R3_joint_raw,R3_joint_raw_minus_BASE,predictive_R2,0.0307663226519792,0.0096866959337361,0.0533589855560828,0.0116780732088974,1955,,,,,500.0,500.0,paired person-cluster bootstrap
comparison,UKHLS,grouped_10fold,persistence,change,context,,BASE,R3_joint_raw,R3_joint_raw_minus_BASE,mean_log_predictive_density,0.0154076483062137,0.0044092881259347,0.0277113676451345,0.0062189271747926,1955,,,,,500.0,500.0,paired person-cluster bootstrap
comparison,UKHLS,grouped_10fold,persistence,change,context,,BASE,R4_acute_residual,R4_acute_residual_minus_BASE,RMSE,-7.018636205025075e-05,-0.0020163353261152,0.0019636733663826,0.0010347117649578,1955,,,,,500.0,500.0,paired person-cluster bootstrap
comparison,UKHLS,grouped_10fold,persistence,change,context,,BASE,R4_acute_residual,R4_acute_residual_minus_BASE,MAE,-0.0003224609926857,-0.0019504003381988,0.0012760237888645,0.0008510483628974,1955,,,,,500.0,500.0,paired person-cluster bootstrap
comparison,UKHLS,grouped_10fold,persistence,change,context,,BASE,R4_acute_residual,R4_acute_residual_minus_BASE,predictive_R2,-0.0001339480931088,-0.0038386869350204,0.0036853923853781,0.001977668211572,1955,,,,,500.0,500.0,paired person-cluster bootstrap
comparison,UKHLS,grouped_10fold,persistence,change,context,,BASE,R4_acute_residual,R4_acute_residual_minus_BASE,mean_log_predictive_density,-0.0001017009136285,-0.0020039468239403,0.001881518099374,0.0010085121875056,1955,,,,,500.0,500.0,paired person-cluster bootstrap
comparison,UKHLS,grouped_10fold,persistence,change,context,,BASE,R4_persistence_residual,R4_persistence_residual_minus_BASE,RMSE,0.0272624476644891,0.0101100377428657,0.0422423676265734,0.007892126790018,1955,,,,,500.0,500.0,paired person-cluster bootstrap
comparison,UKHLS,grouped_10fold,persistence,change,context,,BASE,R4_persistence_residual,R4_persistence_residual_minus_BASE,MAE,0.0107257071472703,0.0003764081342398,0.0214671229984173,0.005279581932227,1955,,,,,500.0,500.0,paired person-cluster bootstrap
comparison,UKHLS,grouped_10fold,persistence,change,context,,BASE,R4_persistence_residual,R4_persistence_residual_minus_BASE,predictive_R2,0.0513548008854991,0.0196205469344368,0.0786948248729638,0.0145590928241415,1955,,,,,500.0,500.0,paired person-cluster bootstrap
comparison,UKHLS,grouped_10fold,persistence,change,context,,BASE,R4_persistence_residual,R4_persistence_residual_minus_BASE,mean_log_predictive_density,0.0260427139649082,0.0092436759539248,0.0411206968767208,0.0077956789006891,1955,,,,,500.0,500.0,paired person-cluster bootstrap
comparison,UKHLS,grouped_10fold,persistence,change,context,,BASE,R4_joint_residual,R4_joint_residual_minus_BASE,RMSE,0.0272572195343421,0.0116283593438345,0.0423167563986456,0.0077281299340545,1955,,,,,500.0,500.0,paired person-cluster bootstrap
comparison,UKHLS,grouped_10fold,persistence,change,context,,BASE,R4_joint_residual,R4_joint_residual_minus_BASE,MAE,0.0111543390672304,0.0007266643783563,0.0207095549215763,0.0051590325769036,1955,,,,,500.0,500.0,paired person-cluster bootstrap
comparison,UKHLS,grouped_10fold,persistence,change,context,,BASE,R4_joint_residual,R4_joint_residual_minus_BASE,predictive_R2,0.0513450815627436,0.0223241999238191,0.0772893239752328,0.0142065511522995,1955,,,,,500.0,500.0,paired person-cluster bootstrap
comparison,UKHLS,grouped_10fold,persistence,change,context,,BASE,R4_joint_residual,R4_joint_residual_minus_BASE,mean_log_predictive_density,0.02603034602462,0.0111820137656497,0.0404695005740196,0.0076278922728722,1955,,,,,500.0,500.0,paired person-cluster bootstrap
model_metric,UKHLS,grouped_10fold,persistence,change,current_state,BASE,,,,RMSE,0.8782616581779138,,,,1955,0.0,0.0,0.0,,,,
model_metric,UKHLS,grouped_10fold,persistence,change,current_state,BASE,,,,MAE,0.6392325026241665,,,,1955,0.0,0.0,0.0,,,,
model_metric,UKHLS,grouped_10fold,persistence,change,current_state,BASE,,,,predictive_R2,0.3017126279248937,,,,1955,0.0,0.0,0.0,,,,
model_metric,UKHLS,grouped_10fold,persistence,change,current_state,BASE,,,,mean_log_predictive_density,-1.2894731446961445,,,,1955,0.0,0.0,0.0,,,,
model_metric,UKHLS,grouped_10fold,persistence,change,current_state,BASE,,,,calibration_intercept,0.0003366423636846,,,,1955,0.0,0.0,0.0,,,,
model_metric,UKHLS,grouped_10fold,persistence,change,current_state,BASE,,,,calibration_slope,0.9727577901328162,,,,1955,0.0,0.0,0.0,,,,
model_metric,UKHLS,grouped_10fold,persistence,change,current_state,R1_prior_acute,,,,RMSE,0.8787372217768153,,,,1955,0.0,0.0,0.0,,,,
model_metric,UKHLS,grouped_10fold,persistence,change,current_state,R1_prior_acute,,,,MAE,0.6395698811953396,,,,1955,0.0,0.0,0.0,,,,
model_metric,UKHLS,grouped_10fold,persistence,change,current_state,R1_prior_acute,,,,predictive_R2,0.3009562019544304,,,,1955,0.0,0.0,0.0,,,,
model_metric,UKHLS,grouped_10fold,persistence,change,current_state,R1_prior_acute,,,,mean_log_predictive_density,-1.2900143878145192,,,,1955,0.0,0.0,0.0,,,,
model_metric,UKHLS,grouped_10fold,persistence,change,current_state,R1_prior_acute,,,,calibration_intercept,0.0009017100282334,,,,1955,0.0,0.0,0.0,,,,
model_metric,UKHLS,grouped_10fold,persistence,change,current_state,R1_prior_acute,,,,calibration_slope,0.970028787631381,,,,1955,0.0,0.0,0.0,,,,
model_metric,UKHLS,grouped_10fold,persistence,change,current_state,R2_prior_persistence,,,,RMSE,0.8785380375037772,,,,1955,0.0,0.0,0.0,,,,
model_metric,UKHLS,grouped_10fold,persistence,change,current_state,R2_prior_persistence,,,,MAE,0.6391865668947713,,,,1955,0.0,0.0,0.0,,,,
model_metric,UKHLS,grouped_10fold,persistence,change,current_state,R2_prior_persistence,,,,predictive_R2,0.3012730719961551,,,,1955,0.0,0.0,0.0,,,,
model_metric,UKHLS,grouped_10fold,persistence,change,current_state,R2_prior_persistence,,,,mean_log_predictive_density,-1.2898047745490606,,,,1955,0.0,0.0,0.0,,,,
model_metric,UKHLS,grouped_10fold,persistence,change,current_state,R2_prior_persistence,,,,calibration_intercept,0.0010336210809071,,,,1955,0.0,0.0,0.0,,,,
model_metric,UKHLS,grouped_10fold,persistence,change,current_state,R2_prior_persistence,,,,calibration_slope,0.9709500903008076,,,,1955,0.0,0.0,0.0,,,,
model_metric,UKHLS,grouped_10fold,persistence,change,current_state,R3_joint_raw,,,,RMSE,0.8775792435892568,,,,1955,100.0,100.0,100.0,,,,
model_metric,UKHLS,grouped_10fold,persistence,change,current_state,R3_joint_raw,,,,MAE,0.6382669281390076,,,,1955,100.0,100.0,100.0,,,,
model_metric,UKHLS,grouped_10fold,persistence,change,current_state,R3_joint_raw,,,,predictive_R2,0.3027973533146734,,,,1955,100.0,100.0,100.0,,,,
model_metric,UKHLS,grouped_10fold,persistence,change,current_state,R3_joint_raw,,,,mean_log_predictive_density,-1.2886481227470497,,,,1955,100.0,100.0,100.0,,,,
model_metric,UKHLS,grouped_10fold,persistence,change,current_state,R3_joint_raw,,,,calibration_intercept,0.0011966766650436,,,,1955,100.0,100.0,100.0,,,,
model_metric,UKHLS,grouped_10fold,persistence,change,current_state,R3_joint_raw,,,,calibration_slope,0.97010370985727,,,,1955,100.0,100.0,100.0,,,,
model_metric,UKHLS,grouped_10fold,persistence,change,current_state,R4_acute_residual,,,,RMSE,0.871642549454981,,,,1955,0.0,0.0,0.0,,,,
model_metric,UKHLS,grouped_10fold,persistence,change,current_state,R4_acute_residual,,,,MAE,0.6350918542469566,,,,1955,0.0,0.0,0.0,,,,
model_metric,UKHLS,grouped_10fold,persistence,change,current_state,R4_acute_residual,,,,predictive_R2,0.3121983931959798,,,,1955,0.0,0.0,0.0,,,,
model_metric,UKHLS,grouped_10fold,persistence,change,current_state,R4_acute_residual,,,,mean_log_predictive_density,-1.281742415843578,,,,1955,0.0,0.0,0.0,,,,
model_metric,UKHLS,grouped_10fold,persistence,change,current_state,R4_acute_residual,,,,calibration_intercept,0.0004222983769406,,,,1955,0.0,0.0,0.0,,,,
model_metric,UKHLS,grouped_10fold,persistence,change,current_state,R4_acute_residual,,,,calibration_slope,0.9723074612065336,,,,1955,0.0,0.0,0.0,,,,
model_metric,UKHLS,grouped_10fold,persistence,change,current_state,R4_persistence_residual,,,,RMSE,0.8769243582358935,,,,1955,0.0,0.0,0.0,,,,
model_metric,UKHLS,grouped_10fold,persistence,change,current_state,R4_persistence_residual,,,,MAE,0.6372546482114156,,,,1955,0.0,0.0,0.0,,,,
model_metric,UKHLS,grouped_10fold,persistence,change,current_state,R4_persistence_residual,,,,predictive_R2,0.3038375270488928,,,,1955,0.0,0.0,0.0,,,,
model_metric,UKHLS,grouped_10fold,persistence,change,current_state,R4_persistence_residual,,,,mean_log_predictive_density,-1.288013802897782,,,,1955,0.0,0.0,0.0,,,,
model_metric,UKHLS,grouped_10fold,persistence,change,current_state,R4_persistence_residual,,,,calibration_intercept,0.0007286195820003,,,,1955,0.0,0.0,0.0,,,,
model_metric,UKHLS,grouped_10fold,persistence,change,current_state,R4_persistence_residual,,,,calibration_slope,0.9714355121972938,,,,1955,0.0,0.0,0.0,,,,
model_metric,UKHLS,grouped_10fold,persistence,change,current_state,R4_joint_residual,,,,RMSE,0.8715803665869661,,,,1955,10.0,100.0,100.0,,,,
model_metric,UKHLS,grouped_10fold,persistence,change,current_state,R4_joint_residual,,,,MAE,0.634488934972848,,,,1955,10.0,100.0,100.0,,,,
model_metric,UKHLS,grouped_10fold,persistence,change,current_state,R4_joint_residual,,,,predictive_R2,0.3122965250528484,,,,1955,10.0,100.0,100.0,,,,
model_metric,UKHLS,grouped_10fold,persistence,change,current_state,R4_joint_residual,,,,mean_log_predictive_density,-1.281751128430683,,,,1955,10.0,100.0,100.0,,,,
model_metric,UKHLS,grouped_10fold,persistence,change,current_state,R4_joint_residual,,,,calibration_intercept,0.0007738848357928,,,,1955,10.0,100.0,100.0,,,,
model_metric,UKHLS,grouped_10fold,persistence,change,current_state,R4_joint_residual,,,,calibration_slope,0.9726696518742444,,,,1955,10.0,100.0,100.0,,,,
comparison,UKHLS,grouped_10fold,persistence,change,current_state,,BASE,R1_prior_acute,R1_prior_acute_minus_BASE,RMSE,-0.0004755635989015,-0.002097829487991,0.0010874962302844,0.0008569678444248,1955,,,,,500.0,500.0,paired person-cluster bootstrap
comparison,UKHLS,grouped_10fold,persistence,change,current_state,,BASE,R1_prior_acute,R1_prior_acute_minus_BASE,MAE,-0.0003373785711731,-0.0017208755977175,0.0010961860253827,0.00071412429938,1955,,,,,500.0,500.0,paired person-cluster bootstrap
comparison,UKHLS,grouped_10fold,persistence,change,current_state,,BASE,R1_prior_acute,R1_prior_acute_minus_BASE,predictive_R2,-0.0007564259704633,-0.0034102204149801,0.0017273090886342,0.0013634773103692,1955,,,,,500.0,500.0,paired person-cluster bootstrap
comparison,UKHLS,grouped_10fold,persistence,change,current_state,,BASE,R1_prior_acute,R1_prior_acute_minus_BASE,mean_log_predictive_density,-0.0005412431183748,-0.0024063511544757,0.0012921813124417,0.0010044333130942,1955,,,,,500.0,500.0,paired person-cluster bootstrap
comparison,UKHLS,grouped_10fold,persistence,change,current_state,,BASE,R2_prior_persistence,R2_prior_persistence_minus_BASE,RMSE,-0.0002763793258634,-0.0025611682518178,0.0019649779824234,0.0011325418206239,1955,,,,,500.0,500.0,paired person-cluster bootstrap
comparison,UKHLS,grouped_10fold,persistence,change,current_state,,BASE,R2_prior_persistence,R2_prior_persistence_minus_BASE,MAE,4.593572939526336e-05,-0.0016456391857317,0.0017332044820409,0.0008778815735955,1955,,,,,500.0,500.0,paired person-cluster bootstrap
comparison,UKHLS,grouped_10fold,persistence,change,current_state,,BASE,R2_prior_persistence,R2_prior_persistence_minus_BASE,predictive_R2,-0.0004395559287385,-0.0040412002680133,0.0030180764829731,0.0018029689020307,1955,,,,,500.0,500.0,paired person-cluster bootstrap
comparison,UKHLS,grouped_10fold,persistence,change,current_state,,BASE,R2_prior_persistence,R2_prior_persistence_minus_BASE,mean_log_predictive_density,-0.0003316298529163,-0.0030001751579432,0.0023198551558074,0.0013327240444663,1955,,,,,500.0,500.0,paired person-cluster bootstrap
comparison,UKHLS,grouped_10fold,persistence,change,current_state,,BASE,R3_joint_raw,R3_joint_raw_minus_BASE,RMSE,0.000682414588657,-0.0022327605195037,0.0039180863979909,0.0015791932921637,1955,,,,,500.0,500.0,paired person-cluster bootstrap
comparison,UKHLS,grouped_10fold,persistence,change,current_state,,BASE,R3_joint_raw,R3_joint_raw_minus_BASE,MAE,0.0009655744851588,-0.0014912018560759,0.0032600855161919,0.001291738448626,1955,,,,,500.0,500.0,paired person-cluster bootstrap
comparison,UKHLS,grouped_10fold,persistence,change,current_state,,BASE,R3_joint_raw,R3_joint_raw_minus_BASE,predictive_R2,0.0010847253897796,-0.0036119529611958,0.0062742273869575,0.0025085504208239,1955,,,,,500.0,500.0,paired person-cluster bootstrap
comparison,UKHLS,grouped_10fold,persistence,change,current_state,,BASE,R3_joint_raw,R3_joint_raw_minus_BASE,mean_log_predictive_density,0.0008250219490946,-0.0027262146659292,0.0046771928447604,0.0018558441189803,1955,,,,,500.0,500.0,paired person-cluster bootstrap
comparison,UKHLS,grouped_10fold,persistence,change,current_state,,BASE,R4_acute_residual,R4_acute_residual_minus_BASE,RMSE,0.0066191087229328,0.0004480943243681,0.0115065672303945,0.0028518884562987,1955,,,,,500.0,500.0,paired person-cluster bootstrap
comparison,UKHLS,grouped_10fold,persistence,change,current_state,,BASE,R4_acute_residual,R4_acute_residual_minus_BASE,MAE,0.0041406483772099,-0.0009073229511462,0.0091028097542165,0.0024513255788719,1955,,,,,500.0,500.0,paired person-cluster bootstrap
comparison,UKHLS,grouped_10fold,persistence,change,current_state,,BASE,R4_acute_residual,R4_acute_residual_minus_BASE,predictive_R2,0.0104857652710861,0.0007205757406991,0.0182830881768185,0.0045140623038319,1955,,,,,500.0,500.0,paired person-cluster bootstrap
comparison,UKHLS,grouped_10fold,persistence,change,current_state,,BASE,R4_acute_residual,R4_acute_residual_minus_BASE,mean_log_predictive_density,0.0077307288525663,0.0006139950101093,0.0135228959220685,0.0033473141245233,1955,,,,,500.0,500.0,paired person-cluster bootstrap
comparison,UKHLS,grouped_10fold,persistence,change,current_state,,BASE,R4_persistence_residual,R4_persistence_residual_minus_BASE,RMSE,0.0013372999420202,-0.0028658573906988,0.0054009402722064,0.0021415710527514,1955,,,,,500.0,500.0,paired person-cluster bootstrap
comparison,UKHLS,grouped_10fold,persistence,change,current_state,,BASE,R4_persistence_residual,R4_persistence_residual_minus_BASE,MAE,0.0019778544127508,-0.0012780417371711,0.0049975669188841,0.0016264868899568,1955,,,,,500.0,500.0,paired person-cluster bootstrap
comparison,UKHLS,grouped_10fold,persistence,change,current_state,,BASE,R4_persistence_residual,R4_persistence_residual_minus_BASE,predictive_R2,0.002124899123999,-0.0045064978649993,0.0082738821287162,0.0034023772727568,1955,,,,,500.0,500.0,paired person-cluster bootstrap
comparison,UKHLS,grouped_10fold,persistence,change,current_state,,BASE,R4_persistence_residual,R4_persistence_residual_minus_BASE,mean_log_predictive_density,0.0014593417983623,-0.0036033776112643,0.0062444369598496,0.0025267889248477,1955,,,,,500.0,500.0,paired person-cluster bootstrap
comparison,UKHLS,grouped_10fold,persistence,change,current_state,,BASE,R4_joint_residual,R4_joint_residual_minus_BASE,RMSE,0.0066812915909476,0.0004124152150959,0.0131095567519265,0.0032874288674251,1955,,,,,500.0,500.0,paired person-cluster bootstrap
comparison,UKHLS,grouped_10fold,persistence,change,current_state,,BASE,R4_joint_residual,R4_joint_residual_minus_BASE,MAE,0.0047435676513185,-0.0002034176162191,0.0100240700480676,0.0026180362148932,1955,,,,,500.0,500.0,paired person-cluster bootstrap
comparison,UKHLS,grouped_10fold,persistence,change,current_state,,BASE,R4_joint_residual,R4_joint_residual_minus_BASE,predictive_R2,0.0105838971279547,0.0006626431029233,0.0210015033937318,0.0052108686279939,1955,,,,,500.0,500.0,paired person-cluster bootstrap
comparison,UKHLS,grouped_10fold,persistence,change,current_state,,BASE,R4_joint_residual,R4_joint_residual_minus_BASE,mean_log_predictive_density,0.0077220162654612,0.0006510339684386,0.0154320821566202,0.0038620443735157,1955,,,,,500.0,500.0,paired person-cluster bootstrap
model_metric,UKHLS,grouped_10fold,persistence,ancova_level,ancova_current_state,BASE,,,,RMSE,0.8782616581779136,,,,1955,0.0,0.0,0.0,,,,
model_metric,UKHLS,grouped_10fold,persistence,ancova_level,ancova_current_state,BASE,,,,MAE,0.6392325026241665,,,,1955,0.0,0.0,0.0,,,,
model_metric,UKHLS,grouped_10fold,persistence,ancova_level,ancova_current_state,BASE,,,,predictive_R2,0.2207387029635401,,,,1955,0.0,0.0,0.0,,,,
model_metric,UKHLS,grouped_10fold,persistence,ancova_level,ancova_current_state,BASE,,,,mean_log_predictive_density,-1.2894731446961445,,,,1955,0.0,0.0,0.0,,,,
model_metric,UKHLS,grouped_10fold,persistence,ancova_level,ancova_current_state,BASE,,,,calibration_intercept,0.0020069838992539,,,,1955,0.0,0.0,0.0,,,,
model_metric,UKHLS,grouped_10fold,persistence,ancova_level,ancova_current_state,BASE,,,,calibration_slope,0.9711961031997,,,,1955,0.0,0.0,0.0,,,,
model_metric,UKHLS,grouped_10fold,persistence,ancova_level,ancova_current_state,R1_prior_acute,,,,RMSE,0.8787372217768152,,,,1955,0.0,0.0,0.0,,,,
model_metric,UKHLS,grouped_10fold,persistence,ancova_level,ancova_current_state,R1_prior_acute,,,,MAE,0.6395698811953396,,,,1955,0.0,0.0,0.0,,,,
model_metric,UKHLS,grouped_10fold,persistence,ancova_level,ancova_current_state,R1_prior_acute,,,,predictive_R2,0.2198945612728439,,,,1955,0.0,0.0,0.0,,,,
model_metric,UKHLS,grouped_10fold,persistence,ancova_level,ancova_current_state,R1_prior_acute,,,,mean_log_predictive_density,-1.290014387814519,,,,1955,0.0,0.0,0.0,,,,
model_metric,UKHLS,grouped_10fold,persistence,ancova_level,ancova_current_state,R1_prior_acute,,,,calibration_intercept,0.0027828634043463,,,,1955,0.0,0.0,0.0,,,,
model_metric,UKHLS,grouped_10fold,persistence,ancova_level,ancova_current_state,R1_prior_acute,,,,calibration_slope,0.9675615772074724,,,,1955,0.0,0.0,0.0,,,,
model_metric,UKHLS,grouped_10fold,persistence,ancova_level,ancova_current_state,R2_prior_persistence,,,,RMSE,0.878538037503777,,,,1955,0.0,0.0,0.0,,,,
model_metric,UKHLS,grouped_10fold,persistence,ancova_level,ancova_current_state,R2_prior_persistence,,,,MAE,0.6391865668947713,,,,1955,0.0,0.0,0.0,,,,
model_metric,UKHLS,grouped_10fold,persistence,ancova_level,ancova_current_state,R2_prior_persistence,,,,predictive_R2,0.2202481758011614,,,,1955,0.0,0.0,0.0,,,,
model_metric,UKHLS,grouped_10fold,persistence,ancova_level,ancova_current_state,R2_prior_persistence,,,,mean_log_predictive_density,-1.2898047745490606,,,,1955,0.0,0.0,0.0,,,,
model_metric,UKHLS,grouped_10fold,persistence,ancova_level,ancova_current_state,R2_prior_persistence,,,,calibration_intercept,0.003003055902703,,,,1955,0.0,0.0,0.0,,,,
model_metric,UKHLS,grouped_10fold,persistence,ancova_level,ancova_current_state,R2_prior_persistence,,,,calibration_slope,0.9660866485058588,,,,1955,0.0,0.0,0.0,,,,
model_metric,UKHLS,grouped_10fold,persistence,ancova_level,ancova_current_state,R3_joint_raw,,,,RMSE,0.8775792435892569,,,,1955,100.0,100.0,100.0,,,,
model_metric,UKHLS,grouped_10fold,persistence,ancova_level,ancova_current_state,R3_joint_raw,,,,MAE,0.6382669281390079,,,,1955,100.0,100.0,100.0,,,,
model_metric,UKHLS,grouped_10fold,persistence,ancova_level,ancova_current_state,R3_joint_raw,,,,predictive_R2,0.221949213919303,,,,1955,100.0,100.0,100.0,,,,
model_metric,UKHLS,grouped_10fold,persistence,ancova_level,ancova_current_state,R3_joint_raw,,,,mean_log_predictive_density,-1.2886481227470497,,,,1955,100.0,100.0,100.0,,,,
model_metric,UKHLS,grouped_10fold,persistence,ancova_level,ancova_current_state,R3_joint_raw,,,,calibration_intercept,0.0031682196852634,,,,1955,100.0,100.0,100.0,,,,
model_metric,UKHLS,grouped_10fold,persistence,ancova_level,ancova_current_state,R3_joint_raw,,,,calibration_slope,0.9660201471021548,,,,1955,100.0,100.0,100.0,,,,
model_metric,UKHLS,grouped_10fold,persistence,ancova_level,ancova_current_state,R4_acute_residual,,,,RMSE,0.871642549454981,,,,1955,0.0,0.0,0.0,,,,
model_metric,UKHLS,grouped_10fold,persistence,ancova_level,ancova_current_state,R4_acute_residual,,,,MAE,0.6350918542469568,,,,1955,0.0,0.0,0.0,,,,
model_metric,UKHLS,grouped_10fold,persistence,ancova_level,ancova_current_state,R4_acute_residual,,,,predictive_R2,0.2324404054034453,,,,1955,0.0,0.0,0.0,,,,
model_metric,UKHLS,grouped_10fold,persistence,ancova_level,ancova_current_state,R4_acute_residual,,,,mean_log_predictive_density,-1.281742415843578,,,,1955,0.0,0.0,0.0,,,,
model_metric,UKHLS,grouped_10fold,persistence,ancova_level,ancova_current_state,R4_acute_residual,,,,calibration_intercept,0.0021060046539952,,,,1955,0.0,0.0,0.0,,,,
model_metric,UKHLS,grouped_10fold,persistence,ancova_level,ancova_current_state,R4_acute_residual,,,,calibration_slope,0.970955641079321,,,,1955,0.0,0.0,0.0,,,,
model_metric,UKHLS,grouped_10fold,persistence,ancova_level,ancova_current_state,R4_persistence_residual,,,,RMSE,0.8769243582358934,,,,1955,0.0,0.0,0.0,,,,
model_metric,UKHLS,grouped_10fold,persistence,ancova_level,ancova_current_state,R4_persistence_residual,,,,MAE,0.6372546482114155,,,,1955,0.0,0.0,0.0,,,,
model_metric,UKHLS,grouped_10fold,persistence,ancova_level,ancova_current_state,R4_persistence_residual,,,,predictive_R2,0.2231100069762681,,,,1955,0.0,0.0,0.0,,,,
model_metric,UKHLS,grouped_10fold,persistence,ancova_level,ancova_current_state,R4_persistence_residual,,,,mean_log_predictive_density,-1.288013802897782,,,,1955,0.0,0.0,0.0,,,,
model_metric,UKHLS,grouped_10fold,persistence,ancova_level,ancova_current_state,R4_persistence_residual,,,,calibration_intercept,0.0027098745461681,,,,1955,0.0,0.0,0.0,,,,
model_metric,UKHLS,grouped_10fold,persistence,ancova_level,ancova_current_state,R4_persistence_residual,,,,calibration_slope,0.9659273670313454,,,,1955,0.0,0.0,0.0,,,,
model_metric,UKHLS,grouped_10fold,persistence,ancova_level,ancova_current_state,R4_joint_residual,,,,RMSE,0.8715803665869664,,,,1955,10.0,100.0,100.0,,,,
model_metric,UKHLS,grouped_10fold,persistence,ancova_level,ancova_current_state,R4_joint_residual,,,,MAE,0.6344889349728483,,,,1955,10.0,100.0,100.0,,,,
model_metric,UKHLS,grouped_10fold,persistence,ancova_level,ancova_current_state,R4_joint_residual,,,,predictive_R2,0.2325499167036948,,,,1955,10.0,100.0,100.0,,,,
model_metric,UKHLS,grouped_10fold,persistence,ancova_level,ancova_current_state,R4_joint_residual,,,,mean_log_predictive_density,-1.2817511284306833,,,,1955,10.0,100.0,100.0,,,,
model_metric,UKHLS,grouped_10fold,persistence,ancova_level,ancova_current_state,R4_joint_residual,,,,calibration_intercept,0.0026063152019422,,,,1955,10.0,100.0,100.0,,,,
model_metric,UKHLS,grouped_10fold,persistence,ancova_level,ancova_current_state,R4_joint_residual,,,,calibration_slope,0.9684577511620412,,,,1955,10.0,100.0,100.0,,,,
comparison,UKHLS,grouped_10fold,persistence,ancova_level,ancova_current_state,,BASE,R1_prior_acute,R1_prior_acute_minus_BASE,RMSE,-0.0004755635989016,-0.0021571164828706,0.0012731888071737,0.000864542041095,1955,,,,,500.0,500.0,paired person-cluster bootstrap
comparison,UKHLS,grouped_10fold,persistence,ancova_level,ancova_current_state,,BASE,R1_prior_acute,R1_prior_acute_minus_BASE,MAE,-0.0003373785711731,-0.0017395122695941,0.0011078638773906,0.0007426305604494,1955,,,,,500.0,500.0,paired person-cluster bootstrap
comparison,UKHLS,grouped_10fold,persistence,ancova_level,ancova_current_state,,BASE,R1_prior_acute,R1_prior_acute_minus_BASE,predictive_R2,-0.0008441416906962,-0.0038106561378079,0.002242809717346,0.0015301092079469,1955,,,,,500.0,500.0,paired person-cluster bootstrap
comparison,UKHLS,grouped_10fold,persistence,ancova_level,ancova_current_state,,BASE,R1_prior_acute,R1_prior_acute_minus_BASE,mean_log_predictive_density,-0.0005412431183746,-0.0024921227122092,0.0015017998830474,0.0010131640180174,1955,,,,,500.0,500.0,paired person-cluster bootstrap
comparison,UKHLS,grouped_10fold,persistence,ancova_level,ancova_current_state,,BASE,R2_prior_persistence,R2_prior_persistence_minus_BASE,RMSE,-0.0002763793258634,-0.002523030278703,0.0021036581715136,0.0011303602212403,1955,,,,,500.0,500.0,paired person-cluster bootstrap
comparison,UKHLS,grouped_10fold,persistence,ancova_level,ancova_current_state,,BASE,R2_prior_persistence,R2_prior_persistence_minus_BASE,MAE,4.593572939526336e-05,-0.0016649024429855,0.0019475821261702,0.0009333075982363,1955,,,,,500.0,500.0,paired person-cluster bootstrap
comparison,UKHLS,grouped_10fold,persistence,ancova_level,ancova_current_state,,BASE,R2_prior_persistence,R2_prior_persistence_minus_BASE,predictive_R2,-0.0004905271623787,-0.0044419346958186,0.0037095924566875,0.0020052615947838,1955,,,,,500.0,500.0,paired person-cluster bootstrap
comparison,UKHLS,grouped_10fold,persistence,ancova_level,ancova_current_state,,BASE,R2_prior_persistence,R2_prior_persistence_minus_BASE,mean_log_predictive_density,-0.0003316298529163,-0.0029784896530166,0.0024741159463392,0.0013251548478753,1955,,,,,500.0,500.0,paired person-cluster bootstrap
comparison,UKHLS,grouped_10fold,persistence,ancova_level,ancova_current_state,,BASE,R3_joint_raw,R3_joint_raw_minus_BASE,RMSE,0.0006824145886566,-0.002747203581805,0.0038927321982367,0.0016820512461063,1955,,,,,500.0,500.0,paired person-cluster bootstrap
comparison,UKHLS,grouped_10fold,persistence,ancova_level,ancova_current_state,,BASE,R3_joint_raw,R3_joint_raw_minus_BASE,MAE,0.0009655744851586,-0.0016905516443329,0.0036898904838912,0.0013612733608399,1955,,,,,500.0,500.0,paired person-cluster bootstrap
comparison,UKHLS,grouped_10fold,persistence,ancova_level,ancova_current_state,,BASE,R3_joint_raw,R3_joint_raw_minus_BASE,predictive_R2,0.0012105109557628,-0.0049771933712169,0.0068878408017253,0.00299506792353,1955,,,,,500.0,500.0,paired person-cluster bootstrap
comparison,UKHLS,grouped_10fold,persistence,ancova_level,ancova_current_state,,BASE,R3_joint_raw,R3_joint_raw_minus_BASE,mean_log_predictive_density,0.0008250219490946,-0.0031263232527235,0.004580106567262,0.0019796181128509,1955,,,,,500.0,500.0,paired person-cluster bootstrap
comparison,UKHLS,grouped_10fold,persistence,ancova_level,ancova_current_state,,BASE,R4_acute_residual,R4_acute_residual_minus_BASE,RMSE,0.0066191087229325,0.0006941422281999,0.0120830259625417,0.0030551379971636,1955,,,,,500.0,500.0,paired person-cluster bootstrap
comparison,UKHLS,grouped_10fold,persistence,ancova_level,ancova_current_state,,BASE,R4_acute_residual,R4_acute_residual_minus_BASE,MAE,0.0041406483772097,-0.0006054641718335,0.0089688302753325,0.0024227641911826,1955,,,,,500.0,500.0,paired person-cluster bootstrap
comparison,UKHLS,grouped_10fold,persistence,ancova_level,ancova_current_state,,BASE,R4_acute_residual,R4_acute_residual_minus_BASE,predictive_R2,0.0117017024399052,0.0012587464927061,0.0215616291610617,0.0054195858795276,1955,,,,,500.0,500.0,paired person-cluster bootstrap
comparison,UKHLS,grouped_10fold,persistence,ancova_level,ancova_current_state,,BASE,R4_acute_residual,R4_acute_residual_minus_BASE,mean_log_predictive_density,0.0077307288525663,0.0004846829914044,0.0140624557810157,0.0035766142745248,1955,,,,,500.0,500.0,paired person-cluster bootstrap
comparison,UKHLS,grouped_10fold,persistence,ancova_level,ancova_current_state,,BASE,R4_persistence_residual,R4_persistence_residual_minus_BASE,RMSE,0.0013372999420201,-0.0025275717177437,0.0052434393391544,0.0020658075560481,1955,,,,,500.0,500.0,paired person-cluster bootstrap
comparison,UKHLS,grouped_10fold,persistence,ancova_level,ancova_current_state,,BASE,R4_persistence_residual,R4_persistence_residual_minus_BASE,MAE,0.001977854412751,-0.0006515825409249,0.0050374314071609,0.0015281843777321,1955,,,,,500.0,500.0,paired person-cluster bootstrap
comparison,UKHLS,grouped_10fold,persistence,ancova_level,ancova_current_state,,BASE,R4_persistence_residual,R4_persistence_residual_minus_BASE,predictive_R2,0.002371304012728,-0.0046090826113967,0.0093428376619793,0.0036600964995152,1955,,,,,500.0,500.0,paired person-cluster bootstrap
comparison,UKHLS,grouped_10fold,persistence,ancova_level,ancova_current_state,,BASE,R4_persistence_residual,R4_persistence_residual_minus_BASE,mean_log_predictive_density,0.0014593417983623,-0.0033075919869799,0.0061288174788122,0.0024386025244035,1955,,,,,500.0,500.0,paired person-cluster bootstrap
comparison,UKHLS,grouped_10fold,persistence,ancova_level,ancova_current_state,,BASE,R4_joint_residual,R4_joint_residual_minus_BASE,RMSE,0.0066812915909472,0.0004071983486354,0.0129226093868905,0.0031547990633878,1955,,,,,500.0,500.0,paired person-cluster bootstrap
comparison,UKHLS,grouped_10fold,persistence,ancova_level,ancova_current_state,,BASE,R4_joint_residual,R4_joint_residual_minus_BASE,MAE,0.0047435676513182,-1.7941228972592443e-05,0.0098578165846393,0.0024765763719233,1955,,,,,500.0,500.0,paired person-cluster bootstrap
comparison,UKHLS,grouped_10fold,persistence,ancova_level,ancova_current_state,,BASE,R4_joint_residual,R4_joint_residual_minus_BASE,predictive_R2,0.0118112137401547,0.0007154478139382,0.0229279666504345,0.0055951594516285,1955,,,,,500.0,500.0,paired person-cluster bootstrap
comparison,UKHLS,grouped_10fold,persistence,ancova_level,ancova_current_state,,BASE,R4_joint_residual,R4_joint_residual_minus_BASE,mean_log_predictive_density,0.0077220162654609,0.000252421422744,0.0151966800682386,0.0036968581814533,1955,,,,,500.0,500.0,paired person-cluster bootstrap
model_metric,UKHLS,temporal_70_30,acute,change,context,BASE,,,,RMSE,0.9982629754391844,,,,587,0.0,0.0,0.0,2020-04-28,,,
model_metric,UKHLS,temporal_70_30,acute,change,context,BASE,,,,MAE,0.7034672993878252,,,,587,0.0,0.0,0.0,2020-04-28,,,
model_metric,UKHLS,temporal_70_30,acute,change,context,BASE,,,,predictive_R2,0.0099889852863457,,,,587,0.0,0.0,0.0,2020-04-28,,,
model_metric,UKHLS,temporal_70_30,acute,change,context,BASE,,,,mean_log_predictive_density,-1.4249314864526377,,,,587,0.0,0.0,0.0,2020-04-28,,,
model_metric,UKHLS,temporal_70_30,acute,change,context,BASE,,,,calibration_intercept,0.0198208665866873,,,,587,0.0,0.0,0.0,2020-04-28,,,
model_metric,UKHLS,temporal_70_30,acute,change,context,BASE,,,,calibration_slope,0.760669655589851,,,,587,0.0,0.0,0.0,2020-04-28,,,
model_metric,UKHLS,temporal_70_30,acute,change,context,R1_prior_acute,,,,RMSE,0.9986108110319716,,,,587,0.0,0.0,0.0,2020-04-28,,,
model_metric,UKHLS,temporal_70_30,acute,change,context,R1_prior_acute,,,,MAE,0.7038411302606546,,,,587,0.0,0.0,0.0,2020-04-28,,,
model_metric,UKHLS,temporal_70_30,acute,change,context,R1_prior_acute,,,,predictive_R2,0.0092989445428276,,,,587,0.0,0.0,0.0,2020-04-28,,,
model_metric,UKHLS,temporal_70_30,acute,change,context,R1_prior_acute,,,,mean_log_predictive_density,-1.4252152718295117,,,,587,0.0,0.0,0.0,2020-04-28,,,
model_metric,UKHLS,temporal_70_30,acute,change,context,R1_prior_acute,,,,calibration_intercept,0.024076956363769,,,,587,0.0,0.0,0.0,2020-04-28,,,
model_metric,UKHLS,temporal_70_30,acute,change,context,R1_prior_acute,,,,calibration_slope,0.7414502084210782,,,,587,0.0,0.0,0.0,2020-04-28,,,
model_metric,UKHLS,temporal_70_30,acute,change,context,R2_prior_persistence,,,,RMSE,1.0179165189173245,,,,587,0.0,0.0,0.0,2020-04-28,,,
model_metric,UKHLS,temporal_70_30,acute,change,context,R2_prior_persistence,,,,MAE,0.7203816475307834,,,,587,0.0,0.0,0.0,2020-04-28,,,
model_metric,UKHLS,temporal_70_30,acute,change,context,R2_prior_persistence,,,,predictive_R2,-0.0293769120953149,,,,587,0.0,0.0,0.0,2020-04-28,,,
model_metric,UKHLS,temporal_70_30,acute,change,context,R2_prior_persistence,,,,mean_log_predictive_density,-1.4387868808601454,,,,587,0.0,0.0,0.0,2020-04-28,,,
model_metric,UKHLS,temporal_70_30,acute,change,context,R2_prior_persistence,,,,calibration_intercept,0.0941785360157994,,,,587,0.0,0.0,0.0,2020-04-28,,,
model_metric,UKHLS,temporal_70_30,acute,change,context,R2_prior_persistence,,,,calibration_slope,0.3101658908520742,,,,587,0.0,0.0,0.0,2020-04-28,,,
model_metric,UKHLS,temporal_70_30,acute,change,context,R3_joint_raw,,,,RMSE,1.031957538523749,,,,587,10.0,10.0,10.0,2020-04-28,,,
model_metric,UKHLS,temporal_70_30,acute,change,context,R3_joint_raw,,,,MAE,0.7335643604706814,,,,587,10.0,10.0,10.0,2020-04-28,,,
model_metric,UKHLS,temporal_70_30,acute,change,context,R3_joint_raw,,,,predictive_R2,-0.0579709786535063,,,,587,10.0,10.0,10.0,2020-04-28,,,
model_metric,UKHLS,temporal_70_30,acute,change,context,R3_joint_raw,,,,mean_log_predictive_density,-1.450995537501607,,,,587,10.0,10.0,10.0,2020-04-28,,,
model_metric,UKHLS,temporal_70_30,acute,change,context,R3_joint_raw,,,,calibration_intercept,0.1171784216485427,,,,587,10.0,10.0,10.0,2020-04-28,,,
model_metric,UKHLS,temporal_70_30,acute,change,context,R3_joint_raw,,,,calibration_slope,0.2045443033297501,,,,587,10.0,10.0,10.0,2020-04-28,,,
model_metric,UKHLS,temporal_70_30,acute,change,context,R4_acute_residual,,,,RMSE,0.9993153277036884,,,,587,0.0,0.0,0.0,2020-04-28,,,
model_metric,UKHLS,temporal_70_30,acute,change,context,R4_acute_residual,,,,MAE,0.7040735310450809,,,,587,0.0,0.0,0.0,2020-04-28,,,
model_metric,UKHLS,temporal_70_30,acute,change,context,R4_acute_residual,,,,predictive_R2,0.0079005787156117,,,,587,0.0,0.0,0.0,2020-04-28,,,
model_metric,UKHLS,temporal_70_30,acute,change,context,R4_acute_residual,,,,mean_log_predictive_density,-1.4257982458885834,,,,587,0.0,0.0,0.0,2020-04-28,,,
model_metric,UKHLS,temporal_70_30,acute,change,context,R4_acute_residual,,,,calibration_intercept,0.0304323187499153,,,,587,0.0,0.0,0.0,2020-04-28,,,
model_metric,UKHLS,temporal_70_30,acute,change,context,R4_acute_residual,,,,calibration_slope,0.7057846125516561,,,,587,0.0,0.0,0.0,2020-04-28,,,
model_metric,UKHLS,temporal_70_30,acute,change,context,R4_persistence_residual,,,,RMSE,1.0127338196473612,,,,587,0.0,0.0,0.0,2020-04-28,,,
model_metric,UKHLS,temporal_70_30,acute,change,context,R4_persistence_residual,,,,MAE,0.7291730203744836,,,,587,0.0,0.0,0.0,2020-04-28,,,
model_metric,UKHLS,temporal_70_30,acute,change,context,R4_persistence_residual,,,,predictive_R2,-0.0189214975697529,,,,587,0.0,0.0,0.0,2020-04-28,,,
model_metric,UKHLS,temporal_70_30,acute,change,context,R4_persistence_residual,,,,mean_log_predictive_density,-1.4332980453487003,,,,587,0.0,0.0,0.0,2020-04-28,,,
model_metric,UKHLS,temporal_70_30,acute,change,context,R4_persistence_residual,,,,calibration_intercept,0.0798541792420442,,,,587,0.0,0.0,0.0,2020-04-28,,,
model_metric,UKHLS,temporal_70_30,acute,change,context,R4_persistence_residual,,,,calibration_slope,0.4002752918027731,,,,587,0.0,0.0,0.0,2020-04-28,,,
model_metric,UKHLS,temporal_70_30,acute,change,context,R4_joint_residual,,,,RMSE,1.027748883615659,,,,587,10.0,10.0,10.0,2020-04-28,,,
model_metric,UKHLS,temporal_70_30,acute,change,context,R4_joint_residual,,,,MAE,0.7386523390210964,,,,587,10.0,10.0,10.0,2020-04-28,,,
model_metric,UKHLS,temporal_70_30,acute,change,context,R4_joint_residual,,,,predictive_R2,-0.0493590834012385,,,,587,10.0,10.0,10.0,2020-04-28,,,
model_metric,UKHLS,temporal_70_30,acute,change,context,R4_joint_residual,,,,mean_log_predictive_density,-1.4467767034006953,,,,587,10.0,10.0,10.0,2020-04-28,,,
model_metric,UKHLS,temporal_70_30,acute,change,context,R4_joint_residual,,,,calibration_intercept,0.1054039149351584,,,,587,10.0,10.0,10.0,2020-04-28,,,
model_metric,UKHLS,temporal_70_30,acute,change,context,R4_joint_residual,,,,calibration_slope,0.2768855049201795,,,,587,10.0,10.0,10.0,2020-04-28,,,
comparison,UKHLS,temporal_70_30,acute,change,context,,BASE,R1_prior_acute,R1_prior_acute_minus_BASE,RMSE,-0.0003478355927872,-0.0012699941686653,0.0005685202859906,0.0004839620304095,587,,,,2020-04-28,500.0,500.0,paired person-cluster bootstrap
comparison,UKHLS,temporal_70_30,acute,change,context,,BASE,R1_prior_acute,R1_prior_acute_minus_BASE,MAE,-0.0003738308728294,-0.001144974063146,0.000554037206269,0.0004317776267202,587,,,,2020-04-28,500.0,500.0,paired person-cluster bootstrap
comparison,UKHLS,temporal_70_30,acute,change,context,,BASE,R1_prior_acute,R1_prior_acute_minus_BASE,predictive_R2,-0.000690040743518,-0.0025555501113491,0.0012017006174826,0.0009716508100832,587,,,,2020-04-28,500.0,500.0,paired person-cluster bootstrap
comparison,UKHLS,temporal_70_30,acute,change,context,,BASE,R1_prior_acute,R1_prior_acute_minus_BASE,mean_log_predictive_density,-0.000283785376874,-0.0010392261659795,0.0004722850947772,0.0004028464024739,587,,,,2020-04-28,500.0,500.0,paired person-cluster bootstrap
comparison,UKHLS,temporal_70_30,acute,change,context,,BASE,R2_prior_persistence,R2_prior_persistence_minus_BASE,RMSE,-0.01965354347814,-0.0445256765532535,0.0083393793300426,0.0133072179288265,587,,,,2020-04-28,500.0,500.0,paired person-cluster bootstrap
comparison,UKHLS,temporal_70_30,acute,change,context,,BASE,R2_prior_persistence,R2_prior_persistence_minus_BASE,MAE,-0.0169143481429582,-0.0346878804959161,0.0006063064665093,0.0087313022604559,587,,,,2020-04-28,500.0,500.0,paired person-cluster bootstrap
comparison,UKHLS,temporal_70_30,acute,change,context,,BASE,R2_prior_persistence,R2_prior_persistence_minus_BASE,predictive_R2,-0.0393658973816606,-0.0892772105731171,0.0168869756301059,0.0268281591919987,587,,,,2020-04-28,500.0,500.0,paired person-cluster bootstrap
comparison,UKHLS,temporal_70_30,acute,change,context,,BASE,R2_prior_persistence,R2_prior_persistence_minus_BASE,mean_log_predictive_density,-0.0138553944075077,-0.0377546208540386,0.0119056038492808,0.0127251846278514,587,,,,2020-04-28,500.0,500.0,paired person-cluster bootstrap
comparison,UKHLS,temporal_70_30,acute,change,context,,BASE,R3_joint_raw,R3_joint_raw_minus_BASE,RMSE,-0.0336945630845645,-0.0642649577636297,-0.0013627951271949,0.0162145056050946,587,,,,2020-04-28,500.0,500.0,paired person-cluster bootstrap
comparison,UKHLS,temporal_70_30,acute,change,context,,BASE,R3_joint_raw,R3_joint_raw_minus_BASE,MAE,-0.0300970610828562,-0.048953170374747,-0.0094352254300876,0.0099183001030562,587,,,,2020-04-28,500.0,500.0,paired person-cluster bootstrap
comparison,UKHLS,temporal_70_30,acute,change,context,,BASE,R3_joint_raw,R3_joint_raw_minus_BASE,predictive_R2,-0.067959963939852,-0.1313131687191957,-0.0026550366111614,0.0325157167255606,587,,,,2020-04-28,500.0,500.0,paired person-cluster bootstrap
comparison,UKHLS,temporal_70_30,acute,change,context,,BASE,R3_joint_raw,R3_joint_raw_minus_BASE,mean_log_predictive_density,-0.0260640510489693,-0.0565950343387734,0.0044464998354462,0.0164485095741301,587,,,,2020-04-28,500.0,500.0,paired person-cluster bootstrap
comparison,UKHLS,temporal_70_30,acute,change,context,,BASE,R4_acute_residual,R4_acute_residual_minus_BASE,RMSE,-0.001052352264504,-0.0022139080751409,0.0001192401524372,0.0006375264863628,587,,,,2020-04-28,500.0,500.0,paired person-cluster bootstrap
comparison,UKHLS,temporal_70_30,acute,change,context,,BASE,R4_acute_residual,R4_acute_residual_minus_BASE,MAE,-0.0006062316572557,-0.0018497590198859,0.000621682607394,0.000628577624535,587,,,,2020-04-28,500.0,500.0,paired person-cluster bootstrap
comparison,UKHLS,temporal_70_30,acute,change,context,,BASE,R4_acute_residual,R4_acute_residual_minus_BASE,predictive_R2,-0.0020884065707339,-0.0044199534856042,0.0002415378237642,0.0012875904756736,587,,,,2020-04-28,500.0,500.0,paired person-cluster bootstrap
comparison,UKHLS,temporal_70_30,acute,change,context,,BASE,R4_acute_residual,R4_acute_residual_minus_BASE,mean_log_predictive_density,-0.0008667594359457,-0.0018588732669819,0.0001143040546491,0.0005333866093371,587,,,,2020-04-28,500.0,500.0,paired person-cluster bootstrap
comparison,UKHLS,temporal_70_30,acute,change,context,,BASE,R4_persistence_residual,R4_persistence_residual_minus_BASE,RMSE,-0.0144708442081767,-0.0404285840796066,0.0123396112396417,0.0138269495425708,587,,,,2020-04-28,500.0,500.0,paired person-cluster bootstrap
comparison,UKHLS,temporal_70_30,acute,change,context,,BASE,R4_persistence_residual,R4_persistence_residual_minus_BASE,MAE,-0.0257057209866584,-0.0450602855101975,-0.006716885580163,0.0096311559525647,587,,,,2020-04-28,500.0,500.0,paired person-cluster bootstrap
comparison,UKHLS,temporal_70_30,acute,change,context,,BASE,R4_persistence_residual,R4_persistence_residual_minus_BASE,predictive_R2,-0.0289104828560986,-0.0835814879853824,0.0251091749823251,0.0279728221727568,587,,,,2020-04-28,500.0,500.0,paired person-cluster bootstrap
comparison,UKHLS,temporal_70_30,acute,change,context,,BASE,R4_persistence_residual,R4_persistence_residual_minus_BASE,mean_log_predictive_density,-0.0083665588960628,-0.0344521796642984,0.0165184513534005,0.0131530783868706,587,,,,2020-04-28,500.0,500.0,paired person-cluster bootstrap
comparison,UKHLS,temporal_70_30,acute,change,context,,BASE,R4_joint_residual,R4_joint_residual_minus_BASE,RMSE,-0.0294859081764745,-0.0603967599136586,0.0027122391855964,0.0160873674724794,587,,,,2020-04-28,500.0,500.0,paired person-cluster bootstrap
comparison,UKHLS,temporal_70_30,acute,change,context,,BASE,R4_joint_residual,R4_joint_residual_minus_BASE,MAE,-0.0351850396332712,-0.056387477000505,-0.013616561693459,0.011280735246079,587,,,,2020-04-28,500.0,500.0,paired person-cluster bootstrap
comparison,UKHLS,temporal_70_30,acute,change,context,,BASE,R4_joint_residual,R4_joint_residual_minus_BASE,predictive_R2,-0.0593480686875842,-0.1299627207816377,0.0052705960700604,0.0331270773384827,587,,,,2020-04-28,500.0,500.0,paired person-cluster bootstrap
comparison,UKHLS,temporal_70_30,acute,change,context,,BASE,R4_joint_residual,R4_joint_residual_minus_BASE,mean_log_predictive_density,-0.0218452169480576,-0.0521897593859254,0.0099085442469609,0.0159082218728254,587,,,,2020-04-28,500.0,500.0,paired person-cluster bootstrap
model_metric,UKHLS,temporal_70_30,acute,change,current_state,BASE,,,,RMSE,0.9119630993289658,,,,587,0.0,0.0,0.0,2020-04-28,,,
model_metric,UKHLS,temporal_70_30,acute,change,current_state,BASE,,,,MAE,0.6994576888450518,,,,587,0.0,0.0,0.0,2020-04-28,,,
model_metric,UKHLS,temporal_70_30,acute,change,current_state,BASE,,,,predictive_R2,0.1737630168285052,,,,587,0.0,0.0,0.0,2020-04-28,,,
model_metric,UKHLS,temporal_70_30,acute,change,current_state,BASE,,,,mean_log_predictive_density,-1.327320324491259,,,,587,0.0,0.0,0.0,2020-04-28,,,
model_metric,UKHLS,temporal_70_30,acute,change,current_state,BASE,,,,calibration_intercept,-0.021364512046226,,,,587,0.0,0.0,0.0,2020-04-28,,,
model_metric,UKHLS,temporal_70_30,acute,change,current_state,BASE,,,,calibration_slope,0.7966116783330632,,,,587,0.0,0.0,0.0,2020-04-28,,,
model_metric,UKHLS,temporal_70_30,acute,change,current_state,R1_prior_acute,,,,RMSE,0.9151447835630636,,,,587,0.0,0.0,0.0,2020-04-28,,,
model_metric,UKHLS,temporal_70_30,acute,change,current_state,R1_prior_acute,,,,MAE,0.6996674975883965,,,,587,0.0,0.0,0.0,2020-04-28,,,
model_metric,UKHLS,temporal_70_30,acute,change,current_state,R1_prior_acute,,,,predictive_R2,0.1679877591519062,,,,587,0.0,0.0,0.0,2020-04-28,,,
model_metric,UKHLS,temporal_70_30,acute,change,current_state,R1_prior_acute,,,,mean_log_predictive_density,-1.3305833078830385,,,,587,0.0,0.0,0.0,2020-04-28,,,
model_metric,UKHLS,temporal_70_30,acute,change,current_state,R1_prior_acute,,,,calibration_intercept,-0.0126240165859987,,,,587,0.0,0.0,0.0,2020-04-28,,,
model_metric,UKHLS,temporal_70_30,acute,change,current_state,R1_prior_acute,,,,calibration_slope,0.7795640495984337,,,,587,0.0,0.0,0.0,2020-04-28,,,
model_metric,UKHLS,temporal_70_30,acute,change,current_state,R2_prior_persistence,,,,RMSE,0.9156532960038214,,,,587,0.0,0.0,0.0,2020-04-28,,,
model_metric,UKHLS,temporal_70_30,acute,change,current_state,R2_prior_persistence,,,,MAE,0.7031493323276132,,,,587,0.0,0.0,0.0,2020-04-28,,,
model_metric,UKHLS,temporal_70_30,acute,change,current_state,R2_prior_persistence,,,,predictive_R2,0.1670628647956282,,,,587,0.0,0.0,0.0,2020-04-28,,,
model_metric,UKHLS,temporal_70_30,acute,change,current_state,R2_prior_persistence,,,,mean_log_predictive_density,-1.3310606312451052,,,,587,0.0,0.0,0.0,2020-04-28,,,
model_metric,UKHLS,temporal_70_30,acute,change,current_state,R2_prior_persistence,,,,calibration_intercept,-0.0239345287533012,,,,587,0.0,0.0,0.0,2020-04-28,,,
model_metric,UKHLS,temporal_70_30,acute,change,current_state,R2_prior_persistence,,,,calibration_slope,0.7937764764240842,,,,587,0.0,0.0,0.0,2020-04-28,,,
model_metric,UKHLS,temporal_70_30,acute,change,current_state,R3_joint_raw,,,,RMSE,0.9258519487844592,,,,587,10.0,10.0,10.0,2020-04-28,,,
model_metric,UKHLS,temporal_70_30,acute,change,current_state,R3_joint_raw,,,,MAE,0.7061444441743087,,,,587,10.0,10.0,10.0,2020-04-28,,,
model_metric,UKHLS,temporal_70_30,acute,change,current_state,R3_joint_raw,,,,predictive_R2,0.1484048314418764,,,,587,10.0,10.0,10.0,2020-04-28,,,
model_metric,UKHLS,temporal_70_30,acute,change,current_state,R3_joint_raw,,,,mean_log_predictive_density,-1.3419021334913095,,,,587,10.0,10.0,10.0,2020-04-28,,,
model_metric,UKHLS,temporal_70_30,acute,change,current_state,R3_joint_raw,,,,calibration_intercept,-0.0064085970760208,,,,587,10.0,10.0,10.0,2020-04-28,,,
model_metric,UKHLS,temporal_70_30,acute,change,current_state,R3_joint_raw,,,,calibration_slope,0.7502199488104457,,,,587,10.0,10.0,10.0,2020-04-28,,,
model_metric,UKHLS,temporal_70_30,acute,change,current_state,R4_acute_residual,,,,RMSE,0.9272410615943036,,,,587,0.0,0.0,0.0,2020-04-28,,,
model_metric,UKHLS,temporal_70_30,acute,change,current_state,R4_acute_residual,,,,MAE,0.7019538039229486,,,,587,0.0,0.0,0.0,2020-04-28,,,
model_metric,UKHLS,temporal_70_30,acute,change,current_state,R4_acute_residual,,,,predictive_R2,0.1458475128678635,,,,587,0.0,0.0,0.0,2020-04-28,,,
model_metric,UKHLS,temporal_70_30,acute,change,current_state,R4_acute_residual,,,,mean_log_predictive_density,-1.3434919740211937,,,,587,0.0,0.0,0.0,2020-04-28,,,
model_metric,UKHLS,temporal_70_30,acute,change,current_state,R4_acute_residual,,,,calibration_intercept,0.0051434230909964,,,,587,0.0,0.0,0.0,2020-04-28,,,
model_metric,UKHLS,temporal_70_30,acute,change,current_state,R4_acute_residual,,,,calibration_slope,0.7182956539373158,,,,587,0.0,0.0,0.0,2020-04-28,,,
model_metric,UKHLS,temporal_70_30,acute,change,current_state,R4_persistence_residual,,,,RMSE,0.910259653307387,,,,587,0.0,0.0,0.0,2020-04-28,,,
model_metric,UKHLS,temporal_70_30,acute,change,current_state,R4_persistence_residual,,,,MAE,0.6987926003834274,,,,587,0.0,0.0,0.0,2020-04-28,,,
model_metric,UKHLS,temporal_70_30,acute,change,current_state,R4_persistence_residual,,,,predictive_R2,0.1768467723499269,,,,587,0.0,0.0,0.0,2020-04-28,,,
model_metric,UKHLS,temporal_70_30,acute,change,current_state,R4_persistence_residual,,,,mean_log_predictive_density,-1.3254933864724443,,,,587,0.0,0.0,0.0,2020-04-28,,,
model_metric,UKHLS,temporal_70_30,acute,change,current_state,R4_persistence_residual,,,,calibration_intercept,-0.0205809334743588,,,,587,0.0,0.0,0.0,2020-04-28,,,
model_metric,UKHLS,temporal_70_30,acute,change,current_state,R4_persistence_residual,,,,calibration_slope,0.7911579051890438,,,,587,0.0,0.0,0.0,2020-04-28,,,
model_metric,UKHLS,temporal_70_30,acute,change,current_state,R4_joint_residual,,,,RMSE,0.9265228058529024,,,,587,10.0,10.0,10.0,2020-04-28,,,
model_metric,UKHLS,temporal_70_30,acute,change,current_state,R4_joint_residual,,,,MAE,0.7015794668821335,,,,587,10.0,10.0,10.0,2020-04-28,,,
model_metric,UKHLS,temporal_70_30,acute,change,current_state,R4_joint_residual,,,,predictive_R2,0.1471702806785063,,,,587,10.0,10.0,10.0,2020-04-28,,,
model_metric,UKHLS,temporal_70_30,acute,change,current_state,R4_joint_residual,,,,mean_log_predictive_density,-1.3427026277859404,,,,587,10.0,10.0,10.0,2020-04-28,,,
model_metric,UKHLS,temporal_70_30,acute,change,current_state,R4_joint_residual,,,,calibration_intercept,0.0045591182596689,,,,587,10.0,10.0,10.0,2020-04-28,,,
model_metric,UKHLS,temporal_70_30,acute,change,current_state,R4_joint_residual,,,,calibration_slope,0.7201894798504621,,,,587,10.0,10.0,10.0,2020-04-28,,,
comparison,UKHLS,temporal_70_30,acute,change,current_state,,BASE,R1_prior_acute,R1_prior_acute_minus_BASE,RMSE,-0.0031816842340977,-0.0089698921315191,0.0031694908750287,0.0030260462235,587,,,,2020-04-28,500.0,500.0,paired person-cluster bootstrap
comparison,UKHLS,temporal_70_30,acute,change,current_state,,BASE,R1_prior_acute,R1_prior_acute_minus_BASE,MAE,-0.0002098087433447,-0.00494770821828,0.0045230990135707,0.0025380365245682,587,,,,2020-04-28,500.0,500.0,paired person-cluster bootstrap
comparison,UKHLS,temporal_70_30,acute,change,current_state,,BASE,R1_prior_acute,R1_prior_acute_minus_BASE,predictive_R2,-0.005775257676599,-0.0169853347814696,0.005593969961629,0.0056057167084543,587,,,,2020-04-28,500.0,500.0,paired person-cluster bootstrap
comparison,UKHLS,temporal_70_30,acute,change,current_state,,BASE,R1_prior_acute,R1_prior_acute_minus_BASE,mean_log_predictive_density,-0.0032629833917794,-0.0093455499354349,0.0034051724327241,0.0032304764643893,587,,,,2020-04-28,500.0,500.0,paired person-cluster bootstrap
comparison,UKHLS,temporal_70_30,acute,change,current_state,,BASE,R2_prior_persistence,R2_prior_persistence_minus_BASE,RMSE,-0.0036901966748555,-0.012272454854167,0.0048897297232631,0.0045524091318103,587,,,,2020-04-28,500.0,500.0,paired person-cluster bootstrap
comparison,UKHLS,temporal_70_30,acute,change,current_state,,BASE,R2_prior_persistence,R2_prior_persistence_minus_BASE,MAE,-0.0036916434825614,-0.0099526103261653,0.0025321860471001,0.0032560963052799,587,,,,2020-04-28,500.0,500.0,paired person-cluster bootstrap
comparison,UKHLS,temporal_70_30,acute,change,current_state,,BASE,R2_prior_persistence,R2_prior_persistence_minus_BASE,predictive_R2,-0.0067001520328769,-0.021467986156104,0.009219902509253,0.0082094964634923,587,,,,2020-04-28,500.0,500.0,paired person-cluster bootstrap
comparison,UKHLS,temporal_70_30,acute,change,current_state,,BASE,R2_prior_persistence,R2_prior_persistence_minus_BASE,mean_log_predictive_density,-0.0037403067538461,-0.0127535551273867,0.0053262727881446,0.0048275078022177,587,,,,2020-04-28,500.0,500.0,paired person-cluster bootstrap
comparison,UKHLS,temporal_70_30,acute,change,current_state,,BASE,R3_joint_raw,R3_joint_raw_minus_BASE,RMSE,-0.0138888494554935,-0.0299731102985854,-0.0004749614100997,0.0075413778025182,587,,,,2020-04-28,500.0,500.0,paired person-cluster bootstrap
comparison,UKHLS,temporal_70_30,acute,change,current_state,,BASE,R3_joint_raw,R3_joint_raw_minus_BASE,MAE,-0.0066867553292568,-0.0186078824251451,0.0041498375194256,0.0058504322033647,587,,,,2020-04-28,500.0,500.0,paired person-cluster bootstrap
comparison,UKHLS,temporal_70_30,acute,change,current_state,,BASE,R3_joint_raw,R3_joint_raw_minus_BASE,predictive_R2,-0.0253581853866288,-0.0514188295155145,-0.0009220426052891,0.0133133469957525,587,,,,2020-04-28,500.0,500.0,paired person-cluster bootstrap
comparison,UKHLS,temporal_70_30,acute,change,current_state,,BASE,R3_joint_raw,R3_joint_raw_minus_BASE,mean_log_predictive_density,-0.0145818090000504,-0.0327699943253583,-0.000107370094298,0.0086012772860708,587,,,,2020-04-28,500.0,500.0,paired person-cluster bootstrap
comparison,UKHLS,temporal_70_30,acute,change,current_state,,BASE,R4_acute_residual,R4_acute_residual_minus_BASE,RMSE,-0.0152779622653378,-0.0322278969765036,0.0007933114490228,0.008804876892934,587,,,,2020-04-28,500.0,500.0,paired person-cluster bootstrap
comparison,UKHLS,temporal_70_30,acute,change,current_state,,BASE,R4_acute_residual,R4_acute_residual_minus_BASE,MAE,-0.0024961150778968,-0.0167114849089538,0.0113927092213467,0.007731386129327,587,,,,2020-04-28,500.0,500.0,paired person-cluster bootstrap
comparison,UKHLS,temporal_70_30,acute,change,current_state,,BASE,R4_acute_residual,R4_acute_residual_minus_BASE,predictive_R2,-0.0279155039606416,-0.0619086274799821,0.0013681898602268,0.0167942520041709,587,,,,2020-04-28,500.0,500.0,paired person-cluster bootstrap
comparison,UKHLS,temporal_70_30,acute,change,current_state,,BASE,R4_acute_residual,R4_acute_residual_minus_BASE,mean_log_predictive_density,-0.0161716495299346,-0.0363328808062483,0.0018494824699931,0.0099083445791236,587,,,,2020-04-28,500.0,500.0,paired person-cluster bootstrap
comparison,UKHLS,temporal_70_30,acute,change,current_state,,BASE,R4_persistence_residual,R4_persistence_residual_minus_BASE,RMSE,0.0017034460215787,-0.0029298898298709,0.0066560454637297,0.0024585006904059,587,,,,2020-04-28,500.0,500.0,paired person-cluster bootstrap
comparison,UKHLS,temporal_70_30,acute,change,current_state,,BASE,R4_persistence_residual,R4_persistence_residual_minus_BASE,MAE,0.0006650884616243,-0.0033089749635234,0.0044872087187069,0.0019988709805342,587,,,,2020-04-28,500.0,500.0,paired person-cluster bootstrap
comparison,UKHLS,temporal_70_30,acute,change,current_state,,BASE,R4_persistence_residual,R4_persistence_residual_minus_BASE,predictive_R2,0.0030837555214217,-0.0054734916870425,0.011307077684506,0.0043722126541297,587,,,,2020-04-28,500.0,500.0,paired person-cluster bootstrap
comparison,UKHLS,temporal_70_30,acute,change,current_state,,BASE,R4_persistence_residual,R4_persistence_residual_minus_BASE,mean_log_predictive_density,0.0018269380188145,-0.0030190122320202,0.006966138485946,0.0025672322254108,587,,,,2020-04-28,500.0,500.0,paired person-cluster bootstrap
comparison,UKHLS,temporal_70_30,acute,change,current_state,,BASE,R4_joint_residual,R4_joint_residual_minus_BASE,RMSE,-0.0145597065239365,-0.0298782656372127,0.0011386054680919,0.0080899184579646,587,,,,2020-04-28,500.0,500.0,paired person-cluster bootstrap
comparison,UKHLS,temporal_70_30,acute,change,current_state,,BASE,R4_joint_residual,R4_joint_residual_minus_BASE,MAE,-0.0021217780370816,-0.0157610362696378,0.0108905581105198,0.0068038680267793,587,,,,2020-04-28,500.0,500.0,paired person-cluster bootstrap
comparison,UKHLS,temporal_70_30,acute,change,current_state,,BASE,R4_joint_residual,R4_joint_residual_minus_BASE,predictive_R2,-0.0265927361499989,-0.057953102342436,0.0021679156120183,0.0153966830737215,587,,,,2020-04-28,500.0,500.0,paired person-cluster bootstrap
comparison,UKHLS,temporal_70_30,acute,change,current_state,,BASE,R4_joint_residual,R4_joint_residual_minus_BASE,mean_log_predictive_density,-0.0153823032946813,-0.0336076400478244,0.0022159316685028,0.0092056348457465,587,,,,2020-04-28,500.0,500.0,paired person-cluster bootstrap
model_metric,UKHLS,temporal_70_30,acute,ancova_level,ancova_current_state,BASE,,,,RMSE,0.9119630993289658,,,,587,0.0,0.0,0.0,2020-04-28,,,
model_metric,UKHLS,temporal_70_30,acute,ancova_level,ancova_current_state,BASE,,,,MAE,0.6994576888450517,,,,587,0.0,0.0,0.0,2020-04-28,,,
model_metric,UKHLS,temporal_70_30,acute,ancova_level,ancova_current_state,BASE,,,,predictive_R2,0.3122556927209484,,,,587,0.0,0.0,0.0,2020-04-28,,,
model_metric,UKHLS,temporal_70_30,acute,ancova_level,ancova_current_state,BASE,,,,mean_log_predictive_density,-1.327320324491259,,,,587,0.0,0.0,0.0,2020-04-28,,,
model_metric,UKHLS,temporal_70_30,acute,ancova_level,ancova_current_state,BASE,,,,calibration_intercept,-0.1363509806758744,,,,587,0.0,0.0,0.0,2020-04-28,,,
model_metric,UKHLS,temporal_70_30,acute,ancova_level,ancova_current_state,BASE,,,,calibration_slope,1.2165773656648742,,,,587,0.0,0.0,0.0,2020-04-28,,,
model_metric,UKHLS,temporal_70_30,acute,ancova_level,ancova_current_state,R1_prior_acute,,,,RMSE,0.9151447835630636,,,,587,0.0,0.0,0.0,2020-04-28,,,
model_metric,UKHLS,temporal_70_30,acute,ancova_level,ancova_current_state,R1_prior_acute,,,,MAE,0.6996674975883966,,,,587,0.0,0.0,0.0,2020-04-28,,,
model_metric,UKHLS,temporal_70_30,acute,ancova_level,ancova_current_state,R1_prior_acute,,,,predictive_R2,0.307448475577382,,,,587,0.0,0.0,0.0,2020-04-28,,,
model_metric,UKHLS,temporal_70_30,acute,ancova_level,ancova_current_state,R1_prior_acute,,,,mean_log_predictive_density,-1.3305833078830385,,,,587,0.0,0.0,0.0,2020-04-28,,,
model_metric,UKHLS,temporal_70_30,acute,ancova_level,ancova_current_state,R1_prior_acute,,,,calibration_intercept,-0.1242600946494143,,,,587,0.0,0.0,0.0,2020-04-28,,,
model_metric,UKHLS,temporal_70_30,acute,ancova_level,ancova_current_state,R1_prior_acute,,,,calibration_slope,1.2030058751998889,,,,587,0.0,0.0,0.0,2020-04-28,,,
model_metric,UKHLS,temporal_70_30,acute,ancova_level,ancova_current_state,R2_prior_persistence,,,,RMSE,0.9156532960038216,,,,587,0.0,0.0,0.0,2020-04-28,,,
model_metric,UKHLS,temporal_70_30,acute,ancova_level,ancova_current_state,R2_prior_persistence,,,,MAE,0.7031493323276136,,,,587,0.0,0.0,0.0,2020-04-28,,,
model_metric,UKHLS,temporal_70_30,acute,ancova_level,ancova_current_state,R2_prior_persistence,,,,predictive_R2,0.3066786107065027,,,,587,0.0,0.0,0.0,2020-04-28,,,
model_metric,UKHLS,temporal_70_30,acute,ancova_level,ancova_current_state,R2_prior_persistence,,,,mean_log_predictive_density,-1.3310606312451054,,,,587,0.0,0.0,0.0,2020-04-28,,,
model_metric,UKHLS,temporal_70_30,acute,ancova_level,ancova_current_state,R2_prior_persistence,,,,calibration_intercept,-0.12096028948425,,,,587,0.0,0.0,0.0,2020-04-28,,,
model_metric,UKHLS,temporal_70_30,acute,ancova_level,ancova_current_state,R2_prior_persistence,,,,calibration_slope,1.1547422723341971,,,,587,0.0,0.0,0.0,2020-04-28,,,
model_metric,UKHLS,temporal_70_30,acute,ancova_level,ancova_current_state,R3_joint_raw,,,,RMSE,0.9258519487844596,,,,587,10.0,10.0,10.0,2020-04-28,,,
model_metric,UKHLS,temporal_70_30,acute,ancova_level,ancova_current_state,R3_joint_raw,,,,MAE,0.7061444441743093,,,,587,10.0,10.0,10.0,2020-04-28,,,
model_metric,UKHLS,temporal_70_30,acute,ancova_level,ancova_current_state,R3_joint_raw,,,,predictive_R2,0.2911480105452626,,,,587,10.0,10.0,10.0,2020-04-28,,,
model_metric,UKHLS,temporal_70_30,acute,ancova_level,ancova_current_state,R3_joint_raw,,,,mean_log_predictive_density,-1.3419021334913095,,,,587,10.0,10.0,10.0,2020-04-28,,,
model_metric,UKHLS,temporal_70_30,acute,ancova_level,ancova_current_state,R3_joint_raw,,,,calibration_intercept,-0.086943017240647,,,,587,10.0,10.0,10.0,2020-04-28,,,
model_metric,UKHLS,temporal_70_30,acute,ancova_level,ancova_current_state,R3_joint_raw,,,,calibration_slope,1.0852532583500452,,,,587,10.0,10.0,10.0,2020-04-28,,,
model_metric,UKHLS,temporal_70_30,acute,ancova_level,ancova_current_state,R4_acute_residual,,,,RMSE,0.9272410615943036,,,,587,0.0,0.0,0.0,2020-04-28,,,
model_metric,UKHLS,temporal_70_30,acute,ancova_level,ancova_current_state,R4_acute_residual,,,,MAE,0.7019538039229489,,,,587,0.0,0.0,0.0,2020-04-28,,,
model_metric,UKHLS,temporal_70_30,acute,ancova_level,ancova_current_state,R4_acute_residual,,,,predictive_R2,0.2890193460978969,,,,587,0.0,0.0,0.0,2020-04-28,,,
model_metric,UKHLS,temporal_70_30,acute,ancova_level,ancova_current_state,R4_acute_residual,,,,mean_log_predictive_density,-1.3434919740211937,,,,587,0.0,0.0,0.0,2020-04-28,,,
model_metric,UKHLS,temporal_70_30,acute,ancova_level,ancova_current_state,R4_acute_residual,,,,calibration_intercept,-0.0854769786268477,,,,587,0.0,0.0,0.0,2020-04-28,,,
model_metric,UKHLS,temporal_70_30,acute,ancova_level,ancova_current_state,R4_acute_residual,,,,calibration_slope,1.1034651323398754,,,,587,0.0,0.0,0.0,2020-04-28,,,
model_metric,UKHLS,temporal_70_30,acute,ancova_level,ancova_current_state,R4_persistence_residual,,,,RMSE,0.9102596533073868,,,,587,0.0,0.0,0.0,2020-04-28,,,
model_metric,UKHLS,temporal_70_30,acute,ancova_level,ancova_current_state,R4_persistence_residual,,,,MAE,0.6987926003834269,,,,587,0.0,0.0,0.0,2020-04-28,,,
model_metric,UKHLS,temporal_70_30,acute,ancova_level,ancova_current_state,R4_persistence_residual,,,,predictive_R2,0.3148225534982978,,,,587,0.0,0.0,0.0,2020-04-28,,,
model_metric,UKHLS,temporal_70_30,acute,ancova_level,ancova_current_state,R4_persistence_residual,,,,mean_log_predictive_density,-1.3254933864724443,,,,587,0.0,0.0,0.0,2020-04-28,,,
model_metric,UKHLS,temporal_70_30,acute,ancova_level,ancova_current_state,R4_persistence_residual,,,,calibration_intercept,-0.1438259898040686,,,,587,0.0,0.0,0.0,2020-04-28,,,
model_metric,UKHLS,temporal_70_30,acute,ancova_level,ancova_current_state,R4_persistence_residual,,,,calibration_slope,1.2376275590566568,,,,587,0.0,0.0,0.0,2020-04-28,,,
model_metric,UKHLS,temporal_70_30,acute,ancova_level,ancova_current_state,R4_joint_residual,,,,RMSE,0.926522805852902,,,,587,10.0,10.0,10.0,2020-04-28,,,
model_metric,UKHLS,temporal_70_30,acute,ancova_level,ancova_current_state,R4_joint_residual,,,,MAE,0.7015794668821336,,,,587,10.0,10.0,10.0,2020-04-28,,,
model_metric,UKHLS,temporal_70_30,acute,ancova_level,ancova_current_state,R4_joint_residual,,,,predictive_R2,0.2901203934367975,,,,587,10.0,10.0,10.0,2020-04-28,,,
model_metric,UKHLS,temporal_70_30,acute,ancova_level,ancova_current_state,R4_joint_residual,,,,mean_log_predictive_density,-1.34270262778594,,,,587,10.0,10.0,10.0,2020-04-28,,,
model_metric,UKHLS,temporal_70_30,acute,ancova_level,ancova_current_state,R4_joint_residual,,,,calibration_intercept,-0.0875092022847371,,,,587,10.0,10.0,10.0,2020-04-28,,,
model_metric,UKHLS,temporal_70_30,acute,ancova_level,ancova_current_state,R4_joint_residual,,,,calibration_slope,1.1090482218204982,,,,587,10.0,10.0,10.0,2020-04-28,,,
comparison,UKHLS,temporal_70_30,acute,ancova_level,ancova_current_state,,BASE,R1_prior_acute,R1_prior_acute_minus_BASE,RMSE,-0.0031816842340977,-0.0089478429500697,0.0032223505856891,0.003102491758509,587,,,,2020-04-28,500.0,500.0,paired person-cluster bootstrap
comparison,UKHLS,temporal_70_30,acute,ancova_level,ancova_current_state,,BASE,R1_prior_acute,R1_prior_acute_minus_BASE,MAE,-0.0002098087433449,-0.0051808439123087,0.0048011622419774,0.0025658585642106,587,,,,2020-04-28,500.0,500.0,paired person-cluster bootstrap
comparison,UKHLS,temporal_70_30,acute,ancova_level,ancova_current_state,,BASE,R1_prior_acute,R1_prior_acute_minus_BASE,predictive_R2,-0.0048072171435664,-0.0131121166931049,0.0050811222898609,0.0046427492322537,587,,,,2020-04-28,500.0,500.0,paired person-cluster bootstrap
comparison,UKHLS,temporal_70_30,acute,ancova_level,ancova_current_state,,BASE,R1_prior_acute,R1_prior_acute_minus_BASE,mean_log_predictive_density,-0.0032629833917794,-0.0098444913427158,0.00346728533031,0.0033339523175833,587,,,,2020-04-28,500.0,500.0,paired person-cluster bootstrap
comparison,UKHLS,temporal_70_30,acute,ancova_level,ancova_current_state,,BASE,R2_prior_persistence,R2_prior_persistence_minus_BASE,RMSE,-0.0036901966748558,-0.0136652495957758,0.0059529084314616,0.0048968039543822,587,,,,2020-04-28,500.0,500.0,paired person-cluster bootstrap
comparison,UKHLS,temporal_70_30,acute,ancova_level,ancova_current_state,,BASE,R2_prior_persistence,R2_prior_persistence_minus_BASE,MAE,-0.0036916434825619,-0.0110154710137589,0.0033544967655379,0.0035269044859369,587,,,,2020-04-28,500.0,500.0,paired person-cluster bootstrap
comparison,UKHLS,temporal_70_30,acute,ancova_level,ancova_current_state,,BASE,R2_prior_persistence,R2_prior_persistence_minus_BASE,predictive_R2,-0.0055770820144457,-0.021274196624878,0.0087819819550431,0.0075934423006648,587,,,,2020-04-28,500.0,500.0,paired person-cluster bootstrap
comparison,UKHLS,temporal_70_30,acute,ancova_level,ancova_current_state,,BASE,R2_prior_persistence,R2_prior_persistence_minus_BASE,mean_log_predictive_density,-0.0037403067538464,-0.0146194155627491,0.0063752130280059,0.0052404098593138,587,,,,2020-04-28,500.0,500.0,paired person-cluster bootstrap
comparison,UKHLS,temporal_70_30,acute,ancova_level,ancova_current_state,,BASE,R3_joint_raw,R3_joint_raw_minus_BASE,RMSE,-0.0138888494554938,-0.0294426439052456,0.0018725209069537,0.0078647911541977,587,,,,2020-04-28,500.0,500.0,paired person-cluster bootstrap
comparison,UKHLS,temporal_70_30,acute,ancova_level,ancova_current_state,,BASE,R3_joint_raw,R3_joint_raw_minus_BASE,MAE,-0.0066867553292576,-0.017353970227159,0.0049449470223415,0.005792232732614,587,,,,2020-04-28,500.0,500.0,paired person-cluster bootstrap
comparison,UKHLS,temporal_70_30,acute,ancova_level,ancova_current_state,,BASE,R3_joint_raw,R3_joint_raw_minus_BASE,predictive_R2,-0.0211076821756858,-0.0471156945749827,0.0027662394925498,0.0124048545999073,587,,,,2020-04-28,500.0,500.0,paired person-cluster bootstrap
comparison,UKHLS,temporal_70_30,acute,ancova_level,ancova_current_state,,BASE,R3_joint_raw,R3_joint_raw_minus_BASE,mean_log_predictive_density,-0.0145818090000506,-0.0323782180174489,0.0024677173648014,0.0088397796238295,587,,,,2020-04-28,500.0,500.0,paired person-cluster bootstrap
comparison,UKHLS,temporal_70_30,acute,ancova_level,ancova_current_state,,BASE,R4_acute_residual,R4_acute_residual_minus_BASE,RMSE,-0.0152779622653378,-0.0313585747423364,0.002575200808808,0.0086719743560747,587,,,,2020-04-28,500.0,500.0,paired person-cluster bootstrap
comparison,UKHLS,temporal_70_30,acute,ancova_level,ancova_current_state,,BASE,R4_acute_residual,R4_acute_residual_minus_BASE,MAE,-0.0024961150778972,-0.0162435738692819,0.0111596271622665,0.0070311394894328,587,,,,2020-04-28,500.0,500.0,paired person-cluster bootstrap
comparison,UKHLS,temporal_70_30,acute,ancova_level,ancova_current_state,,BASE,R4_acute_residual,R4_acute_residual_minus_BASE,predictive_R2,-0.0232363466230515,-0.0468652857604537,0.0039824978963017,0.0131274680761361,587,,,,2020-04-28,500.0,500.0,paired person-cluster bootstrap
comparison,UKHLS,temporal_70_30,acute,ancova_level,ancova_current_state,,BASE,R4_acute_residual,R4_acute_residual_minus_BASE,mean_log_predictive_density,-0.0161716495299346,-0.0342861004946357,0.0039151632764192,0.0099815591533519,587,,,,2020-04-28,500.0,500.0,paired person-cluster bootstrap
comparison,UKHLS,temporal_70_30,acute,ancova_level,ancova_current_state,,BASE,R4_persistence_residual,R4_persistence_residual_minus_BASE,RMSE,0.001703446021579,-0.0029050031905421,0.0063308514884983,0.0024528601575775,587,,,,2020-04-28,500.0,500.0,paired person-cluster bootstrap
comparison,UKHLS,temporal_70_30,acute,ancova_level,ancova_current_state,,BASE,R4_persistence_residual,R4_persistence_residual_minus_BASE,MAE,0.0006650884616247,-0.0025246351656816,0.0042706766644841,0.0018353836731992,587,,,,2020-04-28,500.0,500.0,paired person-cluster bootstrap
comparison,UKHLS,temporal_70_30,acute,ancova_level,ancova_current_state,,BASE,R4_persistence_residual,R4_persistence_residual_minus_BASE,predictive_R2,0.0025668607773493,-0.0042915520180564,0.0098535686731532,0.0037566750784458,587,,,,2020-04-28,500.0,500.0,paired person-cluster bootstrap
comparison,UKHLS,temporal_70_30,acute,ancova_level,ancova_current_state,,BASE,R4_persistence_residual,R4_persistence_residual_minus_BASE,mean_log_predictive_density,0.0018269380188147,-0.0029370845006748,0.0067678705385727,0.0025665296779385,587,,,,2020-04-28,500.0,500.0,paired person-cluster bootstrap
comparison,UKHLS,temporal_70_30,acute,ancova_level,ancova_current_state,,BASE,R4_joint_residual,R4_joint_residual_minus_BASE,RMSE,-0.0145597065239361,-0.0299792205619848,0.0015883962855398,0.0082082585245007,587,,,,2020-04-28,500.0,500.0,paired person-cluster bootstrap
comparison,UKHLS,temporal_70_30,acute,ancova_level,ancova_current_state,,BASE,R4_joint_residual,R4_joint_residual_minus_BASE,MAE,-0.0021217780370819,-0.0161951577094254,0.0117746602438954,0.0070565334330085,587,,,,2020-04-28,500.0,500.0,paired person-cluster bootstrap
comparison,UKHLS,temporal_70_30,acute,ancova_level,ancova_current_state,,BASE,R4_joint_residual,R4_joint_residual_minus_BASE,predictive_R2,-0.0221352992841509,-0.0449634116038431,0.0023282941908382,0.0125167194090871,587,,,,2020-04-28,500.0,500.0,paired person-cluster bootstrap
comparison,UKHLS,temporal_70_30,acute,ancova_level,ancova_current_state,,BASE,R4_joint_residual,R4_joint_residual_minus_BASE,mean_log_predictive_density,-0.0153823032946809,-0.0336436922452312,0.0022914361407777,0.0094121244552411,587,,,,2020-04-28,500.0,500.0,paired person-cluster bootstrap
model_metric,UKHLS,temporal_70_30,persistence,change,context,BASE,,,,RMSE,0.9723615973866376,,,,587,0.0,0.0,0.0,2020-04-28,,,
model_metric,UKHLS,temporal_70_30,persistence,change,context,BASE,,,,MAE,0.6710400377305278,,,,587,0.0,0.0,0.0,2020-04-28,,,
model_metric,UKHLS,temporal_70_30,persistence,change,context,BASE,,,,predictive_R2,-0.0216429938214628,,,,587,0.0,0.0,0.0,2020-04-28,,,
model_metric,UKHLS,temporal_70_30,persistence,change,context,BASE,,,,mean_log_predictive_density,-1.3987466321659652,,,,587,0.0,0.0,0.0,2020-04-28,,,
model_metric,UKHLS,temporal_70_30,persistence,change,context,BASE,,,,calibration_intercept,-0.1041983002862918,,,,587,0.0,0.0,0.0,2020-04-28,,,
model_metric,UKHLS,temporal_70_30,persistence,change,context,BASE,,,,calibration_slope,0.6382944824470406,,,,587,0.0,0.0,0.0,2020-04-28,,,
model_metric,UKHLS,temporal_70_30,persistence,change,context,R1_prior_acute,,,,RMSE,0.9770193701916632,,,,587,0.0,0.0,0.0,2020-04-28,,,
model_metric,UKHLS,temporal_70_30,persistence,change,context,R1_prior_acute,,,,MAE,0.6772220071792174,,,,587,0.0,0.0,0.0,2020-04-28,,,
model_metric,UKHLS,temporal_70_30,persistence,change,context,R1_prior_acute,,,,predictive_R2,-0.0314541138011499,,,,587,0.0,0.0,0.0,2020-04-28,,,
model_metric,UKHLS,temporal_70_30,persistence,change,context,R1_prior_acute,,,,mean_log_predictive_density,-1.4026159401735956,,,,587,0.0,0.0,0.0,2020-04-28,,,
model_metric,UKHLS,temporal_70_30,persistence,change,context,R1_prior_acute,,,,calibration_intercept,-0.0622234019399889,,,,587,0.0,0.0,0.0,2020-04-28,,,
model_metric,UKHLS,temporal_70_30,persistence,change,context,R1_prior_acute,,,,calibration_slope,0.3025357446411852,,,,587,0.0,0.0,0.0,2020-04-28,,,
model_metric,UKHLS,temporal_70_30,persistence,change,context,R2_prior_persistence,,,,RMSE,1.010861209996914,,,,587,0.0,0.0,0.0,2020-04-28,,,
model_metric,UKHLS,temporal_70_30,persistence,change,context,R2_prior_persistence,,,,MAE,0.7122348652048502,,,,587,0.0,0.0,0.0,2020-04-28,,,
model_metric,UKHLS,temporal_70_30,persistence,change,context,R2_prior_persistence,,,,predictive_R2,-0.1041463151154138,,,,587,0.0,0.0,0.0,2020-04-28,,,
model_metric,UKHLS,temporal_70_30,persistence,change,context,R2_prior_persistence,,,,mean_log_predictive_density,-1.4302264431279832,,,,587,0.0,0.0,0.0,2020-04-28,,,
model_metric,UKHLS,temporal_70_30,persistence,change,context,R2_prior_persistence,,,,calibration_intercept,-0.0253468502627928,,,,587,0.0,0.0,0.0,2020-04-28,,,
model_metric,UKHLS,temporal_70_30,persistence,change,context,R2_prior_persistence,,,,calibration_slope,0.0260460639090026,,,,587,0.0,0.0,0.0,2020-04-28,,,
model_metric,UKHLS,temporal_70_30,persistence,change,context,R3_joint_raw,,,,RMSE,1.0048808495273511,,,,587,100.0,100.0,100.0,2020-04-28,,,
model_metric,UKHLS,temporal_70_30,persistence,change,context,R3_joint_raw,,,,MAE,0.7065418240354794,,,,587,100.0,100.0,100.0,2020-04-28,,,
model_metric,UKHLS,temporal_70_30,persistence,change,context,R3_joint_raw,,,,predictive_R2,-0.0911204707742607,,,,587,100.0,100.0,100.0,2020-04-28,,,
model_metric,UKHLS,temporal_70_30,persistence,change,context,R3_joint_raw,,,,mean_log_predictive_density,-1.4244255907781134,,,,587,100.0,100.0,100.0,2020-04-28,,,
model_metric,UKHLS,temporal_70_30,persistence,change,context,R3_joint_raw,,,,calibration_intercept,-0.0342873380257773,,,,587,100.0,100.0,100.0,2020-04-28,,,
model_metric,UKHLS,temporal_70_30,persistence,change,context,R3_joint_raw,,,,calibration_slope,0.0914175853158277,,,,587,100.0,100.0,100.0,2020-04-28,,,
model_metric,UKHLS,temporal_70_30,persistence,change,context,R4_acute_residual,,,,RMSE,0.9749896340104104,,,,587,0.0,0.0,0.0,2020-04-28,,,
model_metric,UKHLS,temporal_70_30,persistence,change,context,R4_acute_residual,,,,MAE,0.6761162432323508,,,,587,0.0,0.0,0.0,2020-04-28,,,
model_metric,UKHLS,temporal_70_30,persistence,change,context,R4_acute_residual,,,,predictive_R2,-0.027172919149246,,,,587,0.0,0.0,0.0,2020-04-28,,,
model_metric,UKHLS,temporal_70_30,persistence,change,context,R4_acute_residual,,,,mean_log_predictive_density,-1.400797468217642,,,,587,0.0,0.0,0.0,2020-04-28,,,
model_metric,UKHLS,temporal_70_30,persistence,change,context,R4_acute_residual,,,,calibration_intercept,-0.0848493926630727,,,,587,0.0,0.0,0.0,2020-04-28,,,
model_metric,UKHLS,temporal_70_30,persistence,change,context,R4_acute_residual,,,,calibration_slope,0.4706226775614819,,,,587,0.0,0.0,0.0,2020-04-28,,,
model_metric,UKHLS,temporal_70_30,persistence,change,context,R4_persistence_residual,,,,RMSE,1.0002177187816812,,,,587,0.0,0.0,0.0,2020-04-28,,,
model_metric,UKHLS,temporal_70_30,persistence,change,context,R4_persistence_residual,,,,MAE,0.7173627541041226,,,,587,0.0,0.0,0.0,2020-04-28,,,
model_metric,UKHLS,temporal_70_30,persistence,change,context,R4_persistence_residual,,,,predictive_R2,-0.0810173188517975,,,,587,0.0,0.0,0.0,2020-04-28,,,
model_metric,UKHLS,temporal_70_30,persistence,change,context,R4_persistence_residual,,,,mean_log_predictive_density,-1.4194984434305964,,,,587,0.0,0.0,0.0,2020-04-28,,,
model_metric,UKHLS,temporal_70_30,persistence,change,context,R4_persistence_residual,,,,calibration_intercept,-0.0563284142097198,,,,587,0.0,0.0,0.0,2020-04-28,,,
model_metric,UKHLS,temporal_70_30,persistence,change,context,R4_persistence_residual,,,,calibration_slope,0.2497111115842534,,,,587,0.0,0.0,0.0,2020-04-28,,,
model_metric,UKHLS,temporal_70_30,persistence,change,context,R4_joint_residual,,,,RMSE,1.0009986673453724,,,,587,10.0,10.0,10.0,2020-04-28,,,
model_metric,UKHLS,temporal_70_30,persistence,change,context,R4_joint_residual,,,,MAE,0.7168585439580052,,,,587,10.0,10.0,10.0,2020-04-28,,,
model_metric,UKHLS,temporal_70_30,persistence,change,context,R4_joint_residual,,,,predictive_R2,-0.0827060481767176,,,,587,10.0,10.0,10.0,2020-04-28,,,
model_metric,UKHLS,temporal_70_30,persistence,change,context,R4_joint_residual,,,,mean_log_predictive_density,-1.4202135120196369,,,,587,10.0,10.0,10.0,2020-04-28,,,
model_metric,UKHLS,temporal_70_30,persistence,change,context,R4_joint_residual,,,,calibration_intercept,-0.0549309753889939,,,,587,10.0,10.0,10.0,2020-04-28,,,
model_metric,UKHLS,temporal_70_30,persistence,change,context,R4_joint_residual,,,,calibration_slope,0.2471502168755933,,,,587,10.0,10.0,10.0,2020-04-28,,,
comparison,UKHLS,temporal_70_30,persistence,change,context,,BASE,R1_prior_acute,R1_prior_acute_minus_BASE,RMSE,-0.0046577728050256,-0.0093143902141916,-0.0001233151627372,0.0023202192465686,587,,,,2020-04-28,500.0,500.0,paired person-cluster bootstrap
comparison,UKHLS,temporal_70_30,persistence,change,context,,BASE,R1_prior_acute,R1_prior_acute_minus_BASE,MAE,-0.0061819694486896,-0.009877635773475,-0.0024827793872789,0.0019303640103839,587,,,,2020-04-28,500.0,500.0,paired person-cluster bootstrap
comparison,UKHLS,temporal_70_30,persistence,change,context,,BASE,R1_prior_acute,R1_prior_acute_minus_BASE,predictive_R2,-0.009811119979687,-0.0200381016596428,-0.000264971169842,0.0049353802961978,587,,,,2020-04-28,500.0,500.0,paired person-cluster bootstrap
comparison,UKHLS,temporal_70_30,persistence,change,context,,BASE,R1_prior_acute,R1_prior_acute_minus_BASE,mean_log_predictive_density,-0.0038693080076304,-0.0080095786534352,4.0146281014779566e-05,0.0020332108948656,587,,,,2020-04-28,500.0,500.0,paired person-cluster bootstrap
comparison,UKHLS,temporal_70_30,persistence,change,context,,BASE,R2_prior_persistence,R2_prior_persistence_minus_BASE,RMSE,-0.0384996126102764,-0.0644701461849224,-0.0122272417277715,0.0137824375187705,587,,,,2020-04-28,500.0,500.0,paired person-cluster bootstrap
comparison,UKHLS,temporal_70_30,persistence,change,context,,BASE,R2_prior_persistence,R2_prior_persistence_minus_BASE,MAE,-0.0411948274743224,-0.0616525355593211,-0.0212512465379105,0.0102599043773023,587,,,,2020-04-28,500.0,500.0,paired person-cluster bootstrap
comparison,UKHLS,temporal_70_30,persistence,change,context,,BASE,R2_prior_persistence,R2_prior_persistence_minus_BASE,predictive_R2,-0.0825033212939509,-0.1432087310367328,-0.0255866737639171,0.030293260517501,587,,,,2020-04-28,500.0,500.0,paired person-cluster bootstrap
comparison,UKHLS,temporal_70_30,persistence,change,context,,BASE,R2_prior_persistence,R2_prior_persistence_minus_BASE,mean_log_predictive_density,-0.031479810962018,-0.0591568577815276,-0.0057544241922347,0.0137264144714468,587,,,,2020-04-28,500.0,500.0,paired person-cluster bootstrap
comparison,UKHLS,temporal_70_30,persistence,change,context,,BASE,R3_joint_raw,R3_joint_raw_minus_BASE,RMSE,-0.0325192521407137,-0.0607533836398896,-0.0038089144640811,0.0148556622944247,587,,,,2020-04-28,500.0,500.0,paired person-cluster bootstrap
comparison,UKHLS,temporal_70_30,persistence,change,context,,BASE,R3_joint_raw,R3_joint_raw_minus_BASE,MAE,-0.0355017863049516,-0.0534634801285484,-0.0171909317161561,0.0096961302953396,587,,,,2020-04-28,500.0,500.0,paired person-cluster bootstrap
comparison,UKHLS,temporal_70_30,persistence,change,context,,BASE,R3_joint_raw,R3_joint_raw_minus_BASE,predictive_R2,-0.0694774769527979,-0.130708825567089,-0.0079635154707398,0.0323902231009473,587,,,,2020-04-28,500.0,500.0,paired person-cluster bootstrap
comparison,UKHLS,temporal_70_30,persistence,change,context,,BASE,R3_joint_raw,R3_joint_raw_minus_BASE,mean_log_predictive_density,-0.0256789586121481,-0.0545047803275952,0.0012268234600003,0.0146633334671384,587,,,,2020-04-28,500.0,500.0,paired person-cluster bootstrap
comparison,UKHLS,temporal_70_30,persistence,change,context,,BASE,R4_acute_residual,R4_acute_residual_minus_BASE,RMSE,-0.0026280366237727,-0.0081680422508801,0.0032888241770119,0.0028768854220495,587,,,,2020-04-28,500.0,500.0,paired person-cluster bootstrap
comparison,UKHLS,temporal_70_30,persistence,change,context,,BASE,R4_acute_residual,R4_acute_residual_minus_BASE,MAE,-0.0050762055018229,-0.0094644420040507,-0.0005234656125357,0.0023826146712874,587,,,,2020-04-28,500.0,500.0,paired person-cluster bootstrap
comparison,UKHLS,temporal_70_30,persistence,change,context,,BASE,R4_acute_residual,R4_acute_residual_minus_BASE,predictive_R2,-0.0055299253277831,-0.017402776609566,0.0072247467594115,0.0060894000739292,587,,,,2020-04-28,500.0,500.0,paired person-cluster bootstrap
comparison,UKHLS,temporal_70_30,persistence,change,context,,BASE,R4_acute_residual,R4_acute_residual_minus_BASE,mean_log_predictive_density,-0.0020508360516768,-0.0066759659349836,0.0030472743491793,0.0024856991175118,587,,,,2020-04-28,500.0,500.0,paired person-cluster bootstrap
comparison,UKHLS,temporal_70_30,persistence,change,context,,BASE,R4_persistence_residual,R4_persistence_residual_minus_BASE,RMSE,-0.0278561213950435,-0.0631549472525666,0.0045723599319242,0.0169923249061931,587,,,,2020-04-28,500.0,500.0,paired person-cluster bootstrap
comparison,UKHLS,temporal_70_30,persistence,change,context,,BASE,R4_persistence_residual,R4_persistence_residual_minus_BASE,MAE,-0.0463227163735948,-0.0689913953130544,-0.0248742119436497,0.0114094719027287,587,,,,2020-04-28,500.0,500.0,paired person-cluster bootstrap
comparison,UKHLS,temporal_70_30,persistence,change,context,,BASE,R4_persistence_residual,R4_persistence_residual_minus_BASE,predictive_R2,-0.0593743250303346,-0.1344458123411484,0.010187639038008,0.0371187916841102,587,,,,2020-04-28,500.0,500.0,paired person-cluster bootstrap
comparison,UKHLS,temporal_70_30,persistence,change,context,,BASE,R4_persistence_residual,R4_persistence_residual_minus_BASE,mean_log_predictive_density,-0.0207518112646312,-0.0533646898739837,0.0093663636587745,0.0166627564713601,587,,,,2020-04-28,500.0,500.0,paired person-cluster bootstrap
comparison,UKHLS,temporal_70_30,persistence,change,context,,BASE,R4_joint_residual,R4_joint_residual_minus_BASE,RMSE,-0.0286370699587347,-0.0643775158581893,0.001235951178583,0.017394204347165,587,,,,2020-04-28,500.0,500.0,paired person-cluster bootstrap
comparison,UKHLS,temporal_70_30,persistence,change,context,,BASE,R4_joint_residual,R4_joint_residual_minus_BASE,MAE,-0.0458185062274774,-0.0693435578085821,-0.0210335001573597,0.0119592775672791,587,,,,2020-04-28,500.0,500.0,paired person-cluster bootstrap
comparison,UKHLS,temporal_70_30,persistence,change,context,,BASE,R4_joint_residual,R4_joint_residual_minus_BASE,predictive_R2,-0.0610630543552548,-0.1444915807088247,0.002579978136606,0.0382933344854463,587,,,,2020-04-28,500.0,500.0,paired person-cluster bootstrap
comparison,UKHLS,temporal_70_30,persistence,change,context,,BASE,R4_joint_residual,R4_joint_residual_minus_BASE,mean_log_predictive_density,-0.0214668798536716,-0.0583599410929017,0.0103663178631592,0.0169373499679258,587,,,,2020-04-28,500.0,500.0,paired person-cluster bootstrap
model_metric,UKHLS,temporal_70_30,persistence,change,current_state,BASE,,,,RMSE,0.8689223054984906,,,,587,0.0,0.0,0.0,2020-04-28,,,
model_metric,UKHLS,temporal_70_30,persistence,change,current_state,BASE,,,,MAE,0.6740470231263547,,,,587,0.0,0.0,0.0,2020-04-28,,,
model_metric,UKHLS,temporal_70_30,persistence,change,current_state,BASE,,,,predictive_R2,0.1841591334429202,,,,587,0.0,0.0,0.0,2020-04-28,,,
model_metric,UKHLS,temporal_70_30,persistence,change,current_state,BASE,,,,mean_log_predictive_density,-1.278464288971461,,,,587,0.0,0.0,0.0,2020-04-28,,,
model_metric,UKHLS,temporal_70_30,persistence,change,current_state,BASE,,,,calibration_intercept,-0.1616012736238529,,,,587,0.0,0.0,0.0,2020-04-28,,,
model_metric,UKHLS,temporal_70_30,persistence,change,current_state,BASE,,,,calibration_slope,0.7894619786703183,,,,587,0.0,0.0,0.0,2020-04-28,,,
model_metric,UKHLS,temporal_70_30,persistence,change,current_state,R1_prior_acute,,,,RMSE,0.8679970693668256,,,,587,0.0,0.0,0.0,2020-04-28,,,
model_metric,UKHLS,temporal_70_30,persistence,change,current_state,R1_prior_acute,,,,MAE,0.6734449878269708,,,,587,0.0,0.0,0.0,2020-04-28,,,
model_metric,UKHLS,temporal_70_30,persistence,change,current_state,R1_prior_acute,,,,predictive_R2,0.1858956375229964,,,,587,0.0,0.0,0.0,2020-04-28,,,
model_metric,UKHLS,temporal_70_30,persistence,change,current_state,R1_prior_acute,,,,mean_log_predictive_density,-1.2773893523416855,,,,587,0.0,0.0,0.0,2020-04-28,,,
model_metric,UKHLS,temporal_70_30,persistence,change,current_state,R1_prior_acute,,,,calibration_intercept,-0.1610081306069938,,,,587,0.0,0.0,0.0,2020-04-28,,,
model_metric,UKHLS,temporal_70_30,persistence,change,current_state,R1_prior_acute,,,,calibration_slope,0.7905903883877305,,,,587,0.0,0.0,0.0,2020-04-28,,,
model_metric,UKHLS,temporal_70_30,persistence,change,current_state,R2_prior_persistence,,,,RMSE,0.8788486729306743,,,,587,0.0,0.0,0.0,2020-04-28,,,
model_metric,UKHLS,temporal_70_30,persistence,change,current_state,R2_prior_persistence,,,,MAE,0.6803826379057736,,,,587,0.0,0.0,0.0,2020-04-28,,,
model_metric,UKHLS,temporal_70_30,persistence,change,current_state,R2_prior_persistence,,,,predictive_R2,0.1654127094740002,,,,587,0.0,0.0,0.0,2020-04-28,,,
model_metric,UKHLS,temporal_70_30,persistence,change,current_state,R2_prior_persistence,,,,mean_log_predictive_density,-1.2902553152051637,,,,587,0.0,0.0,0.0,2020-04-28,,,
model_metric,UKHLS,temporal_70_30,persistence,change,current_state,R2_prior_persistence,,,,calibration_intercept,-0.1623165427819886,,,,587,0.0,0.0,0.0,2020-04-28,,,
model_metric,UKHLS,temporal_70_30,persistence,change,current_state,R2_prior_persistence,,,,calibration_slope,0.775312509138499,,,,587,0.0,0.0,0.0,2020-04-28,,,
model_metric,UKHLS,temporal_70_30,persistence,change,current_state,R3_joint_raw,,,,RMSE,0.8756662042709538,,,,587,100.0,100.0,100.0,2020-04-28,,,
model_metric,UKHLS,temporal_70_30,persistence,change,current_state,R3_joint_raw,,,,MAE,0.6767197923894933,,,,587,100.0,100.0,100.0,2020-04-28,,,
model_metric,UKHLS,temporal_70_30,persistence,change,current_state,R3_joint_raw,,,,predictive_R2,0.1714461460932356,,,,587,100.0,100.0,100.0,2020-04-28,,,
model_metric,UKHLS,temporal_70_30,persistence,change,current_state,R3_joint_raw,,,,mean_log_predictive_density,-1.2865524706646154,,,,587,100.0,100.0,100.0,2020-04-28,,,
model_metric,UKHLS,temporal_70_30,persistence,change,current_state,R3_joint_raw,,,,calibration_intercept,-0.1592898775741835,,,,587,100.0,100.0,100.0,2020-04-28,,,
model_metric,UKHLS,temporal_70_30,persistence,change,current_state,R3_joint_raw,,,,calibration_slope,0.7790866676577292,,,,587,100.0,100.0,100.0,2020-04-28,,,
model_metric,UKHLS,temporal_70_30,persistence,change,current_state,R4_acute_residual,,,,RMSE,0.8632353566507533,,,,587,0.0,0.0,0.0,2020-04-28,,,
model_metric,UKHLS,temporal_70_30,persistence,change,current_state,R4_acute_residual,,,,MAE,0.6692679081730458,,,,587,0.0,0.0,0.0,2020-04-28,,,
model_metric,UKHLS,temporal_70_30,persistence,change,current_state,R4_acute_residual,,,,predictive_R2,0.1948032667601203,,,,587,0.0,0.0,0.0,2020-04-28,,,
model_metric,UKHLS,temporal_70_30,persistence,change,current_state,R4_acute_residual,,,,mean_log_predictive_density,-1.2719233363958045,,,,587,0.0,0.0,0.0,2020-04-28,,,
model_metric,UKHLS,temporal_70_30,persistence,change,current_state,R4_acute_residual,,,,calibration_intercept,-0.1534249076119407,,,,587,0.0,0.0,0.0,2020-04-28,,,
model_metric,UKHLS,temporal_70_30,persistence,change,current_state,R4_acute_residual,,,,calibration_slope,0.7814819168130938,,,,587,0.0,0.0,0.0,2020-04-28,,,
model_metric,UKHLS,temporal_70_30,persistence,change,current_state,R4_persistence_residual,,,,RMSE,0.8652059026306841,,,,587,0.0,0.0,0.0,2020-04-28,,,
model_metric,UKHLS,temporal_70_30,persistence,change,current_state,R4_persistence_residual,,,,MAE,0.673368186349556,,,,587,0.0,0.0,0.0,2020-04-28,,,
model_metric,UKHLS,temporal_70_30,persistence,change,current_state,R4_persistence_residual,,,,predictive_R2,0.1911229537075792,,,,587,0.0,0.0,0.0,2020-04-28,,,
model_metric,UKHLS,temporal_70_30,persistence,change,current_state,R4_persistence_residual,,,,mean_log_predictive_density,-1.274155271056825,,,,587,0.0,0.0,0.0,2020-04-28,,,
model_metric,UKHLS,temporal_70_30,persistence,change,current_state,R4_persistence_residual,,,,calibration_intercept,-0.1618669419715611,,,,587,0.0,0.0,0.0,2020-04-28,,,
model_metric,UKHLS,temporal_70_30,persistence,change,current_state,R4_persistence_residual,,,,calibration_slope,0.7885317452688939,,,,587,0.0,0.0,0.0,2020-04-28,,,
model_metric,UKHLS,temporal_70_30,persistence,change,current_state,R4_joint_residual,,,,RMSE,0.8613343995619411,,,,587,100.0,100.0,100.0,2020-04-28,,,
model_metric,UKHLS,temporal_70_30,persistence,change,current_state,R4_joint_residual,,,,MAE,0.6692366520306443,,,,587,100.0,100.0,100.0,2020-04-28,,,
model_metric,UKHLS,temporal_70_30,persistence,change,current_state,R4_joint_residual,,,,predictive_R2,0.1983456589631264,,,,587,100.0,100.0,100.0,2020-04-28,,,
model_metric,UKHLS,temporal_70_30,persistence,change,current_state,R4_joint_residual,,,,mean_log_predictive_density,-1.269693154789335,,,,587,100.0,100.0,100.0,2020-04-28,,,
model_metric,UKHLS,temporal_70_30,persistence,change,current_state,R4_joint_residual,,,,calibration_intercept,-0.1551145854795415,,,,587,100.0,100.0,100.0,2020-04-28,,,
model_metric,UKHLS,temporal_70_30,persistence,change,current_state,R4_joint_residual,,,,calibration_slope,0.7854930387996787,,,,587,100.0,100.0,100.0,2020-04-28,,,
comparison,UKHLS,temporal_70_30,persistence,change,current_state,,BASE,R1_prior_acute,R1_prior_acute_minus_BASE,RMSE,0.0009252361316649,3.491321280715277e-05,0.0017801441653577,0.0004546980057425,587,,,,2020-04-28,500.0,500.0,paired person-cluster bootstrap
comparison,UKHLS,temporal_70_30,persistence,change,current_state,,BASE,R1_prior_acute,R1_prior_acute_minus_BASE,MAE,0.0006020352993838,-0.0002098623849671,0.0014259282513706,0.0003986630250381,587,,,,2020-04-28,500.0,500.0,paired person-cluster bootstrap
comparison,UKHLS,temporal_70_30,persistence,change,current_state,,BASE,R1_prior_acute,R1_prior_acute_minus_BASE,predictive_R2,0.0017365040800761,6.46056540040102e-05,0.0033446005820899,0.0008504062130526,587,,,,2020-04-28,500.0,500.0,paired person-cluster bootstrap
comparison,UKHLS,temporal_70_30,persistence,change,current_state,,BASE,R1_prior_acute,R1_prior_acute_minus_BASE,mean_log_predictive_density,0.0010749366297753,4.135243805107326e-05,0.0020905979785377,0.0005321353323959,587,,,,2020-04-28,500.0,500.0,paired person-cluster bootstrap
comparison,UKHLS,temporal_70_30,persistence,change,current_state,,BASE,R2_prior_persistence,R2_prior_persistence_minus_BASE,RMSE,-0.0099263674321836,-0.017865769776715,-0.0021831668918984,0.0042043102168204,587,,,,2020-04-28,500.0,500.0,paired person-cluster bootstrap
comparison,UKHLS,temporal_70_30,persistence,change,current_state,,BASE,R2_prior_persistence,R2_prior_persistence_minus_BASE,MAE,-0.0063356147794189,-0.0126734087224139,0.0002213533363471,0.0034124629590483,587,,,,2020-04-28,500.0,500.0,paired person-cluster bootstrap
comparison,UKHLS,temporal_70_30,persistence,change,current_state,,BASE,R2_prior_persistence,R2_prior_persistence_minus_BASE,predictive_R2,-0.01874642396892,-0.0338362913644824,-0.0041130587578158,0.0078629917301146,587,,,,2020-04-28,500.0,500.0,paired person-cluster bootstrap
comparison,UKHLS,temporal_70_30,persistence,change,current_state,,BASE,R2_prior_persistence,R2_prior_persistence_minus_BASE,mean_log_predictive_density,-0.0117910262337024,-0.0217287275416862,-0.0025903188623952,0.0051377071179355,587,,,,2020-04-28,500.0,500.0,paired person-cluster bootstrap
comparison,UKHLS,temporal_70_30,persistence,change,current_state,,BASE,R3_joint_raw,R3_joint_raw_minus_BASE,RMSE,-0.0067438987724631,-0.0161405647868098,0.0026151024435975,0.0050418971721814,587,,,,2020-04-28,500.0,500.0,paired person-cluster bootstrap
comparison,UKHLS,temporal_70_30,persistence,change,current_state,,BASE,R3_joint_raw,R3_joint_raw_minus_BASE,MAE,-0.0026727692631386,-0.0100924555978611,0.0053093766484809,0.0039641124407865,587,,,,2020-04-28,500.0,500.0,paired person-cluster bootstrap
comparison,UKHLS,temporal_70_30,persistence,change,current_state,,BASE,R3_joint_raw,R3_joint_raw_minus_BASE,predictive_R2,-0.0127129873496846,-0.0306813545938253,0.0052150176254606,0.0095167193419445,587,,,,2020-04-28,500.0,500.0,paired person-cluster bootstrap
comparison,UKHLS,temporal_70_30,persistence,change,current_state,,BASE,R3_joint_raw,R3_joint_raw_minus_BASE,mean_log_predictive_density,-0.0080881816931543,-0.0203554351254417,0.0033395725301729,0.0060769017713081,587,,,,2020-04-28,500.0,500.0,paired person-cluster bootstrap
comparison,UKHLS,temporal_70_30,persistence,change,current_state,,BASE,R4_acute_residual,R4_acute_residual_minus_BASE,RMSE,0.0056869488477372,-0.0071045374540913,0.0182279983568993,0.0061302779131634,587,,,,2020-04-28,500.0,500.0,paired person-cluster bootstrap
comparison,UKHLS,temporal_70_30,persistence,change,current_state,,BASE,R4_acute_residual,R4_acute_residual_minus_BASE,MAE,0.0047791149533088,-0.0048059188454324,0.0157850156652437,0.0052733506766965,587,,,,2020-04-28,500.0,500.0,paired person-cluster bootstrap
comparison,UKHLS,temporal_70_30,persistence,change,current_state,,BASE,R4_acute_residual,R4_acute_residual_minus_BASE,predictive_R2,0.0106441333172001,-0.0138064309853053,0.0349796598675926,0.0114536903755177,587,,,,2020-04-28,500.0,500.0,paired person-cluster bootstrap
comparison,UKHLS,temporal_70_30,persistence,change,current_state,,BASE,R4_acute_residual,R4_acute_residual_minus_BASE,mean_log_predictive_density,0.0065409525756565,-0.0083055778860588,0.0211556473615183,0.0071628315446533,587,,,,2020-04-28,500.0,500.0,paired person-cluster bootstrap
comparison,UKHLS,temporal_70_30,persistence,change,current_state,,BASE,R4_persistence_residual,R4_persistence_residual_minus_BASE,RMSE,0.0037164028678065,-0.0011884270345545,0.0092149903582687,0.002601784256439,587,,,,2020-04-28,500.0,500.0,paired person-cluster bootstrap
comparison,UKHLS,temporal_70_30,persistence,change,current_state,,BASE,R4_persistence_residual,R4_persistence_residual_minus_BASE,MAE,0.0006788367767986,-0.0028232459903235,0.0044124794367925,0.001883953346602,587,,,,2020-04-28,500.0,500.0,paired person-cluster bootstrap
comparison,UKHLS,temporal_70_30,persistence,change,current_state,,BASE,R4_persistence_residual,R4_persistence_residual_minus_BASE,predictive_R2,0.006963820264659,-0.0022485614526516,0.0166277594606131,0.0047771915118601,587,,,,2020-04-28,500.0,500.0,paired person-cluster bootstrap
comparison,UKHLS,temporal_70_30,persistence,change,current_state,,BASE,R4_persistence_residual,R4_persistence_residual_minus_BASE,mean_log_predictive_density,0.0043090179146361,-0.0012731128475727,0.0103445129030367,0.0030375903245277,587,,,,2020-04-28,500.0,500.0,paired person-cluster bootstrap
comparison,UKHLS,temporal_70_30,persistence,change,current_state,,BASE,R4_joint_residual,R4_joint_residual_minus_BASE,RMSE,0.0075879059365494,-0.0028406829668884,0.0194338818286098,0.0057460374256464,587,,,,2020-04-28,500.0,500.0,paired person-cluster bootstrap
comparison,UKHLS,temporal_70_30,persistence,change,current_state,,BASE,R4_joint_residual,R4_joint_residual_minus_BASE,MAE,0.0048103710957103,-0.0033890693547627,0.0143073033830129,0.0046836961863841,587,,,,2020-04-28,500.0,500.0,paired person-cluster bootstrap
comparison,UKHLS,temporal_70_30,persistence,change,current_state,,BASE,R4_joint_residual,R4_joint_residual_minus_BASE,predictive_R2,0.0141865255202061,-0.0054801541212834,0.0357964402013038,0.0106648048004381,587,,,,2020-04-28,500.0,500.0,paired person-cluster bootstrap
comparison,UKHLS,temporal_70_30,persistence,change,current_state,,BASE,R4_joint_residual,R4_joint_residual_minus_BASE,mean_log_predictive_density,0.0087711341821259,-0.003237473967179,0.0225112742393401,0.0066995558374978,587,,,,2020-04-28,500.0,500.0,paired person-cluster bootstrap
model_metric,UKHLS,temporal_70_30,persistence,ancova_level,ancova_current_state,BASE,,,,RMSE,0.8689223054984907,,,,587,0.0,0.0,0.0,2020-04-28,,,
model_metric,UKHLS,temporal_70_30,persistence,ancova_level,ancova_current_state,BASE,,,,MAE,0.6740470231263548,,,,587,0.0,0.0,0.0,2020-04-28,,,
model_metric,UKHLS,temporal_70_30,persistence,ancova_level,ancova_current_state,BASE,,,,predictive_R2,0.2320023137241136,,,,587,0.0,0.0,0.0,2020-04-28,,,
model_metric,UKHLS,temporal_70_30,persistence,ancova_level,ancova_current_state,BASE,,,,mean_log_predictive_density,-1.2784642889714612,,,,587,0.0,0.0,0.0,2020-04-28,,,
model_metric,UKHLS,temporal_70_30,persistence,ancova_level,ancova_current_state,BASE,,,,calibration_intercept,-0.2631902896708295,,,,587,0.0,0.0,0.0,2020-04-28,,,
model_metric,UKHLS,temporal_70_30,persistence,ancova_level,ancova_current_state,BASE,,,,calibration_slope,1.2283817069446743,,,,587,0.0,0.0,0.0,2020-04-28,,,
model_metric,UKHLS,temporal_70_30,persistence,ancova_level,ancova_current_state,R1_prior_acute,,,,RMSE,0.8679970693668257,,,,587,0.0,0.0,0.0,2020-04-28,,,
model_metric,UKHLS,temporal_70_30,persistence,ancova_level,ancova_current_state,R1_prior_acute,,,,MAE,0.6734449878269708,,,,587,0.0,0.0,0.0,2020-04-28,,,
model_metric,UKHLS,temporal_70_30,persistence,ancova_level,ancova_current_state,R1_prior_acute,,,,predictive_R2,0.2336369843693035,,,,587,0.0,0.0,0.0,2020-04-28,,,
model_metric,UKHLS,temporal_70_30,persistence,ancova_level,ancova_current_state,R1_prior_acute,,,,mean_log_predictive_density,-1.2773893523416855,,,,587,0.0,0.0,0.0,2020-04-28,,,
model_metric,UKHLS,temporal_70_30,persistence,ancova_level,ancova_current_state,R1_prior_acute,,,,calibration_intercept,-0.2632085817320576,,,,587,0.0,0.0,0.0,2020-04-28,,,
model_metric,UKHLS,temporal_70_30,persistence,ancova_level,ancova_current_state,R1_prior_acute,,,,calibration_slope,1.2328460633001086,,,,587,0.0,0.0,0.0,2020-04-28,,,
model_metric,UKHLS,temporal_70_30,persistence,ancova_level,ancova_current_state,R2_prior_persistence,,,,RMSE,0.8788486729306745,,,,587,0.0,0.0,0.0,2020-04-28,,,
model_metric,UKHLS,temporal_70_30,persistence,ancova_level,ancova_current_state,R2_prior_persistence,,,,MAE,0.6803826379057739,,,,587,0.0,0.0,0.0,2020-04-28,,,
model_metric,UKHLS,temporal_70_30,persistence,ancova_level,ancova_current_state,R2_prior_persistence,,,,predictive_R2,0.214355232259765,,,,587,0.0,0.0,0.0,2020-04-28,,,
model_metric,UKHLS,temporal_70_30,persistence,ancova_level,ancova_current_state,R2_prior_persistence,,,,mean_log_predictive_density,-1.2902553152051637,,,,587,0.0,0.0,0.0,2020-04-28,,,
model_metric,UKHLS,temporal_70_30,persistence,ancova_level,ancova_current_state,R2_prior_persistence,,,,calibration_intercept,-0.2376161792537626,,,,587,0.0,0.0,0.0,2020-04-28,,,
model_metric,UKHLS,temporal_70_30,persistence,ancova_level,ancova_current_state,R2_prior_persistence,,,,calibration_slope,1.1208596641685054,,,,587,0.0,0.0,0.0,2020-04-28,,,
model_metric,UKHLS,temporal_70_30,persistence,ancova_level,ancova_current_state,R3_joint_raw,,,,RMSE,0.8756662042709554,,,,587,100.0,100.0,100.0,2020-04-28,,,
model_metric,UKHLS,temporal_70_30,persistence,ancova_level,ancova_current_state,R3_joint_raw,,,,MAE,0.6767197923894943,,,,587,100.0,100.0,100.0,2020-04-28,,,
model_metric,UKHLS,temporal_70_30,persistence,ancova_level,ancova_current_state,R3_joint_raw,,,,predictive_R2,0.2200348513543777,,,,587,100.0,100.0,100.0,2020-04-28,,,
model_metric,UKHLS,temporal_70_30,persistence,ancova_level,ancova_current_state,R3_joint_raw,,,,mean_log_predictive_density,-1.2865524706646172,,,,587,100.0,100.0,100.0,2020-04-28,,,
model_metric,UKHLS,temporal_70_30,persistence,ancova_level,ancova_current_state,R3_joint_raw,,,,calibration_intercept,-0.2330079551331392,,,,587,100.0,100.0,100.0,2020-04-28,,,
model_metric,UKHLS,temporal_70_30,persistence,ancova_level,ancova_current_state,R3_joint_raw,,,,calibration_slope,1.1234693884609888,,,,587,100.0,100.0,100.0,2020-04-28,,,
model_metric,UKHLS,temporal_70_30,persistence,ancova_level,ancova_current_state,R4_acute_residual,,,,RMSE,0.8632353566507537,,,,587,0.0,0.0,0.0,2020-04-28,,,
model_metric,UKHLS,temporal_70_30,persistence,ancova_level,ancova_current_state,R4_acute_residual,,,,MAE,0.6692679081730463,,,,587,0.0,0.0,0.0,2020-04-28,,,
model_metric,UKHLS,temporal_70_30,persistence,ancova_level,ancova_current_state,R4_acute_residual,,,,predictive_R2,0.2420222454229502,,,,587,0.0,0.0,0.0,2020-04-28,,,
model_metric,UKHLS,temporal_70_30,persistence,ancova_level,ancova_current_state,R4_acute_residual,,,,mean_log_predictive_density,-1.271923336395805,,,,587,0.0,0.0,0.0,2020-04-28,,,
model_metric,UKHLS,temporal_70_30,persistence,ancova_level,ancova_current_state,R4_acute_residual,,,,calibration_intercept,-0.2452595704961919,,,,587,0.0,0.0,0.0,2020-04-28,,,
model_metric,UKHLS,temporal_70_30,persistence,ancova_level,ancova_current_state,R4_acute_residual,,,,calibration_slope,1.2015836013791912,,,,587,0.0,0.0,0.0,2020-04-28,,,
model_metric,UKHLS,temporal_70_30,persistence,ancova_level,ancova_current_state,R4_persistence_residual,,,,RMSE,0.8652059026306835,,,,587,0.0,0.0,0.0,2020-04-28,,,
model_metric,UKHLS,temporal_70_30,persistence,ancova_level,ancova_current_state,R4_persistence_residual,,,,MAE,0.6733681863495554,,,,587,0.0,0.0,0.0,2020-04-28,,,
model_metric,UKHLS,temporal_70_30,persistence,ancova_level,ancova_current_state,R4_persistence_residual,,,,predictive_R2,0.2385577561763532,,,,587,0.0,0.0,0.0,2020-04-28,,,
model_metric,UKHLS,temporal_70_30,persistence,ancova_level,ancova_current_state,R4_persistence_residual,,,,mean_log_predictive_density,-1.2741552710568242,,,,587,0.0,0.0,0.0,2020-04-28,,,
model_metric,UKHLS,temporal_70_30,persistence,ancova_level,ancova_current_state,R4_persistence_residual,,,,calibration_intercept,-0.2741564380089467,,,,587,0.0,0.0,0.0,2020-04-28,,,
model_metric,UKHLS,temporal_70_30,persistence,ancova_level,ancova_current_state,R4_persistence_residual,,,,calibration_slope,1.264918512407427,,,,587,0.0,0.0,0.0,2020-04-28,,,
model_metric,UKHLS,temporal_70_30,persistence,ancova_level,ancova_current_state,R4_joint_residual,,,,RMSE,0.8613343995619397,,,,587,100.0,100.0,100.0,2020-04-28,,,
model_metric,UKHLS,temporal_70_30,persistence,ancova_level,ancova_current_state,R4_joint_residual,,,,MAE,0.6692366520306442,,,,587,100.0,100.0,100.0,2020-04-28,,,
model_metric,UKHLS,temporal_70_30,persistence,ancova_level,ancova_current_state,R4_joint_residual,,,,predictive_R2,0.2453569018827005,,,,587,100.0,100.0,100.0,2020-04-28,,,
model_metric,UKHLS,temporal_70_30,persistence,ancova_level,ancova_current_state,R4_joint_residual,,,,mean_log_predictive_density,-1.269693154789333,,,,587,100.0,100.0,100.0,2020-04-28,,,
model_metric,UKHLS,temporal_70_30,persistence,ancova_level,ancova_current_state,R4_joint_residual,,,,calibration_intercept,-0.2545686930634281,,,,587,100.0,100.0,100.0,2020-04-28,,,
model_metric,UKHLS,temporal_70_30,persistence,ancova_level,ancova_current_state,R4_joint_residual,,,,calibration_slope,1.2299192188407138,,,,587,100.0,100.0,100.0,2020-04-28,,,
comparison,UKHLS,temporal_70_30,persistence,ancova_level,ancova_current_state,,BASE,R1_prior_acute,R1_prior_acute_minus_BASE,RMSE,0.0009252361316649,3.292310115411146e-05,0.0018127038070273,0.0004598264286048,587,,,,2020-04-28,500.0,500.0,paired person-cluster bootstrap
comparison,UKHLS,temporal_70_30,persistence,ancova_level,ancova_current_state,,BASE,R1_prior_acute,R1_prior_acute_minus_BASE,MAE,0.0006020352993839,-0.0001650706879037,0.0014552818661084,0.00042263772589,587,,,,2020-04-28,500.0,500.0,paired person-cluster bootstrap
comparison,UKHLS,temporal_70_30,persistence,ancova_level,ancova_current_state,,BASE,R1_prior_acute,R1_prior_acute_minus_BASE,predictive_R2,0.0016346706451899,5.860724354337377e-05,0.0033243945820135,0.0008262505742761,587,,,,2020-04-28,500.0,500.0,paired person-cluster bootstrap
comparison,UKHLS,temporal_70_30,persistence,ancova_level,ancova_current_state,,BASE,R1_prior_acute,R1_prior_acute_minus_BASE,mean_log_predictive_density,0.0010749366297755,3.870376776170526e-05,0.0021272093746716,0.0005379924295181,587,,,,2020-04-28,500.0,500.0,paired person-cluster bootstrap
comparison,UKHLS,temporal_70_30,persistence,ancova_level,ancova_current_state,,BASE,R2_prior_persistence,R2_prior_persistence_minus_BASE,RMSE,-0.0099263674321837,-0.0186534394471033,-0.0005936929691622,0.0044933166473847,587,,,,2020-04-28,500.0,500.0,paired person-cluster bootstrap
comparison,UKHLS,temporal_70_30,persistence,ancova_level,ancova_current_state,,BASE,R2_prior_persistence,R2_prior_persistence_minus_BASE,MAE,-0.0063356147794191,-0.0127679016487487,0.0010098286471963,0.0036059080441999,587,,,,2020-04-28,500.0,500.0,paired person-cluster bootstrap
comparison,UKHLS,temporal_70_30,persistence,ancova_level,ancova_current_state,,BASE,R2_prior_persistence,R2_prior_persistence_minus_BASE,predictive_R2,-0.0176470814643485,-0.0342874616132106,-0.0010195928611673,0.0082259727435144,587,,,,2020-04-28,500.0,500.0,paired person-cluster bootstrap
comparison,UKHLS,temporal_70_30,persistence,ancova_level,ancova_current_state,,BASE,R2_prior_persistence,R2_prior_persistence_minus_BASE,mean_log_predictive_density,-0.0117910262337024,-0.0225610229609454,-0.0008330211215975,0.0054094583738555,587,,,,2020-04-28,500.0,500.0,paired person-cluster bootstrap
comparison,UKHLS,temporal_70_30,persistence,ancova_level,ancova_current_state,,BASE,R3_joint_raw,R3_joint_raw_minus_BASE,RMSE,-0.0067438987724647,-0.017501039589211,0.0031268848936634,0.0051647541463004,587,,,,2020-04-28,500.0,500.0,paired person-cluster bootstrap
comparison,UKHLS,temporal_70_30,persistence,ancova_level,ancova_current_state,,BASE,R3_joint_raw,R3_joint_raw_minus_BASE,MAE,-0.0026727692631395,-0.0104161425395413,0.0056268367865976,0.0041435018163913,587,,,,2020-04-28,500.0,500.0,paired person-cluster bootstrap
comparison,UKHLS,temporal_70_30,persistence,ancova_level,ancova_current_state,,BASE,R3_joint_raw,R3_joint_raw_minus_BASE,predictive_R2,-0.0119674623697358,-0.0316824084582073,0.0056530080258437,0.0093572793182988,587,,,,2020-04-28,500.0,500.0,paired person-cluster bootstrap
comparison,UKHLS,temporal_70_30,persistence,ancova_level,ancova_current_state,,BASE,R3_joint_raw,R3_joint_raw_minus_BASE,mean_log_predictive_density,-0.0080881816931559,-0.0214315084098481,0.0036623526820596,0.0062609842434601,587,,,,2020-04-28,500.0,500.0,paired person-cluster bootstrap
comparison,UKHLS,temporal_70_30,persistence,ancova_level,ancova_current_state,,BASE,R4_acute_residual,R4_acute_residual_minus_BASE,RMSE,0.005686948847737,-0.0065897690866802,0.0177799864102735,0.0063078660949547,587,,,,2020-04-28,500.0,500.0,paired person-cluster bootstrap
comparison,UKHLS,temporal_70_30,persistence,ancova_level,ancova_current_state,,BASE,R4_acute_residual,R4_acute_residual_minus_BASE,MAE,0.0047791149533085,-0.0049601936695193,0.0156308006103026,0.0051820317345239,587,,,,2020-04-28,500.0,500.0,paired person-cluster bootstrap
comparison,UKHLS,temporal_70_30,persistence,ancova_level,ancova_current_state,,BASE,R4_acute_residual,R4_acute_residual_minus_BASE,predictive_R2,0.0100199316988366,-0.0122511459527765,0.0318580484545489,0.0112326800025115,587,,,,2020-04-28,500.0,500.0,paired person-cluster bootstrap
comparison,UKHLS,temporal_70_30,persistence,ancova_level,ancova_current_state,,BASE,R4_acute_residual,R4_acute_residual_minus_BASE,mean_log_predictive_density,0.0065409525756563,-0.007666684123774,0.0206013892820864,0.00735840741331,587,,,,2020-04-28,500.0,500.0,paired person-cluster bootstrap
comparison,UKHLS,temporal_70_30,persistence,ancova_level,ancova_current_state,,BASE,R4_persistence_residual,R4_persistence_residual_minus_BASE,RMSE,0.0037164028678071,-0.00112813904527,0.0086937456379534,0.0025148030917818,587,,,,2020-04-28,500.0,500.0,paired person-cluster bootstrap
comparison,UKHLS,temporal_70_30,persistence,ancova_level,ancova_current_state,,BASE,R4_persistence_residual,R4_persistence_residual_minus_BASE,MAE,0.0006788367767993,-0.0032382962074962,0.004275369440498,0.0019083621800114,587,,,,2020-04-28,500.0,500.0,paired person-cluster bootstrap
comparison,UKHLS,temporal_70_30,persistence,ancova_level,ancova_current_state,,BASE,R4_persistence_residual,R4_persistence_residual_minus_BASE,predictive_R2,0.0065554424522396,-0.0020484350656567,0.0155421046922361,0.0044587061109597,587,,,,2020-04-28,500.0,500.0,paired person-cluster bootstrap
comparison,UKHLS,temporal_70_30,persistence,ancova_level,ancova_current_state,,BASE,R4_persistence_residual,R4_persistence_residual_minus_BASE,mean_log_predictive_density,0.004309017914637,-0.0013204643636955,0.0100235298033178,0.0029360765058943,587,,,,2020-04-28,500.0,500.0,paired person-cluster bootstrap
comparison,UKHLS,temporal_70_30,persistence,ancova_level,ancova_current_state,,BASE,R4_joint_residual,R4_joint_residual_minus_BASE,RMSE,0.007587905936551,-0.0022712421206332,0.019141452043271,0.005428004038596,587,,,,2020-04-28,500.0,500.0,paired person-cluster bootstrap
comparison,UKHLS,temporal_70_30,persistence,ancova_level,ancova_current_state,,BASE,R4_joint_residual,R4_joint_residual_minus_BASE,MAE,0.0048103710957105,-0.0031999904003569,0.0142733285655348,0.004468174306593,587,,,,2020-04-28,500.0,500.0,paired person-cluster bootstrap
comparison,UKHLS,temporal_70_30,persistence,ancova_level,ancova_current_state,,BASE,R4_joint_residual,R4_joint_residual_minus_BASE,predictive_R2,0.0133545881585869,-0.0038520842819043,0.033643902323711,0.009645655113546,587,,,,2020-04-28,500.0,500.0,paired person-cluster bootstrap
comparison,UKHLS,temporal_70_30,persistence,ancova_level,ancova_current_state,,BASE,R4_joint_residual,R4_joint_residual_minus_BASE,mean_log_predictive_density,0.0087711341821279,-0.0031086524119166,0.0219972600461107,0.0063240057214672,587,,,,2020-04-28,500.0,500.0,paired person-cluster bootstrap
