record_type,cohort,instrument,wave,item_position,item_concept,half,source_variable,variable_label,raw_valid_codes,missing_codes,scoring,reverse_coded,available,notes,episode_position,time_role,eligible_n,item_complete_n,item_complete_pct,n,statistic,estimate,scale,converged
item_metadata,UKHLS,GHQ-12,1.0,1.0,concentration,A,a_scghqa,GHQ: concentration,"1,2,3,4","-9,-8,-7,-2,-1",raw minus 1; 0-3 distress orientation,True,True,"{""1"": ""better than usual"", ""2"": ""same as usual"", ""3"": ""less than usual"", ""4"": ""much less than usual"", ""-9"": ""missing"", ""-8"": ""inapplicable"", ""-2"": ""refusal"", ""-1"": ""don't know"", ""-7"": ""proxy""}",,,,,,,,,,
item_metadata,UKHLS,GHQ-12,1.0,2.0,loss_of_sleep,A,a_scghqb,GHQ: loss of sleep,"1,2,3,4","-9,-8,-7,-2,-1",raw minus 1; 0-3 distress orientation,False,True,"{""1"": ""not at all"", ""2"": ""no more than usual"", ""3"": ""rather more than usual"", ""4"": ""much more than usual"", ""-9"": ""missing"", ""-8"": ""inapplicable"", ""-2"": ""refusal"", ""-1"": ""don't know"", ""-7"": ""proxy""}",,,,,,,,,,
item_metadata,UKHLS,GHQ-12,1.0,3.0,useful_role,A,a_scghqc,GHQ: playing a useful role,"1,2,3,4","-9,-8,-7,-2,-1",raw minus 1; 0-3 distress orientation,True,True,"{""2"": ""same as usual"", ""1"": ""more so than usual"", ""3"": ""less so than usual"", ""4"": ""much less than usual"", ""-9"": ""missing"", ""-8"": ""inapplicable"", ""-2"": ""refusal"", ""-1"": ""don't know"", ""-7"": ""proxy""}",,,,,,,,,,
item_metadata,UKHLS,GHQ-12,1.0,4.0,making_decisions,B,a_scghqd,GHQ: capable of making decisions,"1,2,3,4","-9,-8,-7,-2,-1",raw minus 1; 0-3 distress orientation,True,True,"{""1"": ""more so than usual"", ""2"": ""same as usual"", ""3"": ""less so than usual"", ""4"": ""much less capable"", ""-9"": ""missing"", ""-8"": ""inapplicable"", ""-2"": ""refusal"", ""-1"": ""don't know"", ""-7"": ""proxy""}",,,,,,,,,,
item_metadata,UKHLS,GHQ-12,1.0,5.0,under_strain,A,a_scghqe,GHQ: constantly under strain,"1,2,3,4","-9,-8,-7,-2,-1",raw minus 1; 0-3 distress orientation,False,True,"{""1"": ""not at all"", ""2"": ""no more than usual"", ""3"": ""rather more than usual"", ""4"": ""much more than usual"", ""-9"": ""missing"", ""-8"": ""inapplicable"", ""-2"": ""refusal"", ""-1"": ""don't know"", ""-7"": ""proxy""}",,,,,,,,,,
item_metadata,UKHLS,GHQ-12,1.0,6.0,overcoming_difficulties,B,a_scghqf,GHQ: problem overcoming difficulties,"1,2,3,4","-9,-8,-7,-2,-1",raw minus 1; 0-3 distress orientation,False,True,"{""1"": ""not at all"", ""2"": ""no more than usual"", ""3"": ""rather more than usual"", ""4"": ""much more than usual"", ""-9"": ""missing"", ""-8"": ""inapplicable"", ""-2"": ""refusal"", ""-1"": ""don't know"", ""-7"": ""proxy""}",,,,,,,,,,
item_metadata,UKHLS,GHQ-12,1.0,7.0,enjoy_activities,A,a_scghqg,GHQ: enjoy day-to-day activities,"1,2,3,4","-9,-8,-7,-2,-1",raw minus 1; 0-3 distress orientation,True,True,"{""2"": ""same as usual"", ""4"": ""much less than usual"", ""1"": ""more so than usual"", ""3"": ""less so than usual"", ""-9"": ""missing"", ""-8"": ""inapplicable"", ""-2"": ""refusal"", ""-1"": ""don't know"", ""-7"": ""proxy""}",,,,,,,,,,
item_metadata,UKHLS,GHQ-12,1.0,8.0,face_problems,B,a_scghqh,GHQ: ability to face problems,"1,2,3,4","-9,-8,-7,-2,-1",raw minus 1; 0-3 distress orientation,True,True,"{""1"": ""more so than usual"", ""2"": ""same as usual"", ""3"": ""less able than usual"", ""4"": ""much less able"", ""-9"": ""missing"", ""-8"": ""inapplicable"", ""-2"": ""refusal"", ""-1"": ""don't know"", ""-7"": ""proxy""}",,,,,,,,,,
item_metadata,UKHLS,GHQ-12,1.0,9.0,unhappy_depressed,A,a_scghqi,GHQ: unhappy or depressed,"1,2,3,4","-9,-8,-7,-2,-1",raw minus 1; 0-3 distress orientation,False,True,"{""1"": ""not at all"", ""2"": ""no more than usual"", ""3"": ""rather more than usual"", ""4"": ""much more than usual"", ""-9"": ""missing"", ""-8"": ""inapplicable"", ""-2"": ""refusal"", ""-1"": ""don't know"", ""-7"": ""proxy""}",,,,,,,,,,
item_metadata,UKHLS,GHQ-12,1.0,10.0,losing_confidence,B,a_scghqj,GHQ: losing confidence,"1,2,3,4","-9,-8,-7,-2,-1",raw minus 1; 0-3 distress orientation,False,True,"{""1"": ""not at all"", ""2"": ""no more than usual"", ""3"": ""rather more than usual"", ""4"": ""much more than usual"", ""-9"": ""missing"", ""-8"": ""inapplicable"", ""-2"": ""refusal"", ""-1"": ""don't know"", ""-7"": ""proxy""}",,,,,,,,,,
item_metadata,UKHLS,GHQ-12,1.0,11.0,worthless,B,a_scghqk,GHQ: believe worthless,"1,2,3,4","-9,-8,-7,-2,-1",raw minus 1; 0-3 distress orientation,False,True,"{""1"": ""not at all"", ""2"": ""no more than usual"", ""3"": ""rather more than usual"", ""4"": ""much more than usual"", ""-9"": ""missing"", ""-8"": ""inapplicable"", ""-2"": ""refusal"", ""-1"": ""don't know"", ""-7"": ""proxy""}",,,,,,,,,,
item_metadata,UKHLS,GHQ-12,1.0,12.0,general_happiness,B,a_scghql,GHQ: general happiness,"1,2,3,4","-9,-8,-7,-2,-1",raw minus 1; 0-3 distress orientation,True,True,"{""1"": ""more so than usual"", ""2"": ""about the same as usual"", ""3"": ""less so than usual"", ""4"": ""much less than usual"", ""-9"": ""missing"", ""-8"": ""inapplicable"", ""-2"": ""refusal"", ""-1"": ""don't know"", ""-7"": ""proxy""}",,,,,,,,,,
item_metadata,UKHLS,GHQ-12,2.0,1.0,concentration,A,b_scghqa,GHQ: concentration,"1,2,3,4","-9,-8,-7,-2,-1",raw minus 1; 0-3 distress orientation,True,True,"{""1"": ""better than usual"", ""2"": ""same as usual"", ""3"": ""less than usual"", ""4"": ""much less than usual"", ""-9"": ""missing"", ""-8"": ""inapplicable"", ""-2"": ""refusal"", ""-1"": ""don't know"", ""-7"": ""proxy""}",,,,,,,,,,
item_metadata,UKHLS,GHQ-12,2.0,2.0,loss_of_sleep,A,b_scghqb,GHQ: loss of sleep,"1,2,3,4","-9,-8,-7,-2,-1",raw minus 1; 0-3 distress orientation,False,True,"{""1"": ""not at all"", ""2"": ""no more than usual"", ""3"": ""rather more than usual"", ""4"": ""much more than usual"", ""-9"": ""missing"", ""-8"": ""inapplicable"", ""-2"": ""refusal"", ""-1"": ""don't know"", ""-7"": ""proxy""}",,,,,,,,,,
item_metadata,UKHLS,GHQ-12,2.0,3.0,useful_role,A,b_scghqc,GHQ: playing a useful role,"1,2,3,4","-9,-8,-7,-2,-1",raw minus 1; 0-3 distress orientation,True,True,"{""2"": ""same as usual"", ""1"": ""more so than usual"", ""3"": ""less so than usual"", ""4"": ""much less than usual"", ""-9"": ""missing"", ""-8"": ""inapplicable"", ""-2"": ""refusal"", ""-1"": ""don't know"", ""-7"": ""proxy""}",,,,,,,,,,
item_metadata,UKHLS,GHQ-12,2.0,4.0,making_decisions,B,b_scghqd,GHQ: capable of making decisions,"1,2,3,4","-9,-8,-7,-2,-1",raw minus 1; 0-3 distress orientation,True,True,"{""1"": ""more so than usual"", ""2"": ""same as usual"", ""3"": ""less so than usual"", ""4"": ""much less capable"", ""-9"": ""missing"", ""-8"": ""inapplicable"", ""-2"": ""refusal"", ""-1"": ""don't know"", ""-7"": ""proxy""}",,,,,,,,,,
item_metadata,UKHLS,GHQ-12,2.0,5.0,under_strain,A,b_scghqe,GHQ: constantly under strain,"1,2,3,4","-9,-8,-7,-2,-1",raw minus 1; 0-3 distress orientation,False,True,"{""1"": ""not at all"", ""2"": ""no more than usual"", ""3"": ""rather more than usual"", ""4"": ""much more than usual"", ""-9"": ""missing"", ""-8"": ""inapplicable"", ""-2"": ""refusal"", ""-1"": ""don't know"", ""-7"": ""proxy""}",,,,,,,,,,
item_metadata,UKHLS,GHQ-12,2.0,6.0,overcoming_difficulties,B,b_scghqf,GHQ: problem overcoming difficulties,"1,2,3,4","-9,-8,-7,-2,-1",raw minus 1; 0-3 distress orientation,False,True,"{""1"": ""not at all"", ""2"": ""no more than usual"", ""3"": ""rather more than usual"", ""4"": ""much more than usual"", ""-9"": ""missing"", ""-8"": ""inapplicable"", ""-2"": ""refusal"", ""-1"": ""don't know"", ""-7"": ""proxy""}",,,,,,,,,,
item_metadata,UKHLS,GHQ-12,2.0,7.0,enjoy_activities,A,b_scghqg,GHQ: enjoy day-to-day activities,"1,2,3,4","-9,-8,-7,-2,-1",raw minus 1; 0-3 distress orientation,True,True,"{""2"": ""same as usual"", ""4"": ""much less than usual"", ""1"": ""more so than usual"", ""3"": ""less so than usual"", ""-9"": ""missing"", ""-8"": ""inapplicable"", ""-2"": ""refusal"", ""-1"": ""don't know"", ""-7"": ""proxy""}",,,,,,,,,,
item_metadata,UKHLS,GHQ-12,2.0,8.0,face_problems,B,b_scghqh,GHQ: ability to face problems,"1,2,3,4","-9,-8,-7,-2,-1",raw minus 1; 0-3 distress orientation,True,True,"{""1"": ""more so than usual"", ""2"": ""same as usual"", ""3"": ""less able than usual"", ""4"": ""much less able"", ""-9"": ""missing"", ""-8"": ""inapplicable"", ""-2"": ""refusal"", ""-1"": ""don't know"", ""-7"": ""proxy""}",,,,,,,,,,
item_metadata,UKHLS,GHQ-12,2.0,9.0,unhappy_depressed,A,b_scghqi,GHQ: unhappy or depressed,"1,2,3,4","-9,-8,-7,-2,-1",raw minus 1; 0-3 distress orientation,False,True,"{""1"": ""not at all"", ""2"": ""no more than usual"", ""3"": ""rather more than usual"", ""4"": ""much more than usual"", ""-9"": ""missing"", ""-8"": ""inapplicable"", ""-2"": ""refusal"", ""-1"": ""don't know"", ""-7"": ""proxy""}",,,,,,,,,,
item_metadata,UKHLS,GHQ-12,2.0,10.0,losing_confidence,B,b_scghqj,GHQ: losing confidence,"1,2,3,4","-9,-8,-7,-2,-1",raw minus 1; 0-3 distress orientation,False,True,"{""1"": ""not at all"", ""2"": ""no more than usual"", ""3"": ""rather more than usual"", ""4"": ""much more than usual"", ""-9"": ""missing"", ""-8"": ""inapplicable"", ""-2"": ""refusal"", ""-1"": ""don't know"", ""-7"": ""proxy""}",,,,,,,,,,
item_metadata,UKHLS,GHQ-12,2.0,11.0,worthless,B,b_scghqk,GHQ: believe worthless,"1,2,3,4","-9,-8,-7,-2,-1",raw minus 1; 0-3 distress orientation,False,True,"{""1"": ""not at all"", ""2"": ""no more than usual"", ""3"": ""rather more than usual"", ""4"": ""much more than usual"", ""-9"": ""missing"", ""-8"": ""inapplicable"", ""-2"": ""refusal"", ""-1"": ""don't know"", ""-7"": ""proxy""}",,,,,,,,,,
item_metadata,UKHLS,GHQ-12,2.0,12.0,general_happiness,B,b_scghql,GHQ: general happiness,"1,2,3,4","-9,-8,-7,-2,-1",raw minus 1; 0-3 distress orientation,True,True,"{""1"": ""more so than usual"", ""2"": ""about the same as usual"", ""3"": ""less so than usual"", ""4"": ""much less than usual"", ""-9"": ""missing"", ""-8"": ""inapplicable"", ""-2"": ""refusal"", ""-1"": ""don't know"", ""-7"": ""proxy""}",,,,,,,,,,
item_metadata,UKHLS,GHQ-12,3.0,1.0,concentration,A,c_scghqa,GHQ: concentration,"1,2,3,4","-9,-8,-7,-2,-1",raw minus 1; 0-3 distress orientation,True,True,"{""1"": ""better than usual"", ""2"": ""same as usual"", ""3"": ""less than usual"", ""4"": ""much less than usual"", ""-9"": ""missing"", ""-8"": ""inapplicable"", ""-2"": ""refusal"", ""-1"": ""don't know"", ""-7"": ""proxy""}",,,,,,,,,,
item_metadata,UKHLS,GHQ-12,3.0,2.0,loss_of_sleep,A,c_scghqb,GHQ: loss of sleep,"1,2,3,4","-9,-8,-7,-2,-1",raw minus 1; 0-3 distress orientation,False,True,"{""1"": ""not at all"", ""2"": ""no more than usual"", ""3"": ""rather more than usual"", ""4"": ""much more than usual"", ""-9"": ""missing"", ""-8"": ""inapplicable"", ""-2"": ""refusal"", ""-1"": ""don't know"", ""-7"": ""proxy""}",,,,,,,,,,
item_metadata,UKHLS,GHQ-12,3.0,3.0,useful_role,A,c_scghqc,GHQ: playing a useful role,"1,2,3,4","-9,-8,-7,-2,-1",raw minus 1; 0-3 distress orientation,True,True,"{""2"": ""same as usual"", ""1"": ""more so than usual"", ""3"": ""less so than usual"", ""4"": ""much less than usual"", ""-9"": ""missing"", ""-8"": ""inapplicable"", ""-2"": ""refusal"", ""-1"": ""don't know"", ""-7"": ""proxy""}",,,,,,,,,,
item_metadata,UKHLS,GHQ-12,3.0,4.0,making_decisions,B,c_scghqd,GHQ: capable of making decisions,"1,2,3,4","-9,-8,-7,-2,-1",raw minus 1; 0-3 distress orientation,True,True,"{""1"": ""more so than usual"", ""2"": ""same as usual"", ""3"": ""less so than usual"", ""4"": ""much less capable"", ""-9"": ""missing"", ""-8"": ""inapplicable"", ""-2"": ""refusal"", ""-1"": ""don't know"", ""-7"": ""proxy""}",,,,,,,,,,
item_metadata,UKHLS,GHQ-12,3.0,5.0,under_strain,A,c_scghqe,GHQ: constantly under strain,"1,2,3,4","-9,-8,-7,-2,-1",raw minus 1; 0-3 distress orientation,False,True,"{""1"": ""not at all"", ""2"": ""no more than usual"", ""3"": ""rather more than usual"", ""4"": ""much more than usual"", ""-9"": ""missing"", ""-8"": ""inapplicable"", ""-2"": ""refusal"", ""-1"": ""don't know"", ""-7"": ""proxy""}",,,,,,,,,,
item_metadata,UKHLS,GHQ-12,3.0,6.0,overcoming_difficulties,B,c_scghqf,GHQ: problem overcoming difficulties,"1,2,3,4","-9,-8,-7,-2,-1",raw minus 1; 0-3 distress orientation,False,True,"{""1"": ""not at all"", ""2"": ""no more than usual"", ""3"": ""rather more than usual"", ""4"": ""much more than usual"", ""-9"": ""missing"", ""-8"": ""inapplicable"", ""-2"": ""refusal"", ""-1"": ""don't know"", ""-7"": ""proxy""}",,,,,,,,,,
item_metadata,UKHLS,GHQ-12,3.0,7.0,enjoy_activities,A,c_scghqg,GHQ: enjoy day-to-day activities,"1,2,3,4","-9,-8,-7,-2,-1",raw minus 1; 0-3 distress orientation,True,True,"{""2"": ""same as usual"", ""4"": ""much less than usual"", ""1"": ""more so than usual"", ""3"": ""less so than usual"", ""-9"": ""missing"", ""-8"": ""inapplicable"", ""-2"": ""refusal"", ""-1"": ""don't know"", ""-7"": ""proxy""}",,,,,,,,,,
item_metadata,UKHLS,GHQ-12,3.0,8.0,face_problems,B,c_scghqh,GHQ: ability to face problems,"1,2,3,4","-9,-8,-7,-2,-1",raw minus 1; 0-3 distress orientation,True,True,"{""1"": ""more so than usual"", ""2"": ""same as usual"", ""3"": ""less able than usual"", ""4"": ""much less able"", ""-9"": ""missing"", ""-8"": ""inapplicable"", ""-2"": ""refusal"", ""-1"": ""don't know"", ""-7"": ""proxy""}",,,,,,,,,,
item_metadata,UKHLS,GHQ-12,3.0,9.0,unhappy_depressed,A,c_scghqi,GHQ: unhappy or depressed,"1,2,3,4","-9,-8,-7,-2,-1",raw minus 1; 0-3 distress orientation,False,True,"{""1"": ""not at all"", ""2"": ""no more than usual"", ""3"": ""rather more than usual"", ""4"": ""much more than usual"", ""-9"": ""missing"", ""-8"": ""inapplicable"", ""-2"": ""refusal"", ""-1"": ""don't know"", ""-7"": ""proxy""}",,,,,,,,,,
item_metadata,UKHLS,GHQ-12,3.0,10.0,losing_confidence,B,c_scghqj,GHQ: losing confidence,"1,2,3,4","-9,-8,-7,-2,-1",raw minus 1; 0-3 distress orientation,False,True,"{""1"": ""not at all"", ""2"": ""no more than usual"", ""3"": ""rather more than usual"", ""4"": ""much more than usual"", ""-9"": ""missing"", ""-8"": ""inapplicable"", ""-2"": ""refusal"", ""-1"": ""don't know"", ""-7"": ""proxy""}",,,,,,,,,,
item_metadata,UKHLS,GHQ-12,3.0,11.0,worthless,B,c_scghqk,GHQ: believe worthless,"1,2,3,4","-9,-8,-7,-2,-1",raw minus 1; 0-3 distress orientation,False,True,"{""1"": ""not at all"", ""2"": ""no more than usual"", ""3"": ""rather more than usual"", ""4"": ""much more than usual"", ""-9"": ""missing"", ""-8"": ""inapplicable"", ""-2"": ""refusal"", ""-1"": ""don't know"", ""-7"": ""proxy""}",,,,,,,,,,
item_metadata,UKHLS,GHQ-12,3.0,12.0,general_happiness,B,c_scghql,GHQ: general happiness,"1,2,3,4","-9,-8,-7,-2,-1",raw minus 1; 0-3 distress orientation,True,True,"{""1"": ""more so than usual"", ""2"": ""about the same as usual"", ""3"": ""less so than usual"", ""4"": ""much less than usual"", ""-9"": ""missing"", ""-8"": ""inapplicable"", ""-2"": ""refusal"", ""-1"": ""don't know"", ""-7"": ""proxy""}",,,,,,,,,,
item_metadata,UKHLS,GHQ-12,4.0,1.0,concentration,A,d_scghqa,GHQ: concentration,"1,2,3,4","-9,-8,-7,-2,-1",raw minus 1; 0-3 distress orientation,True,True,"{""1"": ""better than usual"", ""2"": ""same as usual"", ""3"": ""less than usual"", ""4"": ""much less than usual"", ""-9"": ""missing"", ""-8"": ""inapplicable"", ""-2"": ""refusal"", ""-1"": ""don't know"", ""-7"": ""proxy""}",,,,,,,,,,
item_metadata,UKHLS,GHQ-12,4.0,2.0,loss_of_sleep,A,d_scghqb,GHQ: loss of sleep,"1,2,3,4","-9,-8,-7,-2,-1",raw minus 1; 0-3 distress orientation,False,True,"{""1"": ""not at all"", ""2"": ""no more than usual"", ""3"": ""rather more than usual"", ""4"": ""much more than usual"", ""-9"": ""missing"", ""-8"": ""inapplicable"", ""-2"": ""refusal"", ""-1"": ""don't know"", ""-7"": ""proxy""}",,,,,,,,,,
item_metadata,UKHLS,GHQ-12,4.0,3.0,useful_role,A,d_scghqc,GHQ: playing a useful role,"1,2,3,4","-9,-8,-7,-2,-1",raw minus 1; 0-3 distress orientation,True,True,"{""2"": ""same as usual"", ""1"": ""more so than usual"", ""3"": ""less so than usual"", ""4"": ""much less than usual"", ""-9"": ""missing"", ""-8"": ""inapplicable"", ""-2"": ""refusal"", ""-1"": ""don't know"", ""-7"": ""proxy""}",,,,,,,,,,
item_metadata,UKHLS,GHQ-12,4.0,4.0,making_decisions,B,d_scghqd,GHQ: capable of making decisions,"1,2,3,4","-9,-8,-7,-2,-1",raw minus 1; 0-3 distress orientation,True,True,"{""1"": ""more so than usual"", ""2"": ""same as usual"", ""3"": ""less so than usual"", ""4"": ""much less capable"", ""-9"": ""missing"", ""-8"": ""inapplicable"", ""-2"": ""refusal"", ""-1"": ""don't know"", ""-7"": ""proxy""}",,,,,,,,,,
item_metadata,UKHLS,GHQ-12,4.0,5.0,under_strain,A,d_scghqe,GHQ: constantly under strain,"1,2,3,4","-9,-8,-7,-2,-1",raw minus 1; 0-3 distress orientation,False,True,"{""1"": ""not at all"", ""2"": ""no more than usual"", ""3"": ""rather more than usual"", ""4"": ""much more than usual"", ""-9"": ""missing"", ""-8"": ""inapplicable"", ""-2"": ""refusal"", ""-1"": ""don't know"", ""-7"": ""proxy""}",,,,,,,,,,
item_metadata,UKHLS,GHQ-12,4.0,6.0,overcoming_difficulties,B,d_scghqf,GHQ: problem overcoming difficulties,"1,2,3,4","-9,-8,-7,-2,-1",raw minus 1; 0-3 distress orientation,False,True,"{""1"": ""not at all"", ""2"": ""no more than usual"", ""3"": ""rather more than usual"", ""4"": ""much more than usual"", ""-9"": ""missing"", ""-8"": ""inapplicable"", ""-2"": ""refusal"", ""-1"": ""don't know"", ""-7"": ""proxy""}",,,,,,,,,,
item_metadata,UKHLS,GHQ-12,4.0,7.0,enjoy_activities,A,d_scghqg,GHQ: enjoy day-to-day activities,"1,2,3,4","-9,-8,-7,-2,-1",raw minus 1; 0-3 distress orientation,True,True,"{""2"": ""same as usual"", ""4"": ""much less than usual"", ""1"": ""more so than usual"", ""3"": ""less so than usual"", ""-9"": ""missing"", ""-8"": ""inapplicable"", ""-2"": ""refusal"", ""-1"": ""don't know"", ""-7"": ""proxy""}",,,,,,,,,,
item_metadata,UKHLS,GHQ-12,4.0,8.0,face_problems,B,d_scghqh,GHQ: ability to face problems,"1,2,3,4","-9,-8,-7,-2,-1",raw minus 1; 0-3 distress orientation,True,True,"{""1"": ""more so than usual"", ""2"": ""same as usual"", ""3"": ""less able than usual"", ""4"": ""much less able"", ""-9"": ""missing"", ""-8"": ""inapplicable"", ""-2"": ""refusal"", ""-1"": ""don't know"", ""-7"": ""proxy""}",,,,,,,,,,
item_metadata,UKHLS,GHQ-12,4.0,9.0,unhappy_depressed,A,d_scghqi,GHQ: unhappy or depressed,"1,2,3,4","-9,-8,-7,-2,-1",raw minus 1; 0-3 distress orientation,False,True,"{""1"": ""not at all"", ""2"": ""no more than usual"", ""3"": ""rather more than usual"", ""4"": ""much more than usual"", ""-9"": ""missing"", ""-8"": ""inapplicable"", ""-2"": ""refusal"", ""-1"": ""don't know"", ""-7"": ""proxy""}",,,,,,,,,,
item_metadata,UKHLS,GHQ-12,4.0,10.0,losing_confidence,B,d_scghqj,GHQ: losing confidence,"1,2,3,4","-9,-8,-7,-2,-1",raw minus 1; 0-3 distress orientation,False,True,"{""1"": ""not at all"", ""2"": ""no more than usual"", ""3"": ""rather more than usual"", ""4"": ""much more than usual"", ""-9"": ""missing"", ""-8"": ""inapplicable"", ""-2"": ""refusal"", ""-1"": ""don't know"", ""-7"": ""proxy""}",,,,,,,,,,
item_metadata,UKHLS,GHQ-12,4.0,11.0,worthless,B,d_scghqk,GHQ: believe worthless,"1,2,3,4","-9,-8,-7,-2,-1",raw minus 1; 0-3 distress orientation,False,True,"{""1"": ""not at all"", ""2"": ""no more than usual"", ""3"": ""rather more than usual"", ""4"": ""much more than usual"", ""-9"": ""missing"", ""-8"": ""inapplicable"", ""-2"": ""refusal"", ""-1"": ""don't know"", ""-7"": ""proxy""}",,,,,,,,,,
item_metadata,UKHLS,GHQ-12,4.0,12.0,general_happiness,B,d_scghql,GHQ: general happiness,"1,2,3,4","-9,-8,-7,-2,-1",raw minus 1; 0-3 distress orientation,True,True,"{""1"": ""more so than usual"", ""2"": ""about the same as usual"", ""3"": ""less so than usual"", ""4"": ""much less than usual"", ""-9"": ""missing"", ""-8"": ""inapplicable"", ""-2"": ""refusal"", ""-1"": ""don't know"", ""-7"": ""proxy""}",,,,,,,,,,
item_metadata,UKHLS,GHQ-12,5.0,1.0,concentration,A,e_scghqa,GHQ: concentration,"1,2,3,4","-9,-8,-7,-2,-1",raw minus 1; 0-3 distress orientation,True,True,"{""1"": ""better than usual"", ""2"": ""same as usual"", ""3"": ""less than usual"", ""4"": ""much less than usual"", ""-9"": ""missing"", ""-8"": ""inapplicable"", ""-2"": ""refusal"", ""-1"": ""don't know"", ""-7"": ""proxy""}",,,,,,,,,,
item_metadata,UKHLS,GHQ-12,5.0,2.0,loss_of_sleep,A,e_scghqb,GHQ: loss of sleep,"1,2,3,4","-9,-8,-7,-2,-1",raw minus 1; 0-3 distress orientation,False,True,"{""1"": ""not at all"", ""2"": ""no more than usual"", ""3"": ""rather more than usual"", ""4"": ""much more than usual"", ""-9"": ""missing"", ""-8"": ""inapplicable"", ""-2"": ""refusal"", ""-1"": ""don't know"", ""-7"": ""proxy""}",,,,,,,,,,
item_metadata,UKHLS,GHQ-12,5.0,3.0,useful_role,A,e_scghqc,GHQ: playing a useful role,"1,2,3,4","-9,-8,-7,-2,-1",raw minus 1; 0-3 distress orientation,True,True,"{""2"": ""same as usual"", ""1"": ""more so than usual"", ""3"": ""less so than usual"", ""4"": ""much less than usual"", ""-9"": ""missing"", ""-8"": ""inapplicable"", ""-2"": ""refusal"", ""-1"": ""don't know"", ""-7"": ""proxy""}",,,,,,,,,,
item_metadata,UKHLS,GHQ-12,5.0,4.0,making_decisions,B,e_scghqd,GHQ: capable of making decisions,"1,2,3,4","-9,-8,-7,-2,-1",raw minus 1; 0-3 distress orientation,True,True,"{""1"": ""more so than usual"", ""2"": ""same as usual"", ""3"": ""less so than usual"", ""4"": ""much less capable"", ""-9"": ""missing"", ""-8"": ""inapplicable"", ""-2"": ""refusal"", ""-1"": ""don't know"", ""-7"": ""proxy""}",,,,,,,,,,
item_metadata,UKHLS,GHQ-12,5.0,5.0,under_strain,A,e_scghqe,GHQ: constantly under strain,"1,2,3,4","-9,-8,-7,-2,-1",raw minus 1; 0-3 distress orientation,False,True,"{""1"": ""not at all"", ""2"": ""no more than usual"", ""3"": ""rather more than usual"", ""4"": ""much more than usual"", ""-9"": ""missing"", ""-8"": ""inapplicable"", ""-2"": ""refusal"", ""-1"": ""don't know"", ""-7"": ""proxy""}",,,,,,,,,,
item_metadata,UKHLS,GHQ-12,5.0,6.0,overcoming_difficulties,B,e_scghqf,GHQ: problem overcoming difficulties,"1,2,3,4","-9,-8,-7,-2,-1",raw minus 1; 0-3 distress orientation,False,True,"{""1"": ""not at all"", ""2"": ""no more than usual"", ""3"": ""rather more than usual"", ""4"": ""much more than usual"", ""-9"": ""missing"", ""-8"": ""inapplicable"", ""-2"": ""refusal"", ""-1"": ""don't know"", ""-7"": ""proxy""}",,,,,,,,,,
item_metadata,UKHLS,GHQ-12,5.0,7.0,enjoy_activities,A,e_scghqg,GHQ: enjoy day-to-day activities,"1,2,3,4","-9,-8,-7,-2,-1",raw minus 1; 0-3 distress orientation,True,True,"{""2"": ""same as usual"", ""4"": ""much less than usual"", ""1"": ""more so than usual"", ""3"": ""less so than usual"", ""-9"": ""missing"", ""-8"": ""inapplicable"", ""-2"": ""refusal"", ""-1"": ""don't know"", ""-7"": ""proxy""}",,,,,,,,,,
item_metadata,UKHLS,GHQ-12,5.0,8.0,face_problems,B,e_scghqh,GHQ: ability to face problems,"1,2,3,4","-9,-8,-7,-2,-1",raw minus 1; 0-3 distress orientation,True,True,"{""1"": ""more so than usual"", ""2"": ""same as usual"", ""3"": ""less able than usual"", ""4"": ""much less able"", ""-9"": ""missing"", ""-8"": ""inapplicable"", ""-2"": ""refusal"", ""-1"": ""don't know"", ""-7"": ""proxy""}",,,,,,,,,,
item_metadata,UKHLS,GHQ-12,5.0,9.0,unhappy_depressed,A,e_scghqi,GHQ: unhappy or depressed,"1,2,3,4","-9,-8,-7,-2,-1",raw minus 1; 0-3 distress orientation,False,True,"{""1"": ""not at all"", ""2"": ""no more than usual"", ""3"": ""rather more than usual"", ""4"": ""much more than usual"", ""-9"": ""missing"", ""-8"": ""inapplicable"", ""-2"": ""refusal"", ""-1"": ""don't know"", ""-7"": ""proxy""}",,,,,,,,,,
item_metadata,UKHLS,GHQ-12,5.0,10.0,losing_confidence,B,e_scghqj,GHQ: losing confidence,"1,2,3,4","-9,-8,-7,-2,-1",raw minus 1; 0-3 distress orientation,False,True,"{""1"": ""not at all"", ""2"": ""no more than usual"", ""3"": ""rather more than usual"", ""4"": ""much more than usual"", ""-9"": ""missing"", ""-8"": ""inapplicable"", ""-2"": ""refusal"", ""-1"": ""don't know"", ""-7"": ""proxy""}",,,,,,,,,,
item_metadata,UKHLS,GHQ-12,5.0,11.0,worthless,B,e_scghqk,GHQ: believe worthless,"1,2,3,4","-9,-8,-7,-2,-1",raw minus 1; 0-3 distress orientation,False,True,"{""1"": ""not at all"", ""2"": ""no more than usual"", ""3"": ""rather more than usual"", ""4"": ""much more than usual"", ""-9"": ""missing"", ""-8"": ""inapplicable"", ""-2"": ""refusal"", ""-1"": ""don't know"", ""-7"": ""proxy""}",,,,,,,,,,
item_metadata,UKHLS,GHQ-12,5.0,12.0,general_happiness,B,e_scghql,GHQ: general happiness,"1,2,3,4","-9,-8,-7,-2,-1",raw minus 1; 0-3 distress orientation,True,True,"{""1"": ""more so than usual"", ""2"": ""about the same as usual"", ""3"": ""less so than usual"", ""4"": ""much less than usual"", ""-9"": ""missing"", ""-8"": ""inapplicable"", ""-2"": ""refusal"", ""-1"": ""don't know"", ""-7"": ""proxy""}",,,,,,,,,,
item_metadata,UKHLS,GHQ-12,6.0,1.0,concentration,A,f_scghqa,GHQ: concentration,"1,2,3,4","-9,-8,-7,-2,-1",raw minus 1; 0-3 distress orientation,True,True,"{""1"": ""better than usual"", ""2"": ""same as usual"", ""3"": ""less than usual"", ""4"": ""much less than usual"", ""-10"": ""Not available for IEMB"", ""-11"": ""Only available for IEMB"", ""-9"": ""missing"", ""-8"": ""inapplicable"", ""-2"": ""refusal"", ""-1"": ""don't know"", ""-7"": ""proxy""}",,,,,,,,,,
item_metadata,UKHLS,GHQ-12,6.0,2.0,loss_of_sleep,A,f_scghqb,GHQ: loss of sleep,"1,2,3,4","-9,-8,-7,-2,-1",raw minus 1; 0-3 distress orientation,False,True,"{""1"": ""not at all"", ""2"": ""no more than usual"", ""3"": ""rather more than usual"", ""4"": ""much more than usual"", ""-10"": ""Not available for IEMB"", ""-11"": ""Only available for IEMB"", ""-9"": ""missing"", ""-8"": ""inapplicable"", ""-2"": ""refusal"", ""-1"": ""don't know"", ""-7"": ""proxy""}",,,,,,,,,,
item_metadata,UKHLS,GHQ-12,6.0,3.0,useful_role,A,f_scghqc,GHQ: playing a useful role,"1,2,3,4","-9,-8,-7,-2,-1",raw minus 1; 0-3 distress orientation,True,True,"{""2"": ""same as usual"", ""-10"": ""Not available for IEMB"", ""-11"": ""Only available for IEMB"", ""1"": ""more so than usual"", ""3"": ""less so than usual"", ""4"": ""much less than usual"", ""-9"": ""missing"", ""-8"": ""inapplicable"", ""-2"": ""refusal"", ""-1"": ""don't know"", ""-7"": ""proxy""}",,,,,,,,,,
item_metadata,UKHLS,GHQ-12,6.0,4.0,making_decisions,B,f_scghqd,GHQ: capable of making decisions,"1,2,3,4","-9,-8,-7,-2,-1",raw minus 1; 0-3 distress orientation,True,True,"{""1"": ""more so than usual"", ""2"": ""same as usual"", ""3"": ""less so than usual"", ""4"": ""much less capable"", ""-10"": ""Not available for IEMB"", ""-11"": ""Only available for IEMB"", ""-9"": ""missing"", ""-8"": ""inapplicable"", ""-2"": ""refusal"", ""-1"": ""don't know"", ""-7"": ""proxy""}",,,,,,,,,,
item_metadata,UKHLS,GHQ-12,6.0,5.0,under_strain,A,f_scghqe,GHQ: constantly under strain,"1,2,3,4","-9,-8,-7,-2,-1",raw minus 1; 0-3 distress orientation,False,True,"{""1"": ""not at all"", ""2"": ""no more than usual"", ""3"": ""rather more than usual"", ""4"": ""much more than usual"", ""-10"": ""Not available for IEMB"", ""-11"": ""Only available for IEMB"", ""-9"": ""missing"", ""-8"": ""inapplicable"", ""-2"": ""refusal"", ""-1"": ""don't know"", ""-7"": ""proxy""}",,,,,,,,,,
item_metadata,UKHLS,GHQ-12,6.0,6.0,overcoming_difficulties,B,f_scghqf,GHQ: problem overcoming difficulties,"1,2,3,4","-9,-8,-7,-2,-1",raw minus 1; 0-3 distress orientation,False,True,"{""1"": ""not at all"", ""2"": ""no more than usual"", ""3"": ""rather more than usual"", ""4"": ""much more than usual"", ""-10"": ""Not available for IEMB"", ""-11"": ""Only available for IEMB"", ""-9"": ""missing"", ""-8"": ""inapplicable"", ""-2"": ""refusal"", ""-1"": ""don't know"", ""-7"": ""proxy""}",,,,,,,,,,
item_metadata,UKHLS,GHQ-12,6.0,7.0,enjoy_activities,A,f_scghqg,GHQ: enjoy day-to-day activities,"1,2,3,4","-9,-8,-7,-2,-1",raw minus 1; 0-3 distress orientation,True,True,"{""2"": ""same as usual"", ""4"": ""much less than usual"", ""-10"": ""Not available for IEMB"", ""-11"": ""Only available for IEMB"", ""1"": ""more so than usual"", ""3"": ""less so than usual"", ""-9"": ""missing"", ""-8"": ""inapplicable"", ""-2"": ""refusal"", ""-1"": ""don't know"", ""-7"": ""proxy""}",,,,,,,,,,
item_metadata,UKHLS,GHQ-12,6.0,8.0,face_problems,B,f_scghqh,GHQ: ability to face problems,"1,2,3,4","-9,-8,-7,-2,-1",raw minus 1; 0-3 distress orientation,True,True,"{""1"": ""more so than usual"", ""2"": ""same as usual"", ""3"": ""less able than usual"", ""4"": ""much less able"", ""-10"": ""Not available for IEMB"", ""-11"": ""Only available for IEMB"", ""-9"": ""missing"", ""-8"": ""inapplicable"", ""-2"": ""refusal"", ""-1"": ""don't know"", ""-7"": ""proxy""}",,,,,,,,,,
item_metadata,UKHLS,GHQ-12,6.0,9.0,unhappy_depressed,A,f_scghqi,GHQ: unhappy or depressed,"1,2,3,4","-9,-8,-7,-2,-1",raw minus 1; 0-3 distress orientation,False,True,"{""1"": ""not at all"", ""2"": ""no more than usual"", ""3"": ""rather more than usual"", ""4"": ""much more than usual"", ""-10"": ""Not available for IEMB"", ""-11"": ""Only available for IEMB"", ""-9"": ""missing"", ""-8"": ""inapplicable"", ""-2"": ""refusal"", ""-1"": ""don't know"", ""-7"": ""proxy""}",,,,,,,,,,
item_metadata,UKHLS,GHQ-12,6.0,10.0,losing_confidence,B,f_scghqj,GHQ: losing confidence,"1,2,3,4","-9,-8,-7,-2,-1",raw minus 1; 0-3 distress orientation,False,True,"{""1"": ""not at all"", ""2"": ""no more than usual"", ""3"": ""rather more than usual"", ""4"": ""much more than usual"", ""-10"": ""Not available for IEMB"", ""-11"": ""Only available for IEMB"", ""-9"": ""missing"", ""-8"": ""inapplicable"", ""-2"": ""refusal"", ""-1"": ""don't know"", ""-7"": ""proxy""}",,,,,,,,,,
item_metadata,UKHLS,GHQ-12,6.0,11.0,worthless,B,f_scghqk,GHQ: believe worthless,"1,2,3,4","-9,-8,-7,-2,-1",raw minus 1; 0-3 distress orientation,False,True,"{""1"": ""not at all"", ""2"": ""no more than usual"", ""3"": ""rather more than usual"", ""4"": ""much more than usual"", ""-10"": ""Not available for IEMB"", ""-11"": ""Only available for IEMB"", ""-9"": ""missing"", ""-8"": ""inapplicable"", ""-2"": ""refusal"", ""-1"": ""don't know"", ""-7"": ""proxy""}",,,,,,,,,,
item_metadata,UKHLS,GHQ-12,6.0,12.0,general_happiness,B,f_scghql,GHQ: general happiness,"1,2,3,4","-9,-8,-7,-2,-1",raw minus 1; 0-3 distress orientation,True,True,"{""1"": ""more so than usual"", ""2"": ""about the same as usual"", ""3"": ""less so than usual"", ""4"": ""much less than usual"", ""-10"": ""Not available for IEMB"", ""-11"": ""Only available for IEMB"", ""-9"": ""missing"", ""-8"": ""inapplicable"", ""-2"": ""refusal"", ""-1"": ""don't know"", ""-7"": ""proxy""}",,,,,,,,,,
item_metadata,UKHLS,GHQ-12,7.0,1.0,concentration,A,g_scghqa,GHQ: concentration,"1,2,3,4","-9,-8,-7,-2,-1",raw minus 1; 0-3 distress orientation,True,True,"{""1"": ""Better than usual"", ""2"": ""Same as usual"", ""3"": ""Less than usual"", ""4"": ""Much less than usual"", ""-9"": ""missing"", ""-8"": ""inapplicable"", ""-2"": ""refusal"", ""-1"": ""don't know"", ""-7"": ""proxy""}",,,,,,,,,,
item_metadata,UKHLS,GHQ-12,7.0,2.0,loss_of_sleep,A,g_scghqb,GHQ: loss of sleep,"1,2,3,4","-9,-8,-7,-2,-1",raw minus 1; 0-3 distress orientation,False,True,"{""1"": ""Not at all"", ""2"": ""No more than usual"", ""3"": ""Rather more than usual"", ""4"": ""Much more than usual"", ""-9"": ""missing"", ""-8"": ""inapplicable"", ""-2"": ""refusal"", ""-1"": ""don't know"", ""-7"": ""proxy""}",,,,,,,,,,
item_metadata,UKHLS,GHQ-12,7.0,3.0,useful_role,A,g_scghqc,GHQ: playing a useful role,"1,2,3,4","-9,-8,-7,-2,-1",raw minus 1; 0-3 distress orientation,True,True,"{""2"": ""Same as usual"", ""1"": ""more so than usual"", ""3"": ""less so than usual"", ""4"": ""much less than usual"", ""-9"": ""missing"", ""-8"": ""inapplicable"", ""-2"": ""refusal"", ""-1"": ""don't know"", ""-7"": ""proxy""}",,,,,,,,,,
item_metadata,UKHLS,GHQ-12,7.0,4.0,making_decisions,B,g_scghqd,GHQ: capable of making decisions,"1,2,3,4","-9,-8,-7,-2,-1",raw minus 1; 0-3 distress orientation,True,True,"{""1"": ""More so than usual"", ""2"": ""Same as usual"", ""3"": ""Less so than usual"", ""4"": ""Much less capable"", ""-9"": ""missing"", ""-8"": ""inapplicable"", ""-2"": ""refusal"", ""-1"": ""don't know"", ""-7"": ""proxy""}",,,,,,,,,,
item_metadata,UKHLS,GHQ-12,7.0,5.0,under_strain,A,g_scghqe,GHQ: constantly under strain,"1,2,3,4","-9,-8,-7,-2,-1",raw minus 1; 0-3 distress orientation,False,True,"{""1"": ""Not at all"", ""2"": ""No more than usual"", ""3"": ""Rather more than usual"", ""4"": ""Much more than usual"", ""-9"": ""missing"", ""-8"": ""inapplicable"", ""-2"": ""refusal"", ""-1"": ""don't know"", ""-7"": ""proxy""}",,,,,,,,,,
item_metadata,UKHLS,GHQ-12,7.0,6.0,overcoming_difficulties,B,g_scghqf,GHQ: problem overcoming difficulties,"1,2,3,4","-9,-8,-7,-2,-1",raw minus 1; 0-3 distress orientation,False,True,"{""1"": ""Not at all"", ""2"": ""No more than usual"", ""3"": ""Rather more than usual"", ""4"": ""Much more than usual"", ""-9"": ""missing"", ""-8"": ""inapplicable"", ""-2"": ""refusal"", ""-1"": ""don't know"", ""-7"": ""proxy""}",,,,,,,,,,
item_metadata,UKHLS,GHQ-12,7.0,7.0,enjoy_activities,A,g_scghqg,GHQ: enjoy day-to-day activities,"1,2,3,4","-9,-8,-7,-2,-1",raw minus 1; 0-3 distress orientation,True,True,"{""2"": ""Same as usual"", ""4"": ""Much less than usual"", ""1"": ""more so than usual"", ""3"": ""less so than usual"", ""-9"": ""missing"", ""-8"": ""inapplicable"", ""-2"": ""refusal"", ""-1"": ""don't know"", ""-7"": ""proxy""}",,,,,,,,,,
item_metadata,UKHLS,GHQ-12,7.0,8.0,face_problems,B,g_scghqh,GHQ: ability to face problems,"1,2,3,4","-9,-8,-7,-2,-1",raw minus 1; 0-3 distress orientation,True,True,"{""1"": ""More so than usual"", ""2"": ""Same as usual"", ""3"": ""Less able than usual"", ""4"": ""Much less able"", ""-9"": ""missing"", ""-8"": ""inapplicable"", ""-2"": ""refusal"", ""-1"": ""don't know"", ""-7"": ""proxy""}",,,,,,,,,,
item_metadata,UKHLS,GHQ-12,7.0,9.0,unhappy_depressed,A,g_scghqi,GHQ: unhappy or depressed,"1,2,3,4","-9,-8,-7,-2,-1",raw minus 1; 0-3 distress orientation,False,True,"{""1"": ""Not at all"", ""2"": ""No more than usual"", ""3"": ""Rather more than usual"", ""4"": ""Much more than usual"", ""-9"": ""missing"", ""-8"": ""inapplicable"", ""-2"": ""refusal"", ""-1"": ""don't know"", ""-7"": ""proxy""}",,,,,,,,,,
item_metadata,UKHLS,GHQ-12,7.0,10.0,losing_confidence,B,g_scghqj,GHQ: losing confidence,"1,2,3,4","-9,-8,-7,-2,-1",raw minus 1; 0-3 distress orientation,False,True,"{""1"": ""Not at all"", ""2"": ""No more than usual"", ""3"": ""Rather more than usual"", ""4"": ""Much more than usual"", ""-9"": ""missing"", ""-8"": ""inapplicable"", ""-2"": ""refusal"", ""-1"": ""don't know"", ""-7"": ""proxy""}",,,,,,,,,,
item_metadata,UKHLS,GHQ-12,7.0,11.0,worthless,B,g_scghqk,GHQ: believe worthless,"1,2,3,4","-9,-8,-7,-2,-1",raw minus 1; 0-3 distress orientation,False,True,"{""1"": ""Not at all"", ""2"": ""No more than usual"", ""3"": ""Rather more than usual"", ""4"": ""Much more than usual"", ""-9"": ""missing"", ""-8"": ""inapplicable"", ""-2"": ""refusal"", ""-1"": ""don't know"", ""-7"": ""proxy""}",,,,,,,,,,
item_metadata,UKHLS,GHQ-12,7.0,12.0,general_happiness,B,g_scghql,GHQ: general happiness,"1,2,3,4","-9,-8,-7,-2,-1",raw minus 1; 0-3 distress orientation,True,True,"{""1"": ""More so than usual"", ""2"": ""About the same as usual"", ""3"": ""Less so than usual"", ""4"": ""Much less than usual"", ""-9"": ""missing"", ""-8"": ""inapplicable"", ""-2"": ""refusal"", ""-1"": ""don't know"", ""-7"": ""proxy""}",,,,,,,,,,
item_metadata,UKHLS,GHQ-12,8.0,1.0,concentration,A,h_scghqa,GHQ: concentration,"1,2,3,4","-9,-8,-7,-2,-1",raw minus 1; 0-3 distress orientation,True,True,"{""1"": ""Better than usual"", ""2"": ""Same as usual"", ""3"": ""Less than usual"", ""4"": ""Much less than usual"", ""-9"": ""missing"", ""-8"": ""inapplicable"", ""-2"": ""refusal"", ""-1"": ""don't know"", ""-7"": ""proxy""}",,,,,,,,,,
item_metadata,UKHLS,GHQ-12,8.0,2.0,loss_of_sleep,A,h_scghqb,GHQ: loss of sleep,"1,2,3,4","-9,-8,-7,-2,-1",raw minus 1; 0-3 distress orientation,False,True,"{""1"": ""Not at all"", ""2"": ""No more than usual"", ""3"": ""Rather more than usual"", ""4"": ""Much more than usual"", ""-9"": ""missing"", ""-8"": ""inapplicable"", ""-2"": ""refusal"", ""-1"": ""don't know"", ""-7"": ""proxy""}",,,,,,,,,,
item_metadata,UKHLS,GHQ-12,8.0,3.0,useful_role,A,h_scghqc,GHQ: playing a useful role,"1,2,3,4","-9,-8,-7,-2,-1",raw minus 1; 0-3 distress orientation,True,True,"{""2"": ""Same as usual"", ""1"": ""more so than usual"", ""3"": ""less so than usual"", ""4"": ""much less than usual"", ""-9"": ""missing"", ""-8"": ""inapplicable"", ""-2"": ""refusal"", ""-1"": ""don't know"", ""-7"": ""proxy""}",,,,,,,,,,
item_metadata,UKHLS,GHQ-12,8.0,4.0,making_decisions,B,h_scghqd,GHQ: capable of making decisions,"1,2,3,4","-9,-8,-7,-2,-1",raw minus 1; 0-3 distress orientation,True,True,"{""1"": ""More so than usual"", ""2"": ""Same as usual"", ""3"": ""Less so than usual"", ""4"": ""Much less capable"", ""-9"": ""missing"", ""-8"": ""inapplicable"", ""-2"": ""refusal"", ""-1"": ""don't know"", ""-7"": ""proxy""}",,,,,,,,,,
item_metadata,UKHLS,GHQ-12,8.0,5.0,under_strain,A,h_scghqe,GHQ: constantly under strain,"1,2,3,4","-9,-8,-7,-2,-1",raw minus 1; 0-3 distress orientation,False,True,"{""1"": ""Not at all"", ""2"": ""No more than usual"", ""3"": ""Rather more than usual"", ""4"": ""Much more than usual"", ""-9"": ""missing"", ""-8"": ""inapplicable"", ""-2"": ""refusal"", ""-1"": ""don't know"", ""-7"": ""proxy""}",,,,,,,,,,
item_metadata,UKHLS,GHQ-12,8.0,6.0,overcoming_difficulties,B,h_scghqf,GHQ: problem overcoming difficulties,"1,2,3,4","-9,-8,-7,-2,-1",raw minus 1; 0-3 distress orientation,False,True,"{""1"": ""Not at all"", ""2"": ""No more than usual"", ""3"": ""Rather more than usual"", ""4"": ""Much more than usual"", ""-9"": ""missing"", ""-8"": ""inapplicable"", ""-2"": ""refusal"", ""-1"": ""don't know"", ""-7"": ""proxy""}",,,,,,,,,,
item_metadata,UKHLS,GHQ-12,8.0,7.0,enjoy_activities,A,h_scghqg,GHQ: enjoy day-to-day activities,"1,2,3,4","-9,-8,-7,-2,-1",raw minus 1; 0-3 distress orientation,True,True,"{""2"": ""Same as usual"", ""4"": ""Much less than usual"", ""1"": ""more so than usual"", ""3"": ""less so than usual"", ""-9"": ""missing"", ""-8"": ""inapplicable"", ""-2"": ""refusal"", ""-1"": ""don't know"", ""-7"": ""proxy""}",,,,,,,,,,
item_metadata,UKHLS,GHQ-12,8.0,8.0,face_problems,B,h_scghqh,GHQ: ability to face problems,"1,2,3,4","-9,-8,-7,-2,-1",raw minus 1; 0-3 distress orientation,True,True,"{""1"": ""More so than usual"", ""2"": ""Same as usual"", ""3"": ""Less able than usual"", ""4"": ""Much less able"", ""-9"": ""missing"", ""-8"": ""inapplicable"", ""-2"": ""refusal"", ""-1"": ""don't know"", ""-7"": ""proxy""}",,,,,,,,,,
item_metadata,UKHLS,GHQ-12,8.0,9.0,unhappy_depressed,A,h_scghqi,GHQ: unhappy or depressed,"1,2,3,4","-9,-8,-7,-2,-1",raw minus 1; 0-3 distress orientation,False,True,"{""1"": ""Not at all"", ""2"": ""No more than usual"", ""3"": ""Rather more than usual"", ""4"": ""Much more than usual"", ""-9"": ""missing"", ""-8"": ""inapplicable"", ""-2"": ""refusal"", ""-1"": ""don't know"", ""-7"": ""proxy""}",,,,,,,,,,
item_metadata,UKHLS,GHQ-12,8.0,10.0,losing_confidence,B,h_scghqj,GHQ: losing confidence,"1,2,3,4","-9,-8,-7,-2,-1",raw minus 1; 0-3 distress orientation,False,True,"{""1"": ""Not at all"", ""2"": ""No more than usual"", ""3"": ""Rather more than usual"", ""4"": ""Much more than usual"", ""-9"": ""missing"", ""-8"": ""inapplicable"", ""-2"": ""refusal"", ""-1"": ""don't know"", ""-7"": ""proxy""}",,,,,,,,,,
item_metadata,UKHLS,GHQ-12,8.0,11.0,worthless,B,h_scghqk,GHQ: believe worthless,"1,2,3,4","-9,-8,-7,-2,-1",raw minus 1; 0-3 distress orientation,False,True,"{""1"": ""Not at all"", ""2"": ""No more than usual"", ""3"": ""Rather more than usual"", ""4"": ""Much more than usual"", ""-9"": ""missing"", ""-8"": ""inapplicable"", ""-2"": ""refusal"", ""-1"": ""don't know"", ""-7"": ""proxy""}",,,,,,,,,,
item_metadata,UKHLS,GHQ-12,8.0,12.0,general_happiness,B,h_scghql,GHQ: general happiness,"1,2,3,4","-9,-8,-7,-2,-1",raw minus 1; 0-3 distress orientation,True,True,"{""1"": ""More so than usual"", ""2"": ""About the same as usual"", ""3"": ""Less so than usual"", ""4"": ""Much less than usual"", ""-9"": ""missing"", ""-8"": ""inapplicable"", ""-2"": ""refusal"", ""-1"": ""don't know"", ""-7"": ""proxy""}",,,,,,,,,,
item_metadata,UKHLS,GHQ-12,9.0,1.0,concentration,A,i_scghqa,GHQ: concentration,"1,2,3,4","-9,-8,-7,-2,-1",raw minus 1; 0-3 distress orientation,True,True,"{""1"": ""Better than usual"", ""2"": ""Same as usual"", ""3"": ""Less than usual"", ""4"": ""Much less than usual"", ""-9"": ""missing"", ""-8"": ""inapplicable"", ""-2"": ""refusal"", ""-1"": ""don't know"", ""-7"": ""proxy""}",,,,,,,,,,
item_metadata,UKHLS,GHQ-12,9.0,2.0,loss_of_sleep,A,i_scghqb,GHQ: loss of sleep,"1,2,3,4","-9,-8,-7,-2,-1",raw minus 1; 0-3 distress orientation,False,True,"{""1"": ""Not at all"", ""2"": ""No more than usual"", ""3"": ""Rather more than usual"", ""4"": ""Much more than usual"", ""-9"": ""missing"", ""-8"": ""inapplicable"", ""-2"": ""refusal"", ""-1"": ""don't know"", ""-7"": ""proxy""}",,,,,,,,,,
item_metadata,UKHLS,GHQ-12,9.0,3.0,useful_role,A,i_scghqc,GHQ: playing a useful role,"1,2,3,4","-9,-8,-7,-2,-1",raw minus 1; 0-3 distress orientation,True,True,"{""2"": ""Same as usual"", ""1"": ""more so than usual"", ""3"": ""less so than usual"", ""4"": ""much less than usual"", ""-9"": ""missing"", ""-8"": ""inapplicable"", ""-2"": ""refusal"", ""-1"": ""don't know"", ""-7"": ""proxy""}",,,,,,,,,,
item_metadata,UKHLS,GHQ-12,9.0,4.0,making_decisions,B,i_scghqd,GHQ: capable of making decisions,"1,2,3,4","-9,-8,-7,-2,-1",raw minus 1; 0-3 distress orientation,True,True,"{""1"": ""More so than usual"", ""2"": ""Same as usual"", ""3"": ""Less so than usual"", ""4"": ""Much less capable"", ""-9"": ""missing"", ""-8"": ""inapplicable"", ""-2"": ""refusal"", ""-1"": ""don't know"", ""-7"": ""proxy""}",,,,,,,,,,
item_metadata,UKHLS,GHQ-12,9.0,5.0,under_strain,A,i_scghqe,GHQ: constantly under strain,"1,2,3,4","-9,-8,-7,-2,-1",raw minus 1; 0-3 distress orientation,False,True,"{""1"": ""Not at all"", ""2"": ""No more than usual"", ""3"": ""Rather more than usual"", ""4"": ""Much more than usual"", ""-9"": ""missing"", ""-8"": ""inapplicable"", ""-2"": ""refusal"", ""-1"": ""don't know"", ""-7"": ""proxy""}",,,,,,,,,,
item_metadata,UKHLS,GHQ-12,9.0,6.0,overcoming_difficulties,B,i_scghqf,GHQ: problem overcoming difficulties,"1,2,3,4","-9,-8,-7,-2,-1",raw minus 1; 0-3 distress orientation,False,True,"{""1"": ""Not at all"", ""2"": ""No more than usual"", ""3"": ""Rather more than usual"", ""4"": ""Much more than usual"", ""-9"": ""missing"", ""-8"": ""inapplicable"", ""-2"": ""refusal"", ""-1"": ""don't know"", ""-7"": ""proxy""}",,,,,,,,,,
item_metadata,UKHLS,GHQ-12,9.0,7.0,enjoy_activities,A,i_scghqg,GHQ: enjoy day-to-day activities,"1,2,3,4","-9,-8,-7,-2,-1",raw minus 1; 0-3 distress orientation,True,True,"{""2"": ""Same as usual"", ""4"": ""Much less than usual"", ""1"": ""more so than usual"", ""3"": ""less so than usual"", ""-9"": ""missing"", ""-8"": ""inapplicable"", ""-2"": ""refusal"", ""-1"": ""don't know"", ""-7"": ""proxy""}",,,,,,,,,,
item_metadata,UKHLS,GHQ-12,9.0,8.0,face_problems,B,i_scghqh,GHQ: ability to face problems,"1,2,3,4","-9,-8,-7,-2,-1",raw minus 1; 0-3 distress orientation,True,True,"{""1"": ""More so than usual"", ""2"": ""Same as usual"", ""3"": ""Less able than usual"", ""4"": ""Much less able"", ""-9"": ""missing"", ""-8"": ""inapplicable"", ""-2"": ""refusal"", ""-1"": ""don't know"", ""-7"": ""proxy""}",,,,,,,,,,
item_metadata,UKHLS,GHQ-12,9.0,9.0,unhappy_depressed,A,i_scghqi,GHQ: unhappy or depressed,"1,2,3,4","-9,-8,-7,-2,-1",raw minus 1; 0-3 distress orientation,False,True,"{""1"": ""Not at all"", ""2"": ""No more than usual"", ""3"": ""Rather more than usual"", ""4"": ""Much more than usual"", ""-9"": ""missing"", ""-8"": ""inapplicable"", ""-2"": ""refusal"", ""-1"": ""don't know"", ""-7"": ""proxy""}",,,,,,,,,,
item_metadata,UKHLS,GHQ-12,9.0,10.0,losing_confidence,B,i_scghqj,GHQ: losing confidence,"1,2,3,4","-9,-8,-7,-2,-1",raw minus 1; 0-3 distress orientation,False,True,"{""1"": ""Not at all"", ""2"": ""No more than usual"", ""3"": ""Rather more than usual"", ""4"": ""Much more than usual"", ""-9"": ""missing"", ""-8"": ""inapplicable"", ""-2"": ""refusal"", ""-1"": ""don't know"", ""-7"": ""proxy""}",,,,,,,,,,
item_metadata,UKHLS,GHQ-12,9.0,11.0,worthless,B,i_scghqk,GHQ: believe worthless,"1,2,3,4","-9,-8,-7,-2,-1",raw minus 1; 0-3 distress orientation,False,True,"{""1"": ""Not at all"", ""2"": ""No more than usual"", ""3"": ""Rather more than usual"", ""4"": ""Much more than usual"", ""-9"": ""missing"", ""-8"": ""inapplicable"", ""-2"": ""refusal"", ""-1"": ""don't know"", ""-7"": ""proxy""}",,,,,,,,,,
item_metadata,UKHLS,GHQ-12,9.0,12.0,general_happiness,B,i_scghql,GHQ: general happiness,"1,2,3,4","-9,-8,-7,-2,-1",raw minus 1; 0-3 distress orientation,True,True,"{""1"": ""More so than usual"", ""2"": ""About the same as usual"", ""3"": ""Less so than usual"", ""4"": ""Much less than usual"", ""-9"": ""missing"", ""-8"": ""inapplicable"", ""-2"": ""refusal"", ""-1"": ""don't know"", ""-7"": ""proxy""}",,,,,,,,,,
item_metadata,UKHLS,GHQ-12,10.0,1.0,concentration,A,j_scghqa,GHQ: concentration,"1,2,3,4","-9,-8,-7,-2,-1",raw minus 1; 0-3 distress orientation,True,True,"{""1"": ""Better than usual"", ""2"": ""Same as usual"", ""3"": ""Less than usual"", ""4"": ""Much less than usual"", ""-9"": ""missing"", ""-8"": ""inapplicable"", ""-2"": ""refusal"", ""-1"": ""don't know"", ""-7"": ""proxy""}",,,,,,,,,,
item_metadata,UKHLS,GHQ-12,10.0,2.0,loss_of_sleep,A,j_scghqb,GHQ: loss of sleep,"1,2,3,4","-9,-8,-7,-2,-1",raw minus 1; 0-3 distress orientation,False,True,"{""1"": ""Not at all"", ""2"": ""No more than usual"", ""3"": ""Rather more than usual"", ""4"": ""Much more than usual"", ""-9"": ""missing"", ""-8"": ""inapplicable"", ""-2"": ""refusal"", ""-1"": ""don't know"", ""-7"": ""proxy""}",,,,,,,,,,
item_metadata,UKHLS,GHQ-12,10.0,3.0,useful_role,A,j_scghqc,GHQ: playing a useful role,"1,2,3,4","-9,-8,-7,-2,-1",raw minus 1; 0-3 distress orientation,True,True,"{""2"": ""Same as usual"", ""1"": ""more so than usual"", ""3"": ""less so than usual"", ""4"": ""much less than usual"", ""-9"": ""missing"", ""-8"": ""inapplicable"", ""-2"": ""refusal"", ""-1"": ""don't know"", ""-7"": ""proxy""}",,,,,,,,,,
item_metadata,UKHLS,GHQ-12,10.0,4.0,making_decisions,B,j_scghqd,GHQ: capable of making decisions,"1,2,3,4","-9,-8,-7,-2,-1",raw minus 1; 0-3 distress orientation,True,True,"{""1"": ""More so than usual"", ""2"": ""Same as usual"", ""3"": ""Less so than usual"", ""4"": ""Much less capable"", ""-9"": ""missing"", ""-8"": ""inapplicable"", ""-2"": ""refusal"", ""-1"": ""don't know"", ""-7"": ""proxy""}",,,,,,,,,,
item_metadata,UKHLS,GHQ-12,10.0,5.0,under_strain,A,j_scghqe,GHQ: constantly under strain,"1,2,3,4","-9,-8,-7,-2,-1",raw minus 1; 0-3 distress orientation,False,True,"{""1"": ""Not at all"", ""2"": ""No more than usual"", ""3"": ""Rather more than usual"", ""4"": ""Much more than usual"", ""-9"": ""missing"", ""-8"": ""inapplicable"", ""-2"": ""refusal"", ""-1"": ""don't know"", ""-7"": ""proxy""}",,,,,,,,,,
item_metadata,UKHLS,GHQ-12,10.0,6.0,overcoming_difficulties,B,j_scghqf,GHQ: problem overcoming difficulties,"1,2,3,4","-9,-8,-7,-2,-1",raw minus 1; 0-3 distress orientation,False,True,"{""1"": ""Not at all"", ""2"": ""No more than usual"", ""3"": ""Rather more than usual"", ""4"": ""Much more than usual"", ""-9"": ""missing"", ""-8"": ""inapplicable"", ""-2"": ""refusal"", ""-1"": ""don't know"", ""-7"": ""proxy""}",,,,,,,,,,
item_metadata,UKHLS,GHQ-12,10.0,7.0,enjoy_activities,A,j_scghqg,GHQ: enjoy day-to-day activities,"1,2,3,4","-9,-8,-7,-2,-1",raw minus 1; 0-3 distress orientation,True,True,"{""2"": ""Same as usual"", ""4"": ""Much less than usual"", ""1"": ""more so than usual"", ""3"": ""less so than usual"", ""-9"": ""missing"", ""-8"": ""inapplicable"", ""-2"": ""refusal"", ""-1"": ""don't know"", ""-7"": ""proxy""}",,,,,,,,,,
item_metadata,UKHLS,GHQ-12,10.0,8.0,face_problems,B,j_scghqh,GHQ: ability to face problems,"1,2,3,4","-9,-8,-7,-2,-1",raw minus 1; 0-3 distress orientation,True,True,"{""1"": ""More so than usual"", ""2"": ""Same as usual"", ""3"": ""Less able than usual"", ""4"": ""Much less able"", ""-9"": ""missing"", ""-8"": ""inapplicable"", ""-2"": ""refusal"", ""-1"": ""don't know"", ""-7"": ""proxy""}",,,,,,,,,,
item_metadata,UKHLS,GHQ-12,10.0,9.0,unhappy_depressed,A,j_scghqi,GHQ: unhappy or depressed,"1,2,3,4","-9,-8,-7,-2,-1",raw minus 1; 0-3 distress orientation,False,True,"{""1"": ""Not at all"", ""2"": ""No more than usual"", ""3"": ""Rather more than usual"", ""4"": ""Much more than usual"", ""-9"": ""missing"", ""-8"": ""inapplicable"", ""-2"": ""refusal"", ""-1"": ""don't know"", ""-7"": ""proxy""}",,,,,,,,,,
item_metadata,UKHLS,GHQ-12,10.0,10.0,losing_confidence,B,j_scghqj,GHQ: losing confidence,"1,2,3,4","-9,-8,-7,-2,-1",raw minus 1; 0-3 distress orientation,False,True,"{""1"": ""Not at all"", ""2"": ""No more than usual"", ""3"": ""Rather more than usual"", ""4"": ""Much more than usual"", ""-9"": ""missing"", ""-8"": ""inapplicable"", ""-2"": ""refusal"", ""-1"": ""don't know"", ""-7"": ""proxy""}",,,,,,,,,,
item_metadata,UKHLS,GHQ-12,10.0,11.0,worthless,B,j_scghqk,GHQ: believe worthless,"1,2,3,4","-9,-8,-7,-2,-1",raw minus 1; 0-3 distress orientation,False,True,"{""1"": ""Not at all"", ""2"": ""No more than usual"", ""3"": ""Rather more than usual"", ""4"": ""Much more than usual"", ""-9"": ""missing"", ""-8"": ""inapplicable"", ""-2"": ""refusal"", ""-1"": ""don't know"", ""-7"": ""proxy""}",,,,,,,,,,
item_metadata,UKHLS,GHQ-12,10.0,12.0,general_happiness,B,j_scghql,GHQ: general happiness,"1,2,3,4","-9,-8,-7,-2,-1",raw minus 1; 0-3 distress orientation,True,True,"{""1"": ""More so than usual"", ""2"": ""About the same as usual"", ""3"": ""Less so than usual"", ""4"": ""Much less than usual"", ""-9"": ""missing"", ""-8"": ""inapplicable"", ""-2"": ""refusal"", ""-1"": ""don't know"", ""-7"": ""proxy""}",,,,,,,,,,
item_metadata,UKHLS,GHQ-12,11.0,1.0,concentration,A,k_scghqa,GHQ: concentration,"1,2,3,4","-9,-8,-7,-2,-1",raw minus 1; 0-3 distress orientation,True,True,"{""1"": ""Better than usual"", ""2"": ""Same as usual"", ""3"": ""Less than usual"", ""4"": ""Much less than usual"", ""-9"": ""missing"", ""-8"": ""inapplicable"", ""-2"": ""refusal"", ""-1"": ""don't know"", ""-7"": ""proxy""}",,,,,,,,,,
item_metadata,UKHLS,GHQ-12,11.0,2.0,loss_of_sleep,A,k_scghqb,GHQ: loss of sleep,"1,2,3,4","-9,-8,-7,-2,-1",raw minus 1; 0-3 distress orientation,False,True,"{""1"": ""Not at all"", ""2"": ""No more than usual"", ""3"": ""Rather more than usual"", ""4"": ""Much more than usual"", ""-9"": ""missing"", ""-8"": ""inapplicable"", ""-2"": ""refusal"", ""-1"": ""don't know"", ""-7"": ""proxy""}",,,,,,,,,,
item_metadata,UKHLS,GHQ-12,11.0,3.0,useful_role,A,k_scghqc,GHQ: playing a useful role,"1,2,3,4","-9,-8,-7,-2,-1",raw minus 1; 0-3 distress orientation,True,True,"{""2"": ""Same as usual"", ""1"": ""more so than usual"", ""3"": ""less so than usual"", ""4"": ""much less than usual"", ""-9"": ""missing"", ""-8"": ""inapplicable"", ""-2"": ""refusal"", ""-1"": ""don't know"", ""-7"": ""proxy""}",,,,,,,,,,
item_metadata,UKHLS,GHQ-12,11.0,4.0,making_decisions,B,k_scghqd,GHQ: capable of making decisions,"1,2,3,4","-9,-8,-7,-2,-1",raw minus 1; 0-3 distress orientation,True,True,"{""1"": ""More so than usual"", ""2"": ""Same as usual"", ""3"": ""Less so than usual"", ""4"": ""Much less capable"", ""-9"": ""missing"", ""-8"": ""inapplicable"", ""-2"": ""refusal"", ""-1"": ""don't know"", ""-7"": ""proxy""}",,,,,,,,,,
item_metadata,UKHLS,GHQ-12,11.0,5.0,under_strain,A,k_scghqe,GHQ: constantly under strain,"1,2,3,4","-9,-8,-7,-2,-1",raw minus 1; 0-3 distress orientation,False,True,"{""1"": ""Not at all"", ""2"": ""No more than usual"", ""3"": ""Rather more than usual"", ""4"": ""Much more than usual"", ""-9"": ""missing"", ""-8"": ""inapplicable"", ""-2"": ""refusal"", ""-1"": ""don't know"", ""-7"": ""proxy""}",,,,,,,,,,
item_metadata,UKHLS,GHQ-12,11.0,6.0,overcoming_difficulties,B,k_scghqf,GHQ: problem overcoming difficulties,"1,2,3,4","-9,-8,-7,-2,-1",raw minus 1; 0-3 distress orientation,False,True,"{""1"": ""Not at all"", ""2"": ""No more than usual"", ""3"": ""Rather more than usual"", ""4"": ""Much more than usual"", ""-9"": ""missing"", ""-8"": ""inapplicable"", ""-2"": ""refusal"", ""-1"": ""don't know"", ""-7"": ""proxy""}",,,,,,,,,,
item_metadata,UKHLS,GHQ-12,11.0,7.0,enjoy_activities,A,k_scghqg,GHQ: enjoy day-to-day activities,"1,2,3,4","-9,-8,-7,-2,-1",raw minus 1; 0-3 distress orientation,True,True,"{""2"": ""Same as usual"", ""4"": ""Much less than usual"", ""1"": ""more so than usual"", ""3"": ""less so than usual"", ""-9"": ""missing"", ""-8"": ""inapplicable"", ""-2"": ""refusal"", ""-1"": ""don't know"", ""-7"": ""proxy""}",,,,,,,,,,
item_metadata,UKHLS,GHQ-12,11.0,8.0,face_problems,B,k_scghqh,GHQ: ability to face problems,"1,2,3,4","-9,-8,-7,-2,-1",raw minus 1; 0-3 distress orientation,True,True,"{""1"": ""More so than usual"", ""2"": ""Same as usual"", ""3"": ""Less able than usual"", ""4"": ""Much less able"", ""-9"": ""missing"", ""-8"": ""inapplicable"", ""-2"": ""refusal"", ""-1"": ""don't know"", ""-7"": ""proxy""}",,,,,,,,,,
item_metadata,UKHLS,GHQ-12,11.0,9.0,unhappy_depressed,A,k_scghqi,GHQ: unhappy or depressed,"1,2,3,4","-9,-8,-7,-2,-1",raw minus 1; 0-3 distress orientation,False,True,"{""1"": ""Not at all"", ""2"": ""No more than usual"", ""3"": ""Rather more than usual"", ""4"": ""Much more than usual"", ""-9"": ""missing"", ""-8"": ""inapplicable"", ""-2"": ""refusal"", ""-1"": ""don't know"", ""-7"": ""proxy""}",,,,,,,,,,
item_metadata,UKHLS,GHQ-12,11.0,10.0,losing_confidence,B,k_scghqj,GHQ: losing confidence,"1,2,3,4","-9,-8,-7,-2,-1",raw minus 1; 0-3 distress orientation,False,True,"{""1"": ""Not at all"", ""2"": ""No more than usual"", ""3"": ""Rather more than usual"", ""4"": ""Much more than usual"", ""-9"": ""missing"", ""-8"": ""inapplicable"", ""-2"": ""refusal"", ""-1"": ""don't know"", ""-7"": ""proxy""}",,,,,,,,,,
item_metadata,UKHLS,GHQ-12,11.0,11.0,worthless,B,k_scghqk,GHQ: believe worthless,"1,2,3,4","-9,-8,-7,-2,-1",raw minus 1; 0-3 distress orientation,False,True,"{""1"": ""Not at all"", ""2"": ""No more than usual"", ""3"": ""Rather more than usual"", ""4"": ""Much more than usual"", ""-9"": ""missing"", ""-8"": ""inapplicable"", ""-2"": ""refusal"", ""-1"": ""don't know"", ""-7"": ""proxy""}",,,,,,,,,,
item_metadata,UKHLS,GHQ-12,11.0,12.0,general_happiness,B,k_scghql,GHQ: general happiness,"1,2,3,4","-9,-8,-7,-2,-1",raw minus 1; 0-3 distress orientation,True,True,"{""1"": ""More so than usual"", ""2"": ""About the same as usual"", ""3"": ""Less so than usual"", ""4"": ""Much less than usual"", ""-9"": ""missing"", ""-8"": ""inapplicable"", ""-2"": ""refusal"", ""-1"": ""don't know"", ""-7"": ""proxy""}",,,,,,,,,,
item_metadata,UKHLS,GHQ-12,12.0,1.0,concentration,A,l_scghqa,GHQ: concentration,"1,2,3,4","-9,-8,-7,-2,-1",raw minus 1; 0-3 distress orientation,True,True,"{""1"": ""Better than usual"", ""2"": ""Same as usual"", ""3"": ""Less than usual"", ""4"": ""Much less than usual"", ""-9"": ""missing"", ""-8"": ""inapplicable"", ""-2"": ""refusal"", ""-1"": ""don't know"", ""-7"": ""proxy""}",,,,,,,,,,
item_metadata,UKHLS,GHQ-12,12.0,2.0,loss_of_sleep,A,l_scghqb,GHQ: loss of sleep,"1,2,3,4","-9,-8,-7,-2,-1",raw minus 1; 0-3 distress orientation,False,True,"{""1"": ""Not at all"", ""2"": ""No more than usual"", ""3"": ""Rather more than usual"", ""4"": ""Much more than usual"", ""-9"": ""missing"", ""-8"": ""inapplicable"", ""-2"": ""refusal"", ""-1"": ""don't know"", ""-7"": ""proxy""}",,,,,,,,,,
item_metadata,UKHLS,GHQ-12,12.0,3.0,useful_role,A,l_scghqc,GHQ: playing a useful role,"1,2,3,4","-9,-8,-7,-2,-1",raw minus 1; 0-3 distress orientation,True,True,"{""2"": ""Same as usual"", ""1"": ""more so than usual"", ""3"": ""less so than usual"", ""4"": ""much less than usual"", ""-9"": ""missing"", ""-8"": ""inapplicable"", ""-2"": ""refusal"", ""-1"": ""don't know"", ""-7"": ""proxy""}",,,,,,,,,,
item_metadata,UKHLS,GHQ-12,12.0,4.0,making_decisions,B,l_scghqd,GHQ: capable of making decisions,"1,2,3,4","-9,-8,-7,-2,-1",raw minus 1; 0-3 distress orientation,True,True,"{""1"": ""More so than usual"", ""2"": ""Same as usual"", ""3"": ""Less so than usual"", ""4"": ""Much less capable"", ""-9"": ""missing"", ""-8"": ""inapplicable"", ""-2"": ""refusal"", ""-1"": ""don't know"", ""-7"": ""proxy""}",,,,,,,,,,
item_metadata,UKHLS,GHQ-12,12.0,5.0,under_strain,A,l_scghqe,GHQ: constantly under strain,"1,2,3,4","-9,-8,-7,-2,-1",raw minus 1; 0-3 distress orientation,False,True,"{""1"": ""Not at all"", ""2"": ""No more than usual"", ""3"": ""Rather more than usual"", ""4"": ""Much more than usual"", ""-9"": ""missing"", ""-8"": ""inapplicable"", ""-2"": ""refusal"", ""-1"": ""don't know"", ""-7"": ""proxy""}",,,,,,,,,,
item_metadata,UKHLS,GHQ-12,12.0,6.0,overcoming_difficulties,B,l_scghqf,GHQ: problem overcoming difficulties,"1,2,3,4","-9,-8,-7,-2,-1",raw minus 1; 0-3 distress orientation,False,True,"{""1"": ""Not at all"", ""2"": ""No more than usual"", ""3"": ""Rather more than usual"", ""4"": ""Much more than usual"", ""-9"": ""missing"", ""-8"": ""inapplicable"", ""-2"": ""refusal"", ""-1"": ""don't know"", ""-7"": ""proxy""}",,,,,,,,,,
item_metadata,UKHLS,GHQ-12,12.0,7.0,enjoy_activities,A,l_scghqg,GHQ: enjoy day-to-day activities,"1,2,3,4","-9,-8,-7,-2,-1",raw minus 1; 0-3 distress orientation,True,True,"{""2"": ""Same as usual"", ""4"": ""Much less than usual"", ""1"": ""more so than usual"", ""3"": ""less so than usual"", ""-9"": ""missing"", ""-8"": ""inapplicable"", ""-2"": ""refusal"", ""-1"": ""don't know"", ""-7"": ""proxy""}",,,,,,,,,,
item_metadata,UKHLS,GHQ-12,12.0,8.0,face_problems,B,l_scghqh,GHQ: ability to face problems,"1,2,3,4","-9,-8,-7,-2,-1",raw minus 1; 0-3 distress orientation,True,True,"{""1"": ""More so than usual"", ""2"": ""Same as usual"", ""3"": ""Less able than usual"", ""4"": ""Much less able"", ""-9"": ""missing"", ""-8"": ""inapplicable"", ""-2"": ""refusal"", ""-1"": ""don't know"", ""-7"": ""proxy""}",,,,,,,,,,
item_metadata,UKHLS,GHQ-12,12.0,9.0,unhappy_depressed,A,l_scghqi,GHQ: unhappy or depressed,"1,2,3,4","-9,-8,-7,-2,-1",raw minus 1; 0-3 distress orientation,False,True,"{""1"": ""Not at all"", ""2"": ""No more than usual"", ""3"": ""Rather more than usual"", ""4"": ""Much more than usual"", ""-9"": ""missing"", ""-8"": ""inapplicable"", ""-2"": ""refusal"", ""-1"": ""don't know"", ""-7"": ""proxy""}",,,,,,,,,,
item_metadata,UKHLS,GHQ-12,12.0,10.0,losing_confidence,B,l_scghqj,GHQ: losing confidence,"1,2,3,4","-9,-8,-7,-2,-1",raw minus 1; 0-3 distress orientation,False,True,"{""1"": ""Not at all"", ""2"": ""No more than usual"", ""3"": ""Rather more than usual"", ""4"": ""Much more than usual"", ""-9"": ""missing"", ""-8"": ""inapplicable"", ""-2"": ""refusal"", ""-1"": ""don't know"", ""-7"": ""proxy""}",,,,,,,,,,
item_metadata,UKHLS,GHQ-12,12.0,11.0,worthless,B,l_scghqk,GHQ: believe worthless,"1,2,3,4","-9,-8,-7,-2,-1",raw minus 1; 0-3 distress orientation,False,True,"{""1"": ""Not at all"", ""2"": ""No more than usual"", ""3"": ""Rather more than usual"", ""4"": ""Much more than usual"", ""-9"": ""missing"", ""-8"": ""inapplicable"", ""-2"": ""refusal"", ""-1"": ""don't know"", ""-7"": ""proxy""}",,,,,,,,,,
item_metadata,UKHLS,GHQ-12,12.0,12.0,general_happiness,B,l_scghql,GHQ: general happiness,"1,2,3,4","-9,-8,-7,-2,-1",raw minus 1; 0-3 distress orientation,True,True,"{""1"": ""More so than usual"", ""2"": ""About the same as usual"", ""3"": ""Less so than usual"", ""4"": ""Much less than usual"", ""-9"": ""missing"", ""-8"": ""inapplicable"", ""-2"": ""refusal"", ""-1"": ""don't know"", ""-7"": ""proxy""}",,,,,,,,,,
item_metadata,UKHLS,GHQ-12,13.0,1.0,concentration,A,m_scghqa,GHQ: concentration,"1,2,3,4","-9,-8,-7,-2,-1",raw minus 1; 0-3 distress orientation,True,True,"{""1"": ""Better than usual"", ""2"": ""Same as usual"", ""3"": ""Less than usual"", ""4"": ""Much less than usual"", ""-9"": ""missing"", ""-8"": ""inapplicable"", ""-2"": ""refusal"", ""-1"": ""don't know"", ""-7"": ""proxy""}",,,,,,,,,,
item_metadata,UKHLS,GHQ-12,13.0,2.0,loss_of_sleep,A,m_scghqb,GHQ: loss of sleep,"1,2,3,4","-9,-8,-7,-2,-1",raw minus 1; 0-3 distress orientation,False,True,"{""1"": ""Not at all"", ""2"": ""No more than usual"", ""3"": ""Rather more than usual"", ""4"": ""Much more than usual"", ""-9"": ""missing"", ""-8"": ""inapplicable"", ""-2"": ""refusal"", ""-1"": ""don't know"", ""-7"": ""proxy""}",,,,,,,,,,
item_metadata,UKHLS,GHQ-12,13.0,3.0,useful_role,A,m_scghqc,GHQ: playing a useful role,"1,2,3,4","-9,-8,-7,-2,-1",raw minus 1; 0-3 distress orientation,True,True,"{""2"": ""Same as usual"", ""1"": ""more so than usual"", ""3"": ""less so than usual"", ""4"": ""much less than usual"", ""-9"": ""missing"", ""-8"": ""inapplicable"", ""-2"": ""refusal"", ""-1"": ""don't know"", ""-7"": ""proxy""}",,,,,,,,,,
item_metadata,UKHLS,GHQ-12,13.0,4.0,making_decisions,B,m_scghqd,GHQ: capable of making decisions,"1,2,3,4","-9,-8,-7,-2,-1",raw minus 1; 0-3 distress orientation,True,True,"{""1"": ""More so than usual"", ""2"": ""Same as usual"", ""3"": ""Less so than usual"", ""4"": ""Much less capable"", ""-9"": ""missing"", ""-8"": ""inapplicable"", ""-2"": ""refusal"", ""-1"": ""don't know"", ""-7"": ""proxy""}",,,,,,,,,,
item_metadata,UKHLS,GHQ-12,13.0,5.0,under_strain,A,m_scghqe,GHQ: constantly under strain,"1,2,3,4","-9,-8,-7,-2,-1",raw minus 1; 0-3 distress orientation,False,True,"{""1"": ""Not at all"", ""2"": ""No more than usual"", ""3"": ""Rather more than usual"", ""4"": ""Much more than usual"", ""-9"": ""missing"", ""-8"": ""inapplicable"", ""-2"": ""refusal"", ""-1"": ""don't know"", ""-7"": ""proxy""}",,,,,,,,,,
item_metadata,UKHLS,GHQ-12,13.0,6.0,overcoming_difficulties,B,m_scghqf,GHQ: problem overcoming difficulties,"1,2,3,4","-9,-8,-7,-2,-1",raw minus 1; 0-3 distress orientation,False,True,"{""1"": ""Not at all"", ""2"": ""No more than usual"", ""3"": ""Rather more than usual"", ""4"": ""Much more than usual"", ""-9"": ""missing"", ""-8"": ""inapplicable"", ""-2"": ""refusal"", ""-1"": ""don't know"", ""-7"": ""proxy""}",,,,,,,,,,
item_metadata,UKHLS,GHQ-12,13.0,7.0,enjoy_activities,A,m_scghqg,GHQ: enjoy day-to-day activities,"1,2,3,4","-9,-8,-7,-2,-1",raw minus 1; 0-3 distress orientation,True,True,"{""2"": ""Same as usual"", ""4"": ""Much less than usual"", ""1"": ""more so than usual"", ""3"": ""less so than usual"", ""-9"": ""missing"", ""-8"": ""inapplicable"", ""-2"": ""refusal"", ""-1"": ""don't know"", ""-7"": ""proxy""}",,,,,,,,,,
item_metadata,UKHLS,GHQ-12,13.0,8.0,face_problems,B,m_scghqh,GHQ: ability to face problems,"1,2,3,4","-9,-8,-7,-2,-1",raw minus 1; 0-3 distress orientation,True,True,"{""1"": ""More so than usual"", ""2"": ""Same as usual"", ""3"": ""Less able than usual"", ""4"": ""Much less able"", ""-9"": ""missing"", ""-8"": ""inapplicable"", ""-2"": ""refusal"", ""-1"": ""don't know"", ""-7"": ""proxy""}",,,,,,,,,,
item_metadata,UKHLS,GHQ-12,13.0,9.0,unhappy_depressed,A,m_scghqi,GHQ: unhappy or depressed,"1,2,3,4","-9,-8,-7,-2,-1",raw minus 1; 0-3 distress orientation,False,True,"{""1"": ""Not at all"", ""2"": ""No more than usual"", ""3"": ""Rather more than usual"", ""4"": ""Much more than usual"", ""-9"": ""missing"", ""-8"": ""inapplicable"", ""-2"": ""refusal"", ""-1"": ""don't know"", ""-7"": ""proxy""}",,,,,,,,,,
item_metadata,UKHLS,GHQ-12,13.0,10.0,losing_confidence,B,m_scghqj,GHQ: losing confidence,"1,2,3,4","-9,-8,-7,-2,-1",raw minus 1; 0-3 distress orientation,False,True,"{""1"": ""Not at all"", ""2"": ""No more than usual"", ""3"": ""Rather more than usual"", ""4"": ""Much more than usual"", ""-9"": ""missing"", ""-8"": ""inapplicable"", ""-2"": ""refusal"", ""-1"": ""don't know"", ""-7"": ""proxy""}",,,,,,,,,,
item_metadata,UKHLS,GHQ-12,13.0,11.0,worthless,B,m_scghqk,GHQ: believe worthless,"1,2,3,4","-9,-8,-7,-2,-1",raw minus 1; 0-3 distress orientation,False,True,"{""1"": ""Not at all"", ""2"": ""No more than usual"", ""3"": ""Rather more than usual"", ""4"": ""Much more than usual"", ""-9"": ""missing"", ""-8"": ""inapplicable"", ""-2"": ""refusal"", ""-1"": ""don't know"", ""-7"": ""proxy""}",,,,,,,,,,
item_metadata,UKHLS,GHQ-12,13.0,12.0,general_happiness,B,m_scghql,GHQ: general happiness,"1,2,3,4","-9,-8,-7,-2,-1",raw minus 1; 0-3 distress orientation,True,True,"{""1"": ""More so than usual"", ""2"": ""About the same as usual"", ""3"": ""Less so than usual"", ""4"": ""Much less than usual"", ""-9"": ""missing"", ""-8"": ""inapplicable"", ""-2"": ""refusal"", ""-1"": ""don't know"", ""-7"": ""proxy""}",,,,,,,,,,
item_metadata,UKHLS,GHQ-12,14.0,1.0,concentration,A,n_scghqa,GHQ: concentration,"1,2,3,4","-9,-8,-7,-2,-1",raw minus 1; 0-3 distress orientation,True,True,"{""1"": ""Better than usual"", ""2"": ""Same as usual"", ""3"": ""Less than usual"", ""4"": ""Much less than usual"", ""-9"": ""missing"", ""-8"": ""inapplicable"", ""-2"": ""refusal"", ""-1"": ""don't know"", ""-7"": ""proxy""}",,,,,,,,,,
item_metadata,UKHLS,GHQ-12,14.0,2.0,loss_of_sleep,A,n_scghqb,GHQ: loss of sleep,"1,2,3,4","-9,-8,-7,-2,-1",raw minus 1; 0-3 distress orientation,False,True,"{""1"": ""Not at all"", ""2"": ""No more than usual"", ""3"": ""Rather more than usual"", ""4"": ""Much more than usual"", ""-9"": ""missing"", ""-8"": ""inapplicable"", ""-2"": ""refusal"", ""-1"": ""don't know"", ""-7"": ""proxy""}",,,,,,,,,,
item_metadata,UKHLS,GHQ-12,14.0,3.0,useful_role,A,n_scghqc,GHQ: playing a useful role,"1,2,3,4","-9,-8,-7,-2,-1",raw minus 1; 0-3 distress orientation,True,True,"{""2"": ""Same as usual"", ""1"": ""more so than usual"", ""3"": ""less so than usual"", ""4"": ""much less than usual"", ""-9"": ""missing"", ""-8"": ""inapplicable"", ""-2"": ""refusal"", ""-1"": ""don't know"", ""-7"": ""proxy""}",,,,,,,,,,
item_metadata,UKHLS,GHQ-12,14.0,4.0,making_decisions,B,n_scghqd,GHQ: capable of making decisions,"1,2,3,4","-9,-8,-7,-2,-1",raw minus 1; 0-3 distress orientation,True,True,"{""1"": ""More so than usual"", ""2"": ""Same as usual"", ""3"": ""Less so than usual"", ""4"": ""Much less capable"", ""-9"": ""missing"", ""-8"": ""inapplicable"", ""-2"": ""refusal"", ""-1"": ""don't know"", ""-7"": ""proxy""}",,,,,,,,,,
item_metadata,UKHLS,GHQ-12,14.0,5.0,under_strain,A,n_scghqe,GHQ: constantly under strain,"1,2,3,4","-9,-8,-7,-2,-1",raw minus 1; 0-3 distress orientation,False,True,"{""1"": ""Not at all"", ""2"": ""No more than usual"", ""3"": ""Rather more than usual"", ""4"": ""Much more than usual"", ""-9"": ""missing"", ""-8"": ""inapplicable"", ""-2"": ""refusal"", ""-1"": ""don't know"", ""-7"": ""proxy""}",,,,,,,,,,
item_metadata,UKHLS,GHQ-12,14.0,6.0,overcoming_difficulties,B,n_scghqf,GHQ: problem overcoming difficulties,"1,2,3,4","-9,-8,-7,-2,-1",raw minus 1; 0-3 distress orientation,False,True,"{""1"": ""Not at all"", ""2"": ""No more than usual"", ""3"": ""Rather more than usual"", ""4"": ""Much more than usual"", ""-9"": ""missing"", ""-8"": ""inapplicable"", ""-2"": ""refusal"", ""-1"": ""don't know"", ""-7"": ""proxy""}",,,,,,,,,,
item_metadata,UKHLS,GHQ-12,14.0,7.0,enjoy_activities,A,n_scghqg,GHQ: enjoy day-to-day activities,"1,2,3,4","-9,-8,-7,-2,-1",raw minus 1; 0-3 distress orientation,True,True,"{""2"": ""Same as usual"", ""4"": ""Much less than usual"", ""1"": ""more so than usual"", ""3"": ""less so than usual"", ""-9"": ""missing"", ""-8"": ""inapplicable"", ""-2"": ""refusal"", ""-1"": ""don't know"", ""-7"": ""proxy""}",,,,,,,,,,
item_metadata,UKHLS,GHQ-12,14.0,8.0,face_problems,B,n_scghqh,GHQ: ability to face problems,"1,2,3,4","-9,-8,-7,-2,-1",raw minus 1; 0-3 distress orientation,True,True,"{""1"": ""More so than usual"", ""2"": ""Same as usual"", ""3"": ""Less able than usual"", ""4"": ""Much less able"", ""-9"": ""missing"", ""-8"": ""inapplicable"", ""-2"": ""refusal"", ""-1"": ""don't know"", ""-7"": ""proxy""}",,,,,,,,,,
item_metadata,UKHLS,GHQ-12,14.0,9.0,unhappy_depressed,A,n_scghqi,GHQ: unhappy or depressed,"1,2,3,4","-9,-8,-7,-2,-1",raw minus 1; 0-3 distress orientation,False,True,"{""1"": ""Not at all"", ""2"": ""No more than usual"", ""3"": ""Rather more than usual"", ""4"": ""Much more than usual"", ""-9"": ""missing"", ""-8"": ""inapplicable"", ""-2"": ""refusal"", ""-1"": ""don't know"", ""-7"": ""proxy""}",,,,,,,,,,
item_metadata,UKHLS,GHQ-12,14.0,10.0,losing_confidence,B,n_scghqj,GHQ: losing confidence,"1,2,3,4","-9,-8,-7,-2,-1",raw minus 1; 0-3 distress orientation,False,True,"{""1"": ""Not at all"", ""2"": ""No more than usual"", ""3"": ""Rather more than usual"", ""4"": ""Much more than usual"", ""-9"": ""missing"", ""-8"": ""inapplicable"", ""-2"": ""refusal"", ""-1"": ""don't know"", ""-7"": ""proxy""}",,,,,,,,,,
item_metadata,UKHLS,GHQ-12,14.0,11.0,worthless,B,n_scghqk,GHQ: believe worthless,"1,2,3,4","-9,-8,-7,-2,-1",raw minus 1; 0-3 distress orientation,False,True,"{""1"": ""Not at all"", ""2"": ""No more than usual"", ""3"": ""Rather more than usual"", ""4"": ""Much more than usual"", ""-9"": ""missing"", ""-8"": ""inapplicable"", ""-2"": ""refusal"", ""-1"": ""don't know"", ""-7"": ""proxy""}",,,,,,,,,,
item_metadata,UKHLS,GHQ-12,14.0,12.0,general_happiness,B,n_scghql,GHQ: general happiness,"1,2,3,4","-9,-8,-7,-2,-1",raw minus 1; 0-3 distress orientation,True,True,"{""1"": ""More so than usual"", ""2"": ""About the same as usual"", ""3"": ""Less so than usual"", ""4"": ""Much less than usual"", ""-9"": ""missing"", ""-8"": ""inapplicable"", ""-2"": ""refusal"", ""-1"": ""don't know"", ""-7"": ""proxy""}",,,,,,,,,,
item_metadata,UKHLS,GHQ-12,15.0,1.0,concentration,A,o_scghqa,GHQ: concentration,"1,2,3,4","-9,-8,-7,-2,-1",raw minus 1; 0-3 distress orientation,True,True,"{""1"": ""Better than usual"", ""2"": ""Same as usual"", ""3"": ""Less than usual"", ""4"": ""Much less than usual"", ""-9"": ""missing"", ""-8"": ""inapplicable"", ""-2"": ""refusal"", ""-1"": ""don't know"", ""-7"": ""proxy""}",,,,,,,,,,
item_metadata,UKHLS,GHQ-12,15.0,2.0,loss_of_sleep,A,o_scghqb,GHQ: loss of sleep,"1,2,3,4","-9,-8,-7,-2,-1",raw minus 1; 0-3 distress orientation,False,True,"{""1"": ""Not at all"", ""2"": ""No more than usual"", ""3"": ""Rather more than usual"", ""4"": ""Much more than usual"", ""-9"": ""missing"", ""-8"": ""inapplicable"", ""-2"": ""refusal"", ""-1"": ""don't know"", ""-7"": ""proxy""}",,,,,,,,,,
item_metadata,UKHLS,GHQ-12,15.0,3.0,useful_role,A,o_scghqc,GHQ: playing a useful role,"1,2,3,4","-9,-8,-7,-2,-1",raw minus 1; 0-3 distress orientation,True,True,"{""2"": ""Same as usual"", ""1"": ""more so than usual"", ""3"": ""less so than usual"", ""4"": ""much less than usual"", ""-9"": ""missing"", ""-8"": ""inapplicable"", ""-2"": ""refusal"", ""-1"": ""don't know"", ""-7"": ""proxy""}",,,,,,,,,,
item_metadata,UKHLS,GHQ-12,15.0,4.0,making_decisions,B,o_scghqd,GHQ: capable of making decisions,"1,2,3,4","-9,-8,-7,-2,-1",raw minus 1; 0-3 distress orientation,True,True,"{""1"": ""More so than usual"", ""2"": ""Same as usual"", ""3"": ""Less so than usual"", ""4"": ""Much less capable"", ""-9"": ""missing"", ""-8"": ""inapplicable"", ""-2"": ""refusal"", ""-1"": ""don't know"", ""-7"": ""proxy""}",,,,,,,,,,
item_metadata,UKHLS,GHQ-12,15.0,5.0,under_strain,A,o_scghqe,GHQ: constantly under strain,"1,2,3,4","-9,-8,-7,-2,-1",raw minus 1; 0-3 distress orientation,False,True,"{""1"": ""Not at all"", ""2"": ""No more than usual"", ""3"": ""Rather more than usual"", ""4"": ""Much more than usual"", ""-9"": ""missing"", ""-8"": ""inapplicable"", ""-2"": ""refusal"", ""-1"": ""don't know"", ""-7"": ""proxy""}",,,,,,,,,,
item_metadata,UKHLS,GHQ-12,15.0,6.0,overcoming_difficulties,B,o_scghqf,GHQ: problem overcoming difficulties,"1,2,3,4","-9,-8,-7,-2,-1",raw minus 1; 0-3 distress orientation,False,True,"{""1"": ""Not at all"", ""2"": ""No more than usual"", ""3"": ""Rather more than usual"", ""4"": ""Much more than usual"", ""-9"": ""missing"", ""-8"": ""inapplicable"", ""-2"": ""refusal"", ""-1"": ""don't know"", ""-7"": ""proxy""}",,,,,,,,,,
item_metadata,UKHLS,GHQ-12,15.0,7.0,enjoy_activities,A,o_scghqg,GHQ: enjoy day-to-day activities,"1,2,3,4","-9,-8,-7,-2,-1",raw minus 1; 0-3 distress orientation,True,True,"{""2"": ""Same as usual"", ""4"": ""Much less than usual"", ""1"": ""more so than usual"", ""3"": ""less so than usual"", ""-9"": ""missing"", ""-8"": ""inapplicable"", ""-2"": ""refusal"", ""-1"": ""don't know"", ""-7"": ""proxy""}",,,,,,,,,,
item_metadata,UKHLS,GHQ-12,15.0,8.0,face_problems,B,o_scghqh,GHQ: ability to face problems,"1,2,3,4","-9,-8,-7,-2,-1",raw minus 1; 0-3 distress orientation,True,True,"{""1"": ""More so than usual"", ""2"": ""Same as usual"", ""3"": ""Less able than usual"", ""4"": ""Much less able"", ""-9"": ""missing"", ""-8"": ""inapplicable"", ""-2"": ""refusal"", ""-1"": ""don't know"", ""-7"": ""proxy""}",,,,,,,,,,
item_metadata,UKHLS,GHQ-12,15.0,9.0,unhappy_depressed,A,o_scghqi,GHQ: unhappy or depressed,"1,2,3,4","-9,-8,-7,-2,-1",raw minus 1; 0-3 distress orientation,False,True,"{""1"": ""Not at all"", ""2"": ""No more than usual"", ""3"": ""Rather more than usual"", ""4"": ""Much more than usual"", ""-9"": ""missing"", ""-8"": ""inapplicable"", ""-2"": ""refusal"", ""-1"": ""don't know"", ""-7"": ""proxy""}",,,,,,,,,,
item_metadata,UKHLS,GHQ-12,15.0,10.0,losing_confidence,B,o_scghqj,GHQ: losing confidence,"1,2,3,4","-9,-8,-7,-2,-1",raw minus 1; 0-3 distress orientation,False,True,"{""1"": ""Not at all"", ""2"": ""No more than usual"", ""3"": ""Rather more than usual"", ""4"": ""Much more than usual"", ""-9"": ""missing"", ""-8"": ""inapplicable"", ""-2"": ""refusal"", ""-1"": ""don't know"", ""-7"": ""proxy""}",,,,,,,,,,
item_metadata,UKHLS,GHQ-12,15.0,11.0,worthless,B,o_scghqk,GHQ: believe worthless,"1,2,3,4","-9,-8,-7,-2,-1",raw minus 1; 0-3 distress orientation,False,True,"{""1"": ""Not at all"", ""2"": ""No more than usual"", ""3"": ""Rather more than usual"", ""4"": ""Much more than usual"", ""-9"": ""missing"", ""-8"": ""inapplicable"", ""-2"": ""refusal"", ""-1"": ""don't know"", ""-7"": ""proxy""}",,,,,,,,,,
item_metadata,UKHLS,GHQ-12,15.0,12.0,general_happiness,B,o_scghql,GHQ: general happiness,"1,2,3,4","-9,-8,-7,-2,-1",raw minus 1; 0-3 distress orientation,True,True,"{""1"": ""More so than usual"", ""2"": ""About the same as usual"", ""3"": ""Less so than usual"", ""4"": ""Much less than usual"", ""-9"": ""missing"", ""-8"": ""inapplicable"", ""-2"": ""refusal"", ""-1"": ""don't know"", ""-7"": ""proxy""}",,,,,,,,,,
item_metadata,HRS,CES-D 8,2.0,1.0,felt_depressed,A,r2depres,r2depres:w2 cesd: felt depressed,"0,1",Stata/system missing or values outside 0/1,binary symptom; happy/enjoyed life reverse scored as 1-raw,False,True,RAND item indicator; no attached Stata value label,,,,,,,,,,
item_metadata,HRS,CES-D 8,2.0,2.0,everything_an_effort,A,r2effort,r2effort:w2 cesd: everything an effort,"0,1",Stata/system missing or values outside 0/1,binary symptom; happy/enjoyed life reverse scored as 1-raw,False,True,RAND item indicator; no attached Stata value label,,,,,,,,,,
item_metadata,HRS,CES-D 8,2.0,3.0,restless_sleep,B,r2sleepr,r2sleepr:w2 cesd: sleep was restless,"0,1",Stata/system missing or values outside 0/1,binary symptom; happy/enjoyed life reverse scored as 1-raw,False,True,RAND item indicator; no attached Stata value label,,,,,,,,,,
item_metadata,HRS,CES-D 8,2.0,4.0,happy,A,r2whappy,r2whappy:w2 cesd: was happy,"0,1",Stata/system missing or values outside 0/1,binary symptom; happy/enjoyed life reverse scored as 1-raw,True,True,RAND item indicator; no attached Stata value label,,,,,,,,,,
item_metadata,HRS,CES-D 8,2.0,5.0,felt_lonely,A,r2flone,r2flone:w2 cesd: felt lonely,"0,1",Stata/system missing or values outside 0/1,binary symptom; happy/enjoyed life reverse scored as 1-raw,False,True,RAND item indicator; no attached Stata value label,,,,,,,,,,
item_metadata,HRS,CES-D 8,2.0,6.0,enjoyed_life,B,r2enlife,r2enlife:w2 cesd: enjoyed life,"0,1",Stata/system missing or values outside 0/1,binary symptom; happy/enjoyed life reverse scored as 1-raw,True,True,RAND item indicator; no attached Stata value label,,,,,,,,,,
item_metadata,HRS,CES-D 8,2.0,7.0,felt_sad,B,r2fsad,r2fsad:w2 cesd: felt sad,"0,1",Stata/system missing or values outside 0/1,binary symptom; happy/enjoyed life reverse scored as 1-raw,False,True,RAND item indicator; no attached Stata value label,,,,,,,,,,
item_metadata,HRS,CES-D 8,2.0,8.0,could_not_get_going,B,r2going,r2going:w2 cesd: could not get going,"0,1",Stata/system missing or values outside 0/1,binary symptom; happy/enjoyed life reverse scored as 1-raw,False,True,RAND item indicator; no attached Stata value label,,,,,,,,,,
item_metadata,HRS,CES-D 8,3.0,1.0,felt_depressed,A,r3depres,r3depres:w3 cesd: felt depressed,"0,1",Stata/system missing or values outside 0/1,binary symptom; happy/enjoyed life reverse scored as 1-raw,False,True,RAND item indicator; no attached Stata value label,,,,,,,,,,
item_metadata,HRS,CES-D 8,3.0,2.0,everything_an_effort,A,r3effort,r3effort:w3 cesd: everything an effort,"0,1",Stata/system missing or values outside 0/1,binary symptom; happy/enjoyed life reverse scored as 1-raw,False,True,RAND item indicator; no attached Stata value label,,,,,,,,,,
item_metadata,HRS,CES-D 8,3.0,3.0,restless_sleep,B,r3sleepr,r3sleepr:w3 cesd: sleep was restless,"0,1",Stata/system missing or values outside 0/1,binary symptom; happy/enjoyed life reverse scored as 1-raw,False,True,RAND item indicator; no attached Stata value label,,,,,,,,,,
item_metadata,HRS,CES-D 8,3.0,4.0,happy,A,r3whappy,r3whappy:w3 cesd: was happy,"0,1",Stata/system missing or values outside 0/1,binary symptom; happy/enjoyed life reverse scored as 1-raw,True,True,RAND item indicator; no attached Stata value label,,,,,,,,,,
item_metadata,HRS,CES-D 8,3.0,5.0,felt_lonely,A,r3flone,r3flone:w3 cesd: felt lonely,"0,1",Stata/system missing or values outside 0/1,binary symptom; happy/enjoyed life reverse scored as 1-raw,False,True,RAND item indicator; no attached Stata value label,,,,,,,,,,
item_metadata,HRS,CES-D 8,3.0,6.0,enjoyed_life,B,r3enlife,r3enlife:w3 cesd: enjoyed life,"0,1",Stata/system missing or values outside 0/1,binary symptom; happy/enjoyed life reverse scored as 1-raw,True,True,RAND item indicator; no attached Stata value label,,,,,,,,,,
item_metadata,HRS,CES-D 8,3.0,7.0,felt_sad,B,r3fsad,r3fsad:w3 cesd: felt sad,"0,1",Stata/system missing or values outside 0/1,binary symptom; happy/enjoyed life reverse scored as 1-raw,False,True,RAND item indicator; no attached Stata value label,,,,,,,,,,
item_metadata,HRS,CES-D 8,3.0,8.0,could_not_get_going,B,r3going,r3going:w3 cesd: could not get going,"0,1",Stata/system missing or values outside 0/1,binary symptom; happy/enjoyed life reverse scored as 1-raw,False,True,RAND item indicator; no attached Stata value label,,,,,,,,,,
item_metadata,HRS,CES-D 8,4.0,1.0,felt_depressed,A,r4depres,r4depres:w4 cesd: felt depressed,"0,1",Stata/system missing or values outside 0/1,binary symptom; happy/enjoyed life reverse scored as 1-raw,False,True,RAND item indicator; no attached Stata value label,,,,,,,,,,
item_metadata,HRS,CES-D 8,4.0,2.0,everything_an_effort,A,r4effort,r4effort:w4 cesd: everything an effort,"0,1",Stata/system missing or values outside 0/1,binary symptom; happy/enjoyed life reverse scored as 1-raw,False,True,RAND item indicator; no attached Stata value label,,,,,,,,,,
item_metadata,HRS,CES-D 8,4.0,3.0,restless_sleep,B,r4sleepr,r4sleepr:w4 cesd: sleep was restless,"0,1",Stata/system missing or values outside 0/1,binary symptom; happy/enjoyed life reverse scored as 1-raw,False,True,RAND item indicator; no attached Stata value label,,,,,,,,,,
item_metadata,HRS,CES-D 8,4.0,4.0,happy,A,r4whappy,r4whappy:w4 cesd: was happy,"0,1",Stata/system missing or values outside 0/1,binary symptom; happy/enjoyed life reverse scored as 1-raw,True,True,RAND item indicator; no attached Stata value label,,,,,,,,,,
item_metadata,HRS,CES-D 8,4.0,5.0,felt_lonely,A,r4flone,r4flone:w4 cesd: felt lonely,"0,1",Stata/system missing or values outside 0/1,binary symptom; happy/enjoyed life reverse scored as 1-raw,False,True,RAND item indicator; no attached Stata value label,,,,,,,,,,
item_metadata,HRS,CES-D 8,4.0,6.0,enjoyed_life,B,r4enlife,r4enlife:w4 cesd: enjoyed life,"0,1",Stata/system missing or values outside 0/1,binary symptom; happy/enjoyed life reverse scored as 1-raw,True,True,RAND item indicator; no attached Stata value label,,,,,,,,,,
item_metadata,HRS,CES-D 8,4.0,7.0,felt_sad,B,r4fsad,r4fsad:w4 cesd: felt sad,"0,1",Stata/system missing or values outside 0/1,binary symptom; happy/enjoyed life reverse scored as 1-raw,False,True,RAND item indicator; no attached Stata value label,,,,,,,,,,
item_metadata,HRS,CES-D 8,4.0,8.0,could_not_get_going,B,r4going,r4going:w4 cesd: could not get going,"0,1",Stata/system missing or values outside 0/1,binary symptom; happy/enjoyed life reverse scored as 1-raw,False,True,RAND item indicator; no attached Stata value label,,,,,,,,,,
item_metadata,HRS,CES-D 8,5.0,1.0,felt_depressed,A,r5depres,r5depres:w5 cesd: felt depressed,"0,1",Stata/system missing or values outside 0/1,binary symptom; happy/enjoyed life reverse scored as 1-raw,False,True,RAND item indicator; no attached Stata value label,,,,,,,,,,
item_metadata,HRS,CES-D 8,5.0,2.0,everything_an_effort,A,r5effort,r5effort:w5 cesd: everything an effort,"0,1",Stata/system missing or values outside 0/1,binary symptom; happy/enjoyed life reverse scored as 1-raw,False,True,RAND item indicator; no attached Stata value label,,,,,,,,,,
item_metadata,HRS,CES-D 8,5.0,3.0,restless_sleep,B,r5sleepr,r5sleepr:w5 cesd: sleep was restless,"0,1",Stata/system missing or values outside 0/1,binary symptom; happy/enjoyed life reverse scored as 1-raw,False,True,RAND item indicator; no attached Stata value label,,,,,,,,,,
item_metadata,HRS,CES-D 8,5.0,4.0,happy,A,r5whappy,r5whappy:w5 cesd: was happy,"0,1",Stata/system missing or values outside 0/1,binary symptom; happy/enjoyed life reverse scored as 1-raw,True,True,RAND item indicator; no attached Stata value label,,,,,,,,,,
item_metadata,HRS,CES-D 8,5.0,5.0,felt_lonely,A,r5flone,r5flone:w5 cesd: felt lonely,"0,1",Stata/system missing or values outside 0/1,binary symptom; happy/enjoyed life reverse scored as 1-raw,False,True,RAND item indicator; no attached Stata value label,,,,,,,,,,
item_metadata,HRS,CES-D 8,5.0,6.0,enjoyed_life,B,r5enlife,r5enlife:w5 cesd: enjoyed life,"0,1",Stata/system missing or values outside 0/1,binary symptom; happy/enjoyed life reverse scored as 1-raw,True,True,RAND item indicator; no attached Stata value label,,,,,,,,,,
item_metadata,HRS,CES-D 8,5.0,7.0,felt_sad,B,r5fsad,r5fsad:w5 cesd: felt sad,"0,1",Stata/system missing or values outside 0/1,binary symptom; happy/enjoyed life reverse scored as 1-raw,False,True,RAND item indicator; no attached Stata value label,,,,,,,,,,
item_metadata,HRS,CES-D 8,5.0,8.0,could_not_get_going,B,r5going,r5going:w5 cesd: could not get going,"0,1",Stata/system missing or values outside 0/1,binary symptom; happy/enjoyed life reverse scored as 1-raw,False,True,RAND item indicator; no attached Stata value label,,,,,,,,,,
item_metadata,HRS,CES-D 8,6.0,1.0,felt_depressed,A,r6depres,r6depres:w6 cesd: felt depressed,"0,1",Stata/system missing or values outside 0/1,binary symptom; happy/enjoyed life reverse scored as 1-raw,False,True,RAND item indicator; no attached Stata value label,,,,,,,,,,
item_metadata,HRS,CES-D 8,6.0,2.0,everything_an_effort,A,r6effort,r6effort:w6 cesd: everything an effort,"0,1",Stata/system missing or values outside 0/1,binary symptom; happy/enjoyed life reverse scored as 1-raw,False,True,RAND item indicator; no attached Stata value label,,,,,,,,,,
item_metadata,HRS,CES-D 8,6.0,3.0,restless_sleep,B,r6sleepr,r6sleepr:w6 cesd: sleep was restless,"0,1",Stata/system missing or values outside 0/1,binary symptom; happy/enjoyed life reverse scored as 1-raw,False,True,RAND item indicator; no attached Stata value label,,,,,,,,,,
item_metadata,HRS,CES-D 8,6.0,4.0,happy,A,r6whappy,r6whappy:w6 cesd: was happy,"0,1",Stata/system missing or values outside 0/1,binary symptom; happy/enjoyed life reverse scored as 1-raw,True,True,RAND item indicator; no attached Stata value label,,,,,,,,,,
item_metadata,HRS,CES-D 8,6.0,5.0,felt_lonely,A,r6flone,r6flone:w6 cesd: felt lonely,"0,1",Stata/system missing or values outside 0/1,binary symptom; happy/enjoyed life reverse scored as 1-raw,False,True,RAND item indicator; no attached Stata value label,,,,,,,,,,
item_metadata,HRS,CES-D 8,6.0,6.0,enjoyed_life,B,r6enlife,r6enlife:w6 cesd: enjoyed life,"0,1",Stata/system missing or values outside 0/1,binary symptom; happy/enjoyed life reverse scored as 1-raw,True,True,RAND item indicator; no attached Stata value label,,,,,,,,,,
item_metadata,HRS,CES-D 8,6.0,7.0,felt_sad,B,r6fsad,r6fsad:w6 cesd: felt sad,"0,1",Stata/system missing or values outside 0/1,binary symptom; happy/enjoyed life reverse scored as 1-raw,False,True,RAND item indicator; no attached Stata value label,,,,,,,,,,
item_metadata,HRS,CES-D 8,6.0,8.0,could_not_get_going,B,r6going,r6going:w6 cesd: could not get going,"0,1",Stata/system missing or values outside 0/1,binary symptom; happy/enjoyed life reverse scored as 1-raw,False,True,RAND item indicator; no attached Stata value label,,,,,,,,,,
item_metadata,HRS,CES-D 8,7.0,1.0,felt_depressed,A,r7depres,r7depres:w7 cesd: felt depressed,"0,1",Stata/system missing or values outside 0/1,binary symptom; happy/enjoyed life reverse scored as 1-raw,False,True,RAND item indicator; no attached Stata value label,,,,,,,,,,
item_metadata,HRS,CES-D 8,7.0,2.0,everything_an_effort,A,r7effort,r7effort:w7 cesd: everything an effort,"0,1",Stata/system missing or values outside 0/1,binary symptom; happy/enjoyed life reverse scored as 1-raw,False,True,RAND item indicator; no attached Stata value label,,,,,,,,,,
item_metadata,HRS,CES-D 8,7.0,3.0,restless_sleep,B,r7sleepr,r7sleepr:w7 cesd: sleep was restless,"0,1",Stata/system missing or values outside 0/1,binary symptom; happy/enjoyed life reverse scored as 1-raw,False,True,RAND item indicator; no attached Stata value label,,,,,,,,,,
item_metadata,HRS,CES-D 8,7.0,4.0,happy,A,r7whappy,r7whappy:w7 cesd: was happy,"0,1",Stata/system missing or values outside 0/1,binary symptom; happy/enjoyed life reverse scored as 1-raw,True,True,RAND item indicator; no attached Stata value label,,,,,,,,,,
item_metadata,HRS,CES-D 8,7.0,5.0,felt_lonely,A,r7flone,r7flone:w7 cesd: felt lonely,"0,1",Stata/system missing or values outside 0/1,binary symptom; happy/enjoyed life reverse scored as 1-raw,False,True,RAND item indicator; no attached Stata value label,,,,,,,,,,
item_metadata,HRS,CES-D 8,7.0,6.0,enjoyed_life,B,r7enlife,r7enlife:w7 cesd: enjoyed life,"0,1",Stata/system missing or values outside 0/1,binary symptom; happy/enjoyed life reverse scored as 1-raw,True,True,RAND item indicator; no attached Stata value label,,,,,,,,,,
item_metadata,HRS,CES-D 8,7.0,7.0,felt_sad,B,r7fsad,r7fsad:w7 cesd: felt sad,"0,1",Stata/system missing or values outside 0/1,binary symptom; happy/enjoyed life reverse scored as 1-raw,False,True,RAND item indicator; no attached Stata value label,,,,,,,,,,
item_metadata,HRS,CES-D 8,7.0,8.0,could_not_get_going,B,r7going,r7going:w7 cesd: could not get going,"0,1",Stata/system missing or values outside 0/1,binary symptom; happy/enjoyed life reverse scored as 1-raw,False,True,RAND item indicator; no attached Stata value label,,,,,,,,,,
item_metadata,HRS,CES-D 8,8.0,1.0,felt_depressed,A,r8depres,r8depres:w8 cesd: felt depressed,"0,1",Stata/system missing or values outside 0/1,binary symptom; happy/enjoyed life reverse scored as 1-raw,False,True,RAND item indicator; no attached Stata value label,,,,,,,,,,
item_metadata,HRS,CES-D 8,8.0,2.0,everything_an_effort,A,r8effort,r8effort:w8 cesd: everything an effort,"0,1",Stata/system missing or values outside 0/1,binary symptom; happy/enjoyed life reverse scored as 1-raw,False,True,RAND item indicator; no attached Stata value label,,,,,,,,,,
item_metadata,HRS,CES-D 8,8.0,3.0,restless_sleep,B,r8sleepr,r8sleepr:w8 cesd: sleep was restless,"0,1",Stata/system missing or values outside 0/1,binary symptom; happy/enjoyed life reverse scored as 1-raw,False,True,RAND item indicator; no attached Stata value label,,,,,,,,,,
item_metadata,HRS,CES-D 8,8.0,4.0,happy,A,r8whappy,r8whappy:w8 cesd: was happy,"0,1",Stata/system missing or values outside 0/1,binary symptom; happy/enjoyed life reverse scored as 1-raw,True,True,RAND item indicator; no attached Stata value label,,,,,,,,,,
item_metadata,HRS,CES-D 8,8.0,5.0,felt_lonely,A,r8flone,r8flone:w8 cesd: felt lonely,"0,1",Stata/system missing or values outside 0/1,binary symptom; happy/enjoyed life reverse scored as 1-raw,False,True,RAND item indicator; no attached Stata value label,,,,,,,,,,
item_metadata,HRS,CES-D 8,8.0,6.0,enjoyed_life,B,r8enlife,r8enlife:w8 cesd: enjoyed life,"0,1",Stata/system missing or values outside 0/1,binary symptom; happy/enjoyed life reverse scored as 1-raw,True,True,RAND item indicator; no attached Stata value label,,,,,,,,,,
item_metadata,HRS,CES-D 8,8.0,7.0,felt_sad,B,r8fsad,r8fsad:w8 cesd: felt sad,"0,1",Stata/system missing or values outside 0/1,binary symptom; happy/enjoyed life reverse scored as 1-raw,False,True,RAND item indicator; no attached Stata value label,,,,,,,,,,
item_metadata,HRS,CES-D 8,8.0,8.0,could_not_get_going,B,r8going,r8going:w8 cesd: could not get going,"0,1",Stata/system missing or values outside 0/1,binary symptom; happy/enjoyed life reverse scored as 1-raw,False,True,RAND item indicator; no attached Stata value label,,,,,,,,,,
item_metadata,HRS,CES-D 8,9.0,1.0,felt_depressed,A,r9depres,r9depres:w9 cesd: felt depressed,"0,1",Stata/system missing or values outside 0/1,binary symptom; happy/enjoyed life reverse scored as 1-raw,False,True,RAND item indicator; no attached Stata value label,,,,,,,,,,
item_metadata,HRS,CES-D 8,9.0,2.0,everything_an_effort,A,r9effort,r9effort:w9 cesd: everything an effort,"0,1",Stata/system missing or values outside 0/1,binary symptom; happy/enjoyed life reverse scored as 1-raw,False,True,RAND item indicator; no attached Stata value label,,,,,,,,,,
item_metadata,HRS,CES-D 8,9.0,3.0,restless_sleep,B,r9sleepr,r9sleepr:w9 cesd: sleep was restless,"0,1",Stata/system missing or values outside 0/1,binary symptom; happy/enjoyed life reverse scored as 1-raw,False,True,RAND item indicator; no attached Stata value label,,,,,,,,,,
item_metadata,HRS,CES-D 8,9.0,4.0,happy,A,r9whappy,r9whappy:w9 cesd: was happy,"0,1",Stata/system missing or values outside 0/1,binary symptom; happy/enjoyed life reverse scored as 1-raw,True,True,RAND item indicator; no attached Stata value label,,,,,,,,,,
item_metadata,HRS,CES-D 8,9.0,5.0,felt_lonely,A,r9flone,r9flone:w9 cesd: felt lonely,"0,1",Stata/system missing or values outside 0/1,binary symptom; happy/enjoyed life reverse scored as 1-raw,False,True,RAND item indicator; no attached Stata value label,,,,,,,,,,
item_metadata,HRS,CES-D 8,9.0,6.0,enjoyed_life,B,r9enlife,r9enlife:w9 cesd: enjoyed life,"0,1",Stata/system missing or values outside 0/1,binary symptom; happy/enjoyed life reverse scored as 1-raw,True,True,RAND item indicator; no attached Stata value label,,,,,,,,,,
item_metadata,HRS,CES-D 8,9.0,7.0,felt_sad,B,r9fsad,r9fsad:w9 cesd: felt sad,"0,1",Stata/system missing or values outside 0/1,binary symptom; happy/enjoyed life reverse scored as 1-raw,False,True,RAND item indicator; no attached Stata value label,,,,,,,,,,
item_metadata,HRS,CES-D 8,9.0,8.0,could_not_get_going,B,r9going,r9going:w9 cesd: could not get going,"0,1",Stata/system missing or values outside 0/1,binary symptom; happy/enjoyed life reverse scored as 1-raw,False,True,RAND item indicator; no attached Stata value label,,,,,,,,,,
item_metadata,HRS,CES-D 8,10.0,1.0,felt_depressed,A,r10depres,r10depres:w10 cesd: felt depressed,"0,1",Stata/system missing or values outside 0/1,binary symptom; happy/enjoyed life reverse scored as 1-raw,False,True,RAND item indicator; no attached Stata value label,,,,,,,,,,
item_metadata,HRS,CES-D 8,10.0,2.0,everything_an_effort,A,r10effort,r10effort:w10 cesd: everything an effort,"0,1",Stata/system missing or values outside 0/1,binary symptom; happy/enjoyed life reverse scored as 1-raw,False,True,RAND item indicator; no attached Stata value label,,,,,,,,,,
item_metadata,HRS,CES-D 8,10.0,3.0,restless_sleep,B,r10sleepr,r10sleepr:w10 cesd: sleep was restless,"0,1",Stata/system missing or values outside 0/1,binary symptom; happy/enjoyed life reverse scored as 1-raw,False,True,RAND item indicator; no attached Stata value label,,,,,,,,,,
item_metadata,HRS,CES-D 8,10.0,4.0,happy,A,r10whappy,r10whappy:w10 cesd: was happy,"0,1",Stata/system missing or values outside 0/1,binary symptom; happy/enjoyed life reverse scored as 1-raw,True,True,RAND item indicator; no attached Stata value label,,,,,,,,,,
item_metadata,HRS,CES-D 8,10.0,5.0,felt_lonely,A,r10flone,r10flone:w10 cesd: felt lonely,"0,1",Stata/system missing or values outside 0/1,binary symptom; happy/enjoyed life reverse scored as 1-raw,False,True,RAND item indicator; no attached Stata value label,,,,,,,,,,
item_metadata,HRS,CES-D 8,10.0,6.0,enjoyed_life,B,r10enlife,r10enlife:w10 cesd: enjoyed life,"0,1",Stata/system missing or values outside 0/1,binary symptom; happy/enjoyed life reverse scored as 1-raw,True,True,RAND item indicator; no attached Stata value label,,,,,,,,,,
item_metadata,HRS,CES-D 8,10.0,7.0,felt_sad,B,r10fsad,r10fsad:w10 cesd: felt sad,"0,1",Stata/system missing or values outside 0/1,binary symptom; happy/enjoyed life reverse scored as 1-raw,False,True,RAND item indicator; no attached Stata value label,,,,,,,,,,
item_metadata,HRS,CES-D 8,10.0,8.0,could_not_get_going,B,r10going,r10going:w10 cesd: could not get going,"0,1",Stata/system missing or values outside 0/1,binary symptom; happy/enjoyed life reverse scored as 1-raw,False,True,RAND item indicator; no attached Stata value label,,,,,,,,,,
item_metadata,HRS,CES-D 8,11.0,1.0,felt_depressed,A,r11depres,r11depres:w11 cesd: felt depressed,"0,1",Stata/system missing or values outside 0/1,binary symptom; happy/enjoyed life reverse scored as 1-raw,False,True,RAND item indicator; no attached Stata value label,,,,,,,,,,
item_metadata,HRS,CES-D 8,11.0,2.0,everything_an_effort,A,r11effort,r11effort:w11 cesd: everything an effort,"0,1",Stata/system missing or values outside 0/1,binary symptom; happy/enjoyed life reverse scored as 1-raw,False,True,RAND item indicator; no attached Stata value label,,,,,,,,,,
item_metadata,HRS,CES-D 8,11.0,3.0,restless_sleep,B,r11sleepr,r11sleepr:w11 cesd: sleep was restless,"0,1",Stata/system missing or values outside 0/1,binary symptom; happy/enjoyed life reverse scored as 1-raw,False,True,RAND item indicator; no attached Stata value label,,,,,,,,,,
item_metadata,HRS,CES-D 8,11.0,4.0,happy,A,r11whappy,r11whappy:w11 cesd: was happy,"0,1",Stata/system missing or values outside 0/1,binary symptom; happy/enjoyed life reverse scored as 1-raw,True,True,RAND item indicator; no attached Stata value label,,,,,,,,,,
item_metadata,HRS,CES-D 8,11.0,5.0,felt_lonely,A,r11flone,r11flone:w11 cesd: felt lonely,"0,1",Stata/system missing or values outside 0/1,binary symptom; happy/enjoyed life reverse scored as 1-raw,False,True,RAND item indicator; no attached Stata value label,,,,,,,,,,
item_metadata,HRS,CES-D 8,11.0,6.0,enjoyed_life,B,r11enlife,r11enlife:w11 cesd: enjoyed life,"0,1",Stata/system missing or values outside 0/1,binary symptom; happy/enjoyed life reverse scored as 1-raw,True,True,RAND item indicator; no attached Stata value label,,,,,,,,,,
item_metadata,HRS,CES-D 8,11.0,7.0,felt_sad,B,r11fsad,r11fsad:w11 cesd: felt sad,"0,1",Stata/system missing or values outside 0/1,binary symptom; happy/enjoyed life reverse scored as 1-raw,False,True,RAND item indicator; no attached Stata value label,,,,,,,,,,
item_metadata,HRS,CES-D 8,11.0,8.0,could_not_get_going,B,r11going,r11going:w11 cesd: could not get going,"0,1",Stata/system missing or values outside 0/1,binary symptom; happy/enjoyed life reverse scored as 1-raw,False,True,RAND item indicator; no attached Stata value label,,,,,,,,,,
item_metadata,HRS,CES-D 8,12.0,1.0,felt_depressed,A,r12depres,r12depres:w12 cesd: felt depressed,"0,1",Stata/system missing or values outside 0/1,binary symptom; happy/enjoyed life reverse scored as 1-raw,False,True,RAND item indicator; no attached Stata value label,,,,,,,,,,
item_metadata,HRS,CES-D 8,12.0,2.0,everything_an_effort,A,r12effort,r12effort:w12 cesd: everything an effort,"0,1",Stata/system missing or values outside 0/1,binary symptom; happy/enjoyed life reverse scored as 1-raw,False,True,RAND item indicator; no attached Stata value label,,,,,,,,,,
item_metadata,HRS,CES-D 8,12.0,3.0,restless_sleep,B,r12sleepr,r12sleepr:w12 cesd: sleep was restless,"0,1",Stata/system missing or values outside 0/1,binary symptom; happy/enjoyed life reverse scored as 1-raw,False,True,RAND item indicator; no attached Stata value label,,,,,,,,,,
item_metadata,HRS,CES-D 8,12.0,4.0,happy,A,r12whappy,r12whappy:w12 cesd: was happy,"0,1",Stata/system missing or values outside 0/1,binary symptom; happy/enjoyed life reverse scored as 1-raw,True,True,RAND item indicator; no attached Stata value label,,,,,,,,,,
item_metadata,HRS,CES-D 8,12.0,5.0,felt_lonely,A,r12flone,r12flone:w12 cesd: felt lonely,"0,1",Stata/system missing or values outside 0/1,binary symptom; happy/enjoyed life reverse scored as 1-raw,False,True,RAND item indicator; no attached Stata value label,,,,,,,,,,
item_metadata,HRS,CES-D 8,12.0,6.0,enjoyed_life,B,r12enlife,r12enlife:w12 cesd: enjoyed life,"0,1",Stata/system missing or values outside 0/1,binary symptom; happy/enjoyed life reverse scored as 1-raw,True,True,RAND item indicator; no attached Stata value label,,,,,,,,,,
item_metadata,HRS,CES-D 8,12.0,7.0,felt_sad,B,r12fsad,r12fsad:w12 cesd: felt sad,"0,1",Stata/system missing or values outside 0/1,binary symptom; happy/enjoyed life reverse scored as 1-raw,False,True,RAND item indicator; no attached Stata value label,,,,,,,,,,
item_metadata,HRS,CES-D 8,12.0,8.0,could_not_get_going,B,r12going,r12going:w12 cesd: could not get going,"0,1",Stata/system missing or values outside 0/1,binary symptom; happy/enjoyed life reverse scored as 1-raw,False,True,RAND item indicator; no attached Stata value label,,,,,,,,,,
item_metadata,HRS,CES-D 8,13.0,1.0,felt_depressed,A,r13depres,r13depres:w13 cesd: felt depressed,"0,1",Stata/system missing or values outside 0/1,binary symptom; happy/enjoyed life reverse scored as 1-raw,False,True,RAND item indicator; no attached Stata value label,,,,,,,,,,
item_metadata,HRS,CES-D 8,13.0,2.0,everything_an_effort,A,r13effort,r13effort:w13 cesd: everything an effort,"0,1",Stata/system missing or values outside 0/1,binary symptom; happy/enjoyed life reverse scored as 1-raw,False,True,RAND item indicator; no attached Stata value label,,,,,,,,,,
item_metadata,HRS,CES-D 8,13.0,3.0,restless_sleep,B,r13sleepr,r13sleepr:w13 cesd: sleep was restless,"0,1",Stata/system missing or values outside 0/1,binary symptom; happy/enjoyed life reverse scored as 1-raw,False,True,RAND item indicator; no attached Stata value label,,,,,,,,,,
item_metadata,HRS,CES-D 8,13.0,4.0,happy,A,r13whappy,r13whappy:w13 cesd: was happy,"0,1",Stata/system missing or values outside 0/1,binary symptom; happy/enjoyed life reverse scored as 1-raw,True,True,RAND item indicator; no attached Stata value label,,,,,,,,,,
item_metadata,HRS,CES-D 8,13.0,5.0,felt_lonely,A,r13flone,r13flone:w13 cesd: felt lonely,"0,1",Stata/system missing or values outside 0/1,binary symptom; happy/enjoyed life reverse scored as 1-raw,False,True,RAND item indicator; no attached Stata value label,,,,,,,,,,
item_metadata,HRS,CES-D 8,13.0,6.0,enjoyed_life,B,r13enlife,r13enlife:w13 cesd: enjoyed life,"0,1",Stata/system missing or values outside 0/1,binary symptom; happy/enjoyed life reverse scored as 1-raw,True,True,RAND item indicator; no attached Stata value label,,,,,,,,,,
item_metadata,HRS,CES-D 8,13.0,7.0,felt_sad,B,r13fsad,r13fsad:w13 cesd: felt sad,"0,1",Stata/system missing or values outside 0/1,binary symptom; happy/enjoyed life reverse scored as 1-raw,False,True,RAND item indicator; no attached Stata value label,,,,,,,,,,
item_metadata,HRS,CES-D 8,13.0,8.0,could_not_get_going,B,r13going,r13going:w13 cesd: could not get going,"0,1",Stata/system missing or values outside 0/1,binary symptom; happy/enjoyed life reverse scored as 1-raw,False,True,RAND item indicator; no attached Stata value label,,,,,,,,,,
item_metadata,HRS,CES-D 8,14.0,1.0,felt_depressed,A,r14depres,r14depres:w14 cesd: felt depressed,"0,1",Stata/system missing or values outside 0/1,binary symptom; happy/enjoyed life reverse scored as 1-raw,False,True,RAND item indicator; no attached Stata value label,,,,,,,,,,
item_metadata,HRS,CES-D 8,14.0,2.0,everything_an_effort,A,r14effort,r14effort:w14 cesd: everything an effort,"0,1",Stata/system missing or values outside 0/1,binary symptom; happy/enjoyed life reverse scored as 1-raw,False,True,RAND item indicator; no attached Stata value label,,,,,,,,,,
item_metadata,HRS,CES-D 8,14.0,3.0,restless_sleep,B,r14sleepr,r14sleepr:w14 cesd: sleep was restless,"0,1",Stata/system missing or values outside 0/1,binary symptom; happy/enjoyed life reverse scored as 1-raw,False,True,RAND item indicator; no attached Stata value label,,,,,,,,,,
item_metadata,HRS,CES-D 8,14.0,4.0,happy,A,r14whappy,r14whappy:w14 cesd: was happy,"0,1",Stata/system missing or values outside 0/1,binary symptom; happy/enjoyed life reverse scored as 1-raw,True,True,RAND item indicator; no attached Stata value label,,,,,,,,,,
item_metadata,HRS,CES-D 8,14.0,5.0,felt_lonely,A,r14flone,r14flone:w14 cesd: felt lonely,"0,1",Stata/system missing or values outside 0/1,binary symptom; happy/enjoyed life reverse scored as 1-raw,False,True,RAND item indicator; no attached Stata value label,,,,,,,,,,
item_metadata,HRS,CES-D 8,14.0,6.0,enjoyed_life,B,r14enlife,r14enlife:w14 cesd: enjoyed life,"0,1",Stata/system missing or values outside 0/1,binary symptom; happy/enjoyed life reverse scored as 1-raw,True,True,RAND item indicator; no attached Stata value label,,,,,,,,,,
item_metadata,HRS,CES-D 8,14.0,7.0,felt_sad,B,r14fsad,r14fsad:w14 cesd: felt sad,"0,1",Stata/system missing or values outside 0/1,binary symptom; happy/enjoyed life reverse scored as 1-raw,False,True,RAND item indicator; no attached Stata value label,,,,,,,,,,
item_metadata,HRS,CES-D 8,14.0,8.0,could_not_get_going,B,r14going,r14going:w14 cesd: could not get going,"0,1",Stata/system missing or values outside 0/1,binary symptom; happy/enjoyed life reverse scored as 1-raw,False,True,RAND item indicator; no attached Stata value label,,,,,,,,,,
item_metadata,HRS,CES-D 8,15.0,1.0,felt_depressed,A,r15depres,r15depres:w15 cesd: felt depressed,"0,1",Stata/system missing or values outside 0/1,binary symptom; happy/enjoyed life reverse scored as 1-raw,False,True,RAND item indicator; no attached Stata value label,,,,,,,,,,
item_metadata,HRS,CES-D 8,15.0,2.0,everything_an_effort,A,r15effort,r15effort:w15 cesd: everything an effort,"0,1",Stata/system missing or values outside 0/1,binary symptom; happy/enjoyed life reverse scored as 1-raw,False,True,RAND item indicator; no attached Stata value label,,,,,,,,,,
item_metadata,HRS,CES-D 8,15.0,3.0,restless_sleep,B,r15sleepr,r15sleepr:w15 cesd: sleep was restless,"0,1",Stata/system missing or values outside 0/1,binary symptom; happy/enjoyed life reverse scored as 1-raw,False,True,RAND item indicator; no attached Stata value label,,,,,,,,,,
item_metadata,HRS,CES-D 8,15.0,4.0,happy,A,r15whappy,r15whappy:w15 cesd: was happy,"0,1",Stata/system missing or values outside 0/1,binary symptom; happy/enjoyed life reverse scored as 1-raw,True,True,RAND item indicator; no attached Stata value label,,,,,,,,,,
item_metadata,HRS,CES-D 8,15.0,5.0,felt_lonely,A,r15flone,r15flone:w15 cesd: felt lonely,"0,1",Stata/system missing or values outside 0/1,binary symptom; happy/enjoyed life reverse scored as 1-raw,False,True,RAND item indicator; no attached Stata value label,,,,,,,,,,
item_metadata,HRS,CES-D 8,15.0,6.0,enjoyed_life,B,r15enlife,r15enlife:w15 cesd: enjoyed life,"0,1",Stata/system missing or values outside 0/1,binary symptom; happy/enjoyed life reverse scored as 1-raw,True,True,RAND item indicator; no attached Stata value label,,,,,,,,,,
item_metadata,HRS,CES-D 8,15.0,7.0,felt_sad,B,r15fsad,r15fsad:w15 cesd: felt sad,"0,1",Stata/system missing or values outside 0/1,binary symptom; happy/enjoyed life reverse scored as 1-raw,False,True,RAND item indicator; no attached Stata value label,,,,,,,,,,
item_metadata,HRS,CES-D 8,15.0,8.0,could_not_get_going,B,r15going,r15going:w15 cesd: could not get going,"0,1",Stata/system missing or values outside 0/1,binary symptom; happy/enjoyed life reverse scored as 1-raw,False,True,RAND item indicator; no attached Stata value label,,,,,,,,,,
completeness,HRS,CES-D 8,,,,,,,,,,,,all frozen two-event persons at the specified occasion,earlier,event,1166.0,1159.0,0.9939965694682676,1166.0,,,,
scoring_check,HRS,CES-D 8,,,,,,,,,,,,item sum compared with existing harmonized total when both observed,earlier,event,1159.0,1159.0,1.0,1159.0,reconstructed_total_exact_match,1.0,,
completeness,HRS,CES-D 8,,,,,,,,,,,,all frozen two-event persons at the specified occasion,earlier,pre1,1166.0,1161.0,0.9957118353344768,1166.0,,,,
scoring_check,HRS,CES-D 8,,,,,,,,,,,,item sum compared with existing harmonized total when both observed,earlier,pre1,1161.0,1161.0,1.0,1161.0,reconstructed_total_exact_match,1.0,,
completeness,HRS,CES-D 8,,,,,,,,,,,,all frozen two-event persons at the specified occasion,earlier,year2,1166.0,1161.0,0.9957118353344768,1166.0,,,,
scoring_check,HRS,CES-D 8,,,,,,,,,,,,item sum compared with existing harmonized total when both observed,earlier,year2,1161.0,1161.0,1.0,1161.0,reconstructed_total_exact_match,1.0,,
completeness,HRS,CES-D 8,,,,,,,,,,,,all frozen two-event persons at the specified occasion,later,event,1166.0,1147.0,0.983704974271012,1166.0,,,,
scoring_check,HRS,CES-D 8,,,,,,,,,,,,item sum compared with existing harmonized total when both observed,later,event,1147.0,1147.0,1.0,1147.0,reconstructed_total_exact_match,1.0,,
completeness,HRS,CES-D 8,,,,,,,,,,,,all frozen two-event persons at the specified occasion,later,pre1,1166.0,1156.0,0.9914236706689536,1166.0,,,,
scoring_check,HRS,CES-D 8,,,,,,,,,,,,item sum compared with existing harmonized total when both observed,later,pre1,1156.0,1156.0,1.0,1156.0,reconstructed_total_exact_match,1.0,,
completeness,HRS,CES-D 8,,,,,,,,,,,,all frozen two-event persons at the specified occasion,later,year2,1166.0,1134.0,0.9725557461406518,1166.0,,,,
scoring_check,HRS,CES-D 8,,,,,,,,,,,,item sum compared with existing harmonized total when both observed,later,year2,1134.0,1134.0,1.0,1134.0,reconstructed_total_exact_match,1.0,,
completeness,UKHLS,GHQ-12,,,,,,,,,,,,all frozen two-event persons at the specified occasion,earlier,event,1956.0,1956.0,1.0,1956.0,,,,
scoring_check,UKHLS,GHQ-12,,,,,,,,,,,,item sum compared with existing harmonized total when both observed,earlier,event,1956.0,1956.0,1.0,1956.0,reconstructed_total_exact_match,1.0,,
completeness,UKHLS,GHQ-12,,,,,,,,,,,,all frozen two-event persons at the specified occasion,earlier,pre1,1956.0,1956.0,1.0,1956.0,,,,
scoring_check,UKHLS,GHQ-12,,,,,,,,,,,,item sum compared with existing harmonized total when both observed,earlier,pre1,1956.0,1956.0,1.0,1956.0,reconstructed_total_exact_match,1.0,,
completeness,UKHLS,GHQ-12,,,,,,,,,,,,all frozen two-event persons at the specified occasion,earlier,year2,1956.0,1956.0,1.0,1956.0,,,,
scoring_check,UKHLS,GHQ-12,,,,,,,,,,,,item sum compared with existing harmonized total when both observed,earlier,year2,1956.0,1956.0,1.0,1956.0,reconstructed_total_exact_match,1.0,,
completeness,UKHLS,GHQ-12,,,,,,,,,,,,all frozen two-event persons at the specified occasion,later,event,1956.0,1956.0,1.0,1956.0,,,,
scoring_check,UKHLS,GHQ-12,,,,,,,,,,,,item sum compared with existing harmonized total when both observed,later,event,1956.0,1956.0,1.0,1956.0,reconstructed_total_exact_match,1.0,,
completeness,UKHLS,GHQ-12,,,,,,,,,,,,all frozen two-event persons at the specified occasion,later,pre1,1956.0,1956.0,1.0,1956.0,,,,
scoring_check,UKHLS,GHQ-12,,,,,,,,,,,,item sum compared with existing harmonized total when both observed,later,pre1,1956.0,1956.0,1.0,1956.0,reconstructed_total_exact_match,1.0,,
completeness,UKHLS,GHQ-12,,,,,,,,,,,,all frozen two-event persons at the specified occasion,later,year2,1956.0,1956.0,1.0,1956.0,,,,
scoring_check,UKHLS,GHQ-12,,,,,,,,,,,,item sum compared with existing harmonized total when both observed,later,year2,1956.0,1956.0,1.0,1956.0,reconstructed_total_exact_match,1.0,,
reliability,HRS,CES-D 8,,,,,,,,,,,,complete-case covariance,earlier,event,,,,1159.0,alpha,0.8124937076706567,full,True
reliability,HRS,CES-D 8,,,,,,,,,,,,CONVERGENCE: NORM OF PROJECTED GRADIENT <= PGTOL,earlier,event,,,,1159.0,omega_total,0.8204888323967438,full,True
reliability,HRS,CES-D 8,,,,,,,,,,,,complete-case covariance,earlier,event,,,,1163.0,alpha,0.7180665598293292,half_A,True
reliability,HRS,CES-D 8,,,,,,,,,,,,CONVERGENCE: NORM OF PROJECTED GRADIENT <= PGTOL,earlier,event,,,,1163.0,omega_total,0.7369165615757163,half_A,True
reliability,HRS,CES-D 8,,,,,,,,,,,,complete-case covariance,earlier,event,,,,1161.0,alpha,0.6266960687653246,half_B,True
reliability,HRS,CES-D 8,,,,,,,,,,,,CONVERGENCE: NORM OF PROJECTED GRADIENT <= PGTOL,earlier,event,,,,1161.0,omega_total,0.6368916952061131,half_B,True
reliability,HRS,CES-D 8,,,,,,,,,,,,complete-case covariance,earlier,pre1,,,,1161.0,alpha,0.8228061022046066,full,True
reliability,HRS,CES-D 8,,,,,,,,,,,,CONVERGENCE: NORM OF PROJECTED GRADIENT <= PGTOL,earlier,pre1,,,,1161.0,omega_total,0.8321177019666026,full,True
reliability,HRS,CES-D 8,,,,,,,,,,,,complete-case covariance,earlier,pre1,,,,1164.0,alpha,0.7467588367172013,half_A,True
reliability,HRS,CES-D 8,,,,,,,,,,,,CONVERGENCE: NORM OF PROJECTED GRADIENT <= PGTOL,earlier,pre1,,,,1164.0,omega_total,0.7582541101457843,half_A,True
reliability,HRS,CES-D 8,,,,,,,,,,,,complete-case covariance,earlier,pre1,,,,1163.0,alpha,0.6213179371331409,half_B,True
reliability,HRS,CES-D 8,,,,,,,,,,,,CONVERGENCE: NORM OF PROJECTED GRADIENT <= PGTOL,earlier,pre1,,,,1163.0,omega_total,0.639171028812795,half_B,True
reliability,HRS,CES-D 8,,,,,,,,,,,,complete-case covariance,earlier,year2,,,,1161.0,alpha,0.8203036028850385,full,True
reliability,HRS,CES-D 8,,,,,,,,,,,,CONVERGENCE: NORM OF PROJECTED GRADIENT <= PGTOL,earlier,year2,,,,1161.0,omega_total,0.8279389642438102,full,True
reliability,HRS,CES-D 8,,,,,,,,,,,,complete-case covariance,earlier,year2,,,,1164.0,alpha,0.7395859556812416,half_A,True
reliability,HRS,CES-D 8,,,,,,,,,,,,CONVERGENCE: NORM OF PROJECTED GRADIENT <= PGTOL,earlier,year2,,,,1164.0,omega_total,0.7500841177740993,half_A,True
reliability,HRS,CES-D 8,,,,,,,,,,,,complete-case covariance,earlier,year2,,,,1163.0,alpha,0.6192106927766869,half_B,True
reliability,HRS,CES-D 8,,,,,,,,,,,,CONVERGENCE: NORM OF PROJECTED GRADIENT <= PGTOL,earlier,year2,,,,1163.0,omega_total,0.6312906177580836,half_B,True
reliability,HRS,CES-D 8,,,,,,,,,,,,complete-case covariance,later,event,,,,1147.0,alpha,0.8109240471620521,full,True
reliability,HRS,CES-D 8,,,,,,,,,,,,CONVERGENCE: NORM OF PROJECTED GRADIENT <= PGTOL,later,event,,,,1147.0,omega_total,0.8161487734219504,full,True
reliability,HRS,CES-D 8,,,,,,,,,,,,complete-case covariance,later,event,,,,1154.0,alpha,0.7236461338887425,half_A,True
reliability,HRS,CES-D 8,,,,,,,,,,,,CONVERGENCE: NORM OF PROJECTED GRADIENT <= PGTOL,later,event,,,,1154.0,omega_total,0.7358274247246422,half_A,True
reliability,HRS,CES-D 8,,,,,,,,,,,,complete-case covariance,later,event,,,,1158.0,alpha,0.6161007003091801,half_B,True
reliability,HRS,CES-D 8,,,,,,,,,,,,CONVERGENCE: NORM OF PROJECTED GRADIENT <= PGTOL,later,event,,,,1158.0,omega_total,0.6244456898595317,half_B,True
reliability,HRS,CES-D 8,,,,,,,,,,,,complete-case covariance,later,pre1,,,,1156.0,alpha,0.7955987771819059,full,True
reliability,HRS,CES-D 8,,,,,,,,,,,,CONVERGENCE: NORM OF PROJECTED GRADIENT <= PGTOL,later,pre1,,,,1156.0,omega_total,0.8046791399509395,full,True
reliability,HRS,CES-D 8,,,,,,,,,,,,complete-case covariance,later,pre1,,,,1160.0,alpha,0.7100531212619746,half_A,True
reliability,HRS,CES-D 8,,,,,,,,,,,,CONVERGENCE: NORM OF PROJECTED GRADIENT <= PGTOL,later,pre1,,,,1160.0,omega_total,0.7249988068688179,half_A,True
reliability,HRS,CES-D 8,,,,,,,,,,,,complete-case covariance,later,pre1,,,,1159.0,alpha,0.5648275634902375,half_B,True
reliability,HRS,CES-D 8,,,,,,,,,,,,CONVERGENCE: NORM OF PROJECTED GRADIENT <= PGTOL,later,pre1,,,,1159.0,omega_total,0.5811488874127195,half_B,True
reliability,HRS,CES-D 8,,,,,,,,,,,,complete-case covariance,later,year2,,,,1134.0,alpha,0.800003304447165,full,True
reliability,HRS,CES-D 8,,,,,,,,,,,,CONVERGENCE: NORM OF PROJECTED GRADIENT <= PGTOL,later,year2,,,,1134.0,omega_total,0.807650800575127,full,True
reliability,HRS,CES-D 8,,,,,,,,,,,,complete-case covariance,later,year2,,,,1151.0,alpha,0.6910600002855551,half_A,True
reliability,HRS,CES-D 8,,,,,,,,,,,,CONVERGENCE: NORM OF PROJECTED GRADIENT <= PGTOL,later,year2,,,,1151.0,omega_total,0.7035448985147795,half_A,True
reliability,HRS,CES-D 8,,,,,,,,,,,,complete-case covariance,later,year2,,,,1145.0,alpha,0.6237882268271668,half_B,True
reliability,HRS,CES-D 8,,,,,,,,,,,,CONVERGENCE: NORM OF PROJECTED GRADIENT <= PGTOL,later,year2,,,,1145.0,omega_total,0.6338636449854267,half_B,True
reliability,UKHLS,GHQ-12,,,,,,,,,,,,complete-case covariance,earlier,event,,,,1956.0,alpha,0.9195533919696848,full,True
reliability,UKHLS,GHQ-12,,,,,,,,,,,,CONVERGENCE: NORM OF PROJECTED GRADIENT <= PGTOL,earlier,event,,,,1956.0,omega_total,0.9230874231130616,full,True
reliability,UKHLS,GHQ-12,,,,,,,,,,,,complete-case covariance,earlier,event,,,,1956.0,alpha,0.8494324475429814,half_A,True
reliability,UKHLS,GHQ-12,,,,,,,,,,,,CONVERGENCE: NORM OF PROJECTED GRADIENT <= PGTOL,earlier,event,,,,1956.0,omega_total,0.8552930871834785,half_A,True
reliability,UKHLS,GHQ-12,,,,,,,,,,,,complete-case covariance,earlier,event,,,,1956.0,alpha,0.8629736548892687,half_B,True
reliability,UKHLS,GHQ-12,,,,,,,,,,,,CONVERGENCE: NORM OF PROJECTED GRADIENT <= PGTOL,earlier,event,,,,1956.0,omega_total,0.8713350130979806,half_B,True
reliability,UKHLS,GHQ-12,,,,,,,,,,,,complete-case covariance,earlier,pre1,,,,1956.0,alpha,0.9023921646505196,full,True
reliability,UKHLS,GHQ-12,,,,,,,,,,,,CONVERGENCE: NORM OF PROJECTED GRADIENT <= PGTOL,earlier,pre1,,,,1956.0,omega_total,0.905858708196586,full,True
reliability,UKHLS,GHQ-12,,,,,,,,,,,,complete-case covariance,earlier,pre1,,,,1956.0,alpha,0.8106186754624717,half_A,True
reliability,UKHLS,GHQ-12,,,,,,,,,,,,CONVERGENCE: NORM OF PROJECTED GRADIENT <= PGTOL,earlier,pre1,,,,1956.0,omega_total,0.8172596585997973,half_A,True
reliability,UKHLS,GHQ-12,,,,,,,,,,,,complete-case covariance,earlier,pre1,,,,1956.0,alpha,0.8390142395030743,half_B,True
reliability,UKHLS,GHQ-12,,,,,,,,,,,,CONVERGENCE: NORM OF PROJECTED GRADIENT <= PGTOL,earlier,pre1,,,,1956.0,omega_total,0.8463605351519475,half_B,True
reliability,UKHLS,GHQ-12,,,,,,,,,,,,complete-case covariance,earlier,year2,,,,1956.0,alpha,0.9123654782732228,full,True
reliability,UKHLS,GHQ-12,,,,,,,,,,,,CONVERGENCE: NORM OF PROJECTED GRADIENT <= PGTOL,earlier,year2,,,,1956.0,omega_total,0.9165004587776058,full,True
reliability,UKHLS,GHQ-12,,,,,,,,,,,,complete-case covariance,earlier,year2,,,,1956.0,alpha,0.8293644817824316,half_A,True
reliability,UKHLS,GHQ-12,,,,,,,,,,,,CONVERGENCE: NORM OF PROJECTED GRADIENT <= PGTOL,earlier,year2,,,,1956.0,omega_total,0.836022650129771,half_A,True
reliability,UKHLS,GHQ-12,,,,,,,,,,,,complete-case covariance,earlier,year2,,,,1956.0,alpha,0.8503370248823342,half_B,True
reliability,UKHLS,GHQ-12,,,,,,,,,,,,CONVERGENCE: NORM OF PROJECTED GRADIENT <= PGTOL,earlier,year2,,,,1956.0,omega_total,0.8597536345143612,half_B,True
reliability,UKHLS,GHQ-12,,,,,,,,,,,,complete-case covariance,later,event,,,,1956.0,alpha,0.9218232465142862,full,True
reliability,UKHLS,GHQ-12,,,,,,,,,,,,CONVERGENCE: NORM OF PROJECTED GRADIENT <= PGTOL,later,event,,,,1956.0,omega_total,0.925084043176996,full,True
reliability,UKHLS,GHQ-12,,,,,,,,,,,,complete-case covariance,later,event,,,,1956.0,alpha,0.8582335548029756,half_A,True
reliability,UKHLS,GHQ-12,,,,,,,,,,,,CONVERGENCE: NORM OF PROJECTED GRADIENT <= PGTOL,later,event,,,,1956.0,omega_total,0.8625511638502489,half_A,True
reliability,UKHLS,GHQ-12,,,,,,,,,,,,complete-case covariance,later,event,,,,1956.0,alpha,0.8617221062278393,half_B,True
reliability,UKHLS,GHQ-12,,,,,,,,,,,,CONVERGENCE: NORM OF PROJECTED GRADIENT <= PGTOL,later,event,,,,1956.0,omega_total,0.8690531637975247,half_B,True
reliability,UKHLS,GHQ-12,,,,,,,,,,,,complete-case covariance,later,pre1,,,,1956.0,alpha,0.917238801295198,full,True
reliability,UKHLS,GHQ-12,,,,,,,,,,,,CONVERGENCE: NORM OF PROJECTED GRADIENT <= PGTOL,later,pre1,,,,1956.0,omega_total,0.9199526853107474,full,True
reliability,UKHLS,GHQ-12,,,,,,,,,,,,complete-case covariance,later,pre1,,,,1956.0,alpha,0.840442955618453,half_A,True
reliability,UKHLS,GHQ-12,,,,,,,,,,,,CONVERGENCE: NORM OF PROJECTED GRADIENT <= PGTOL,later,pre1,,,,1956.0,omega_total,0.8439152095275173,half_A,True
reliability,UKHLS,GHQ-12,,,,,,,,,,,,complete-case covariance,later,pre1,,,,1956.0,alpha,0.8589718511051065,half_B,True
reliability,UKHLS,GHQ-12,,,,,,,,,,,,CONVERGENCE: NORM OF PROJECTED GRADIENT <= PGTOL,later,pre1,,,,1956.0,omega_total,0.8674091808631029,half_B,True
reliability,UKHLS,GHQ-12,,,,,,,,,,,,complete-case covariance,later,year2,,,,1956.0,alpha,0.9176140477904572,full,True
reliability,UKHLS,GHQ-12,,,,,,,,,,,,CONVERGENCE: NORM OF PROJECTED GRADIENT <= PGTOL,later,year2,,,,1956.0,omega_total,0.9211928267356748,full,True
reliability,UKHLS,GHQ-12,,,,,,,,,,,,complete-case covariance,later,year2,,,,1956.0,alpha,0.8422191510141758,half_A,True
reliability,UKHLS,GHQ-12,,,,,,,,,,,,CONVERGENCE: NORM OF PROJECTED GRADIENT <= PGTOL,later,year2,,,,1956.0,omega_total,0.8464731735653686,half_A,True
reliability,UKHLS,GHQ-12,,,,,,,,,,,,complete-case covariance,later,year2,,,,1956.0,alpha,0.8568836442684834,half_B,True
reliability,UKHLS,GHQ-12,,,,,,,,,,,,CONVERGENCE: NORM OF PROJECTED GRADIENT <= PGTOL,later,year2,,,,1956.0,omega_total,0.8654351928414864,half_B,True
