record_type,cohort,episode_position,time_role,outcome_metric,direction,statistic,estimate,n,scale,notes,validation,outcome_formulation,baseline_scope,model,base_model,candidate_model,comparison,ci_lower,ci_upper,bootstrap_se,bootstrap_success,bootstrap_attempts
split_reliability,HRS,earlier,event,level,A_vs_B,split_half_correlation,0.7106917448968675,1159,,,,,,,,,,,,,,
split_reliability,HRS,earlier,event,level,A_vs_B,spearman_brown,0.8308822989494381,1159,,,,,,,,,,,,,,
split_reliability,HRS,earlier,pre1,level,A_vs_B,split_half_correlation,0.7253507866544082,1161,,,,,,,,,,,,,,
split_reliability,HRS,earlier,pre1,level,A_vs_B,spearman_brown,0.8408154356377822,1161,,,,,,,,,,,,,,
split_reliability,HRS,earlier,year2,level,A_vs_B,split_half_correlation,0.7262470158643805,1161,,,,,,,,,,,,,,
split_reliability,HRS,earlier,year2,level,A_vs_B,spearman_brown,0.8414172585847781,1161,,,,,,,,,,,,,,
split_reliability,HRS,later,event,level,A_vs_B,split_half_correlation,0.6991889061250364,1147,,,,,,,,,,,,,,
split_reliability,HRS,later,event,level,A_vs_B,spearman_brown,0.8229678331875667,1147,,,,,,,,,,,,,,
split_reliability,HRS,later,pre1,level,A_vs_B,split_half_correlation,0.705733894158062,1156,,,,,,,,,,,,,,
split_reliability,HRS,later,pre1,level,A_vs_B,spearman_brown,0.827484165701482,1156,,,,,,,,,,,,,,
split_reliability,HRS,later,year2,level,A_vs_B,split_half_correlation,0.6927685451455055,1134,,,,,,,,,,,,,,
split_reliability,HRS,later,year2,level,A_vs_B,spearman_brown,0.8185035658090599,1134,,,,,,,,,,,,,,
split_reliability,UKHLS,earlier,event,level,A_vs_B,split_half_correlation,0.8255095862488464,1956,,,,,,,,,,,,,,
split_reliability,UKHLS,earlier,event,level,A_vs_B,spearman_brown,0.9044155039965,1956,,,,,,,,,,,,,,
split_reliability,UKHLS,earlier,pre1,level,A_vs_B,split_half_correlation,0.8109636727904883,1956,,,,,,,,,,,,,,
split_reliability,UKHLS,earlier,pre1,level,A_vs_B,spearman_brown,0.8956156161220903,1956,,,,,,,,,,,,,,
split_reliability,UKHLS,earlier,year2,level,A_vs_B,split_half_correlation,0.8360461098116895,1956,,,,,,,,,,,,,,
split_reliability,UKHLS,earlier,year2,level,A_vs_B,spearman_brown,0.9107027381762616,1956,,,,,,,,,,,,,,
split_reliability,UKHLS,later,event,level,A_vs_B,split_half_correlation,0.8304779268605623,1956,,,,,,,,,,,,,,
split_reliability,UKHLS,later,event,level,A_vs_B,spearman_brown,0.9073891738043608,1956,,,,,,,,,,,,,,
split_reliability,UKHLS,later,pre1,level,A_vs_B,split_half_correlation,0.8361300456092089,1956,,,,,,,,,,,,,,
split_reliability,UKHLS,later,pre1,level,A_vs_B,spearman_brown,0.9107525336875468,1956,,,,,,,,,,,,,,
split_reliability,UKHLS,later,year2,level,A_vs_B,split_half_correlation,0.840464230904569,1956,,,,,,,,,,,,,,
split_reliability,UKHLS,later,year2,level,A_vs_B,spearman_brown,0.9133176475714386,1956,,,,,,,,,,,,,,
change_reliability,HRS,earlier,pre1_to_event,acute,,alpha_derived_change_reliability,0.643807840584552,1154,full,negative estimates retained; no truncation,,,,,,,,,,,,
change_reliability,HRS,earlier,pre1_to_event,acute,,omega_total_derived_change_reliability,0.6606149782673931,1154,full,negative estimates retained; no truncation,,,,,,,,,,,,
change_reliability,HRS,earlier,pre1_to_event,acute,,alpha_derived_change_reliability,0.5146608783766644,1161,half_A,negative estimates retained; no truncation,,,,,,,,,,,,
change_reliability,HRS,earlier,pre1_to_event,acute,,omega_total_derived_change_reliability,0.5424732276444972,1161,half_A,negative estimates retained; no truncation,,,,,,,,,,,,
change_reliability,HRS,earlier,pre1_to_event,acute,,alpha_derived_change_reliability,0.3322905029617046,1158,half_B,negative estimates retained; no truncation,,,,,,,,,,,,
change_reliability,HRS,earlier,pre1_to_event,acute,,omega_total_derived_change_reliability,0.356791076604749,1158,half_B,negative estimates retained; no truncation,,,,,,,,,,,,
change_reliability,HRS,earlier,pre1_to_event,acute,,change_split_half_correlation,0.5804935276873942,1154,split_halves,observed,,,,,,,,,,,,
change_reliability,HRS,earlier,pre1_to_event,acute,,change_spearman_brown,0.7345724832379193,1154,split_halves,2r/(1+r),,,,,,,,,,,,
change_reliability,HRS,earlier,pre1_to_year2,persistence,,alpha_derived_change_reliability,0.6472518720149909,1156,full,negative estimates retained; no truncation,,,,,,,,,,,,
change_reliability,HRS,earlier,pre1_to_year2,persistence,,omega_total_derived_change_reliability,0.6639253369429116,1156,full,negative estimates retained; no truncation,,,,,,,,,,,,
change_reliability,HRS,earlier,pre1_to_year2,persistence,,alpha_derived_change_reliability,0.5196163913914573,1162,half_A,negative estimates retained; no truncation,,,,,,,,,,,,
change_reliability,HRS,earlier,pre1_to_year2,persistence,,omega_total_derived_change_reliability,0.5401308799606745,1162,half_A,negative estimates retained; no truncation,,,,,,,,,,,,
change_reliability,HRS,earlier,pre1_to_year2,persistence,,alpha_derived_change_reliability,0.3228299414969482,1160,half_B,negative estimates retained; no truncation,,,,,,,,,,,,
change_reliability,HRS,earlier,pre1_to_year2,persistence,,omega_total_derived_change_reliability,0.3493129200977447,1160,half_B,negative estimates retained; no truncation,,,,,,,,,,,,
change_reliability,HRS,earlier,pre1_to_year2,persistence,,change_split_half_correlation,0.5927560243240407,1156,split_halves,observed,,,,,,,,,,,,
change_reliability,HRS,earlier,pre1_to_year2,persistence,,change_spearman_brown,0.7443149048211625,1156,split_halves,2r/(1+r),,,,,,,,,,,,
change_reliability,HRS,later,pre1_to_event,acute,,alpha_derived_change_reliability,0.6082706419730869,1139,full,negative estimates retained; no truncation,,,,,,,,,,,,
change_reliability,HRS,later,pre1_to_event,acute,,omega_total_derived_change_reliability,0.6222654569633961,1139,full,negative estimates retained; no truncation,,,,,,,,,,,,
change_reliability,HRS,later,pre1_to_event,acute,,alpha_derived_change_reliability,0.4897786690062309,1149,half_A,negative estimates retained; no truncation,,,,,,,,,,,,
change_reliability,HRS,later,pre1_to_event,acute,,omega_total_derived_change_reliability,0.5140631404503186,1149,half_A,negative estimates retained; no truncation,,,,,,,,,,,,
change_reliability,HRS,later,pre1_to_event,acute,,alpha_derived_change_reliability,0.2643418945821055,1151,half_B,negative estimates retained; no truncation,,,,,,,,,,,,
change_reliability,HRS,later,pre1_to_event,acute,,omega_total_derived_change_reliability,0.2860795008629242,1151,half_B,negative estimates retained; no truncation,,,,,,,,,,,,
change_reliability,HRS,later,pre1_to_event,acute,,change_split_half_correlation,0.5403705235368489,1139,split_halves,observed,,,,,,,,,,,,
change_reliability,HRS,later,pre1_to_event,acute,,change_spearman_brown,0.7016110932791711,1139,split_halves,2r/(1+r),,,,,,,,,,,,
change_reliability,HRS,later,pre1_to_year2,persistence,,alpha_derived_change_reliability,0.5863502478791115,1126,full,negative estimates retained; no truncation,,,,,,,,,,,,
change_reliability,HRS,later,pre1_to_year2,persistence,,omega_total_derived_change_reliability,0.60343125302211,1126,full,negative estimates retained; no truncation,,,,,,,,,,,,
change_reliability,HRS,later,pre1_to_year2,persistence,,alpha_derived_change_reliability,0.4385261814142585,1147,half_A,negative estimates retained; no truncation,,,,,,,,,,,,
change_reliability,HRS,later,pre1_to_year2,persistence,,omega_total_derived_change_reliability,0.4642052168966818,1147,half_A,negative estimates retained; no truncation,,,,,,,,,,,,
change_reliability,HRS,later,pre1_to_year2,persistence,,alpha_derived_change_reliability,0.260628906852386,1139,half_B,negative estimates retained; no truncation,,,,,,,,,,,,
change_reliability,HRS,later,pre1_to_year2,persistence,,omega_total_derived_change_reliability,0.2844840149837498,1139,half_B,negative estimates retained; no truncation,,,,,,,,,,,,
change_reliability,HRS,later,pre1_to_year2,persistence,,change_split_half_correlation,0.5427181132033071,1126,split_halves,observed,,,,,,,,,,,,
change_reliability,HRS,later,pre1_to_year2,persistence,,change_spearman_brown,0.7035868815676309,1126,split_halves,2r/(1+r),,,,,,,,,,,,
change_reliability,UKHLS,earlier,pre1_to_event,acute,,alpha_derived_change_reliability,0.8305371452596285,1956,full,negative estimates retained; no truncation,,,,,,,,,,,,
change_reliability,UKHLS,earlier,pre1_to_event,acute,,omega_total_derived_change_reliability,0.837298103427851,1956,full,negative estimates retained; no truncation,,,,,,,,,,,,
change_reliability,UKHLS,earlier,pre1_to_event,acute,,alpha_derived_change_reliability,0.6953556014230945,1956,half_A,negative estimates retained; no truncation,,,,,,,,,,,,
change_reliability,UKHLS,earlier,pre1_to_event,acute,,omega_total_derived_change_reliability,0.7066402125732004,1956,half_A,negative estimates retained; no truncation,,,,,,,,,,,,
change_reliability,UKHLS,earlier,pre1_to_event,acute,,alpha_derived_change_reliability,0.7239671347912873,1956,half_B,negative estimates retained; no truncation,,,,,,,,,,,,
change_reliability,UKHLS,earlier,pre1_to_event,acute,,omega_total_derived_change_reliability,0.738789766983242,1956,half_B,negative estimates retained; no truncation,,,,,,,,,,,,
change_reliability,UKHLS,earlier,pre1_to_event,acute,,change_split_half_correlation,0.7406414454964333,1956,split_halves,observed,,,,,,,,,,,,
change_reliability,UKHLS,earlier,pre1_to_event,acute,,change_spearman_brown,0.8509982884903691,1956,split_halves,2r/(1+r),,,,,,,,,,,,
change_reliability,UKHLS,earlier,pre1_to_year2,persistence,,alpha_derived_change_reliability,0.8537441903045266,1956,full,negative estimates retained; no truncation,,,,,,,,,,,,
change_reliability,UKHLS,earlier,pre1_to_year2,persistence,,omega_total_derived_change_reliability,0.8597874646077677,1956,full,negative estimates retained; no truncation,,,,,,,,,,,,
change_reliability,UKHLS,earlier,pre1_to_year2,persistence,,alpha_derived_change_reliability,0.7160577410654658,1956,half_A,negative estimates retained; no truncation,,,,,,,,,,,,
change_reliability,UKHLS,earlier,pre1_to_year2,persistence,,omega_total_derived_change_reliability,0.7265733889920751,1956,half_A,negative estimates retained; no truncation,,,,,,,,,,,,
change_reliability,UKHLS,earlier,pre1_to_year2,persistence,,alpha_derived_change_reliability,0.7670896119837038,1956,half_B,negative estimates retained; no truncation,,,,,,,,,,,,
change_reliability,UKHLS,earlier,pre1_to_year2,persistence,,omega_total_derived_change_reliability,0.7797300776492334,1956,half_B,negative estimates retained; no truncation,,,,,,,,,,,,
change_reliability,UKHLS,earlier,pre1_to_year2,persistence,,change_split_half_correlation,0.7755992965959804,1956,split_halves,observed,,,,,,,,,,,,
change_reliability,UKHLS,earlier,pre1_to_year2,persistence,,change_spearman_brown,0.8736197385106986,1956,split_halves,2r/(1+r),,,,,,,,,,,,
change_reliability,UKHLS,later,pre1_to_event,acute,,alpha_derived_change_reliability,0.8438175636175653,1956,full,negative estimates retained; no truncation,,,,,,,,,,,,
change_reliability,UKHLS,later,pre1_to_event,acute,,omega_total_derived_change_reliability,0.8496510192745999,1956,full,negative estimates retained; no truncation,,,,,,,,,,,,
change_reliability,UKHLS,later,pre1_to_event,acute,,alpha_derived_change_reliability,0.7342316722649403,1956,half_A,negative estimates retained; no truncation,,,,,,,,,,,,
change_reliability,UKHLS,later,pre1_to_event,acute,,omega_total_derived_change_reliability,0.7411773454344279,1956,half_A,negative estimates retained; no truncation,,,,,,,,,,,,
change_reliability,UKHLS,later,pre1_to_event,acute,,alpha_derived_change_reliability,0.7207472457500133,1956,half_B,negative estimates retained; no truncation,,,,,,,,,,,,
change_reliability,UKHLS,later,pre1_to_event,acute,,omega_total_derived_change_reliability,0.7364757271211836,1956,half_B,negative estimates retained; no truncation,,,,,,,,,,,,
change_reliability,UKHLS,later,pre1_to_event,acute,,change_split_half_correlation,0.7698723592151584,1956,split_halves,observed,,,,,,,,,,,,
change_reliability,UKHLS,later,pre1_to_event,acute,,change_spearman_brown,0.8699750071881508,1956,split_halves,2r/(1+r),,,,,,,,,,,,
change_reliability,UKHLS,later,pre1_to_year2,persistence,,alpha_derived_change_reliability,0.8451143722636255,1956,full,negative estimates retained; no truncation,,,,,,,,,,,,
change_reliability,UKHLS,later,pre1_to_year2,persistence,,omega_total_derived_change_reliability,0.8509776050133158,1956,full,negative estimates retained; no truncation,,,,,,,,,,,,
change_reliability,UKHLS,later,pre1_to_year2,persistence,,alpha_derived_change_reliability,0.7224491859500655,1956,half_A,negative estimates retained; no truncation,,,,,,,,,,,,
change_reliability,UKHLS,later,pre1_to_year2,persistence,,omega_total_derived_change_reliability,0.7291719323352182,1956,half_A,negative estimates retained; no truncation,,,,,,,,,,,,
change_reliability,UKHLS,later,pre1_to_year2,persistence,,alpha_derived_change_reliability,0.7321020885624918,1956,half_B,negative estimates retained; no truncation,,,,,,,,,,,,
change_reliability,UKHLS,later,pre1_to_year2,persistence,,omega_total_derived_change_reliability,0.7481200642224795,1956,half_B,negative estimates retained; no truncation,,,,,,,,,,,,
change_reliability,UKHLS,later,pre1_to_year2,persistence,,change_split_half_correlation,0.7778943676146783,1956,split_halves,observed,,,,,,,,,,,,
change_reliability,UKHLS,later,pre1_to_year2,persistence,,change_spearman_brown,0.8750737746678894,1956,split_halves,2r/(1+r),,,,,,,,,,,,
observed_correlation,HRS,,,acute,A_to_B,observed_cross_form_correlation,-0.064125992984344,1146,,sensitivity; no hypothesis test,,,,,,,,,,,,
disattenuated_correlation,HRS,,,acute,A_to_B,alpha_disattenuated_cross_form_correlation,-0.1738563371543413,1146,,sensitivity only; not substituted for observed prediction,,,,,,,,,,,,
observed_correlation,HRS,,,acute,B_to_A,observed_cross_form_correlation,-0.0342757624571782,1141,,sensitivity; no hypothesis test,,,,,,,,,,,,
disattenuated_correlation,HRS,,,acute,B_to_A,alpha_disattenuated_cross_form_correlation,-0.0849626845896796,1141,,sensitivity only; not substituted for observed prediction,,,,,,,,,,,,
observed_correlation,HRS,,,acute,average,observed_cross_form_correlation,-0.0492008777207611,1166,,equal-weight directional average,,,,,,,,,,,,
disattenuated_correlation,HRS,,,acute,average,alpha_disattenuated_cross_form_correlation,-0.1294095108720105,1166,,equal-weight directional average; sensitivity only,,,,,,,,,,,,
observed_correlation,HRS,,,persistence,A_to_B,observed_cross_form_correlation,-0.1090453109015806,1135,,sensitivity; no hypothesis test,,,,,,,,,,,,
disattenuated_correlation,HRS,,,persistence,A_to_B,alpha_disattenuated_cross_form_correlation,-0.2963154405899781,1135,,sensitivity only; not substituted for observed prediction,,,,,,,,,,,,
observed_correlation,HRS,,,persistence,B_to_A,observed_cross_form_correlation,-0.1342576934823492,1141,,sensitivity; no hypothesis test,,,,,,,,,,,,
disattenuated_correlation,HRS,,,persistence,B_to_A,alpha_disattenuated_cross_form_correlation,-0.3568243755992386,1141,,sensitivity only; not substituted for observed prediction,,,,,,,,,,,,
observed_correlation,HRS,,,persistence,average,observed_cross_form_correlation,-0.1216515021919649,1166,,equal-weight directional average,,,,,,,,,,,,
disattenuated_correlation,HRS,,,persistence,average,alpha_disattenuated_cross_form_correlation,-0.3265699080946084,1166,,equal-weight directional average; sensitivity only,,,,,,,,,,,,
observed_correlation,UKHLS,,,acute,A_to_B,observed_cross_form_correlation,0.0041671702979397,1956,,sensitivity; no hypothesis test,,,,,,,,,,,,
disattenuated_correlation,UKHLS,,,acute,A_to_B,alpha_disattenuated_cross_form_correlation,0.0058863526156377,1956,,sensitivity only; not substituted for observed prediction,,,,,,,,,,,,
observed_correlation,UKHLS,,,acute,B_to_A,observed_cross_form_correlation,-0.0049056829428384,1956,,sensitivity; no hypothesis test,,,,,,,,,,,,
disattenuated_correlation,UKHLS,,,acute,B_to_A,alpha_disattenuated_cross_form_correlation,-0.0067285811267545,1956,,sensitivity only; not substituted for observed prediction,,,,,,,,,,,,
observed_correlation,UKHLS,,,acute,average,observed_cross_form_correlation,-0.0003692563224493,1956,,equal-weight directional average,,,,,,,,,,,,
disattenuated_correlation,UKHLS,,,acute,average,alpha_disattenuated_cross_form_correlation,-0.0004211142555583,1956,,equal-weight directional average; sensitivity only,,,,,,,,,,,,
observed_correlation,UKHLS,,,persistence,A_to_B,observed_cross_form_correlation,-0.1364301676783058,1956,,sensitivity; no hypothesis test,,,,,,,,,,,,
disattenuated_correlation,UKHLS,,,persistence,A_to_B,alpha_disattenuated_cross_form_correlation,-0.1884302255308298,1956,,sensitivity only; not substituted for observed prediction,,,,,,,,,,,,
observed_correlation,UKHLS,,,persistence,B_to_A,observed_cross_form_correlation,-0.1390115068293155,1956,,sensitivity; no hypothesis test,,,,,,,,,,,,
disattenuated_correlation,UKHLS,,,persistence,B_to_A,alpha_disattenuated_cross_form_correlation,-0.1867342781463685,1956,,sensitivity only; not substituted for observed prediction,,,,,,,,,,,,
observed_correlation,UKHLS,,,persistence,average,observed_cross_form_correlation,-0.1377208372538106,1956,,equal-weight directional average,,,,,,,,,,,,
disattenuated_correlation,UKHLS,,,persistence,average,alpha_disattenuated_cross_form_correlation,-0.1875822518385991,1956,,equal-weight directional average; sensitivity only,,,,,,,,,,,,
model_metric,HRS,,,acute,A_to_B,RMSE,1.0956023070940106,1146,,,grouped_10fold,change,context,BASE,,,,,,,,
model_metric,HRS,,,acute,A_to_B,MAE,0.8337602727607958,1146,,,grouped_10fold,change,context,BASE,,,,,,,,
model_metric,HRS,,,acute,A_to_B,predictive_R2,-0.0006428483889178,1146,,,grouped_10fold,change,context,BASE,,,,,,,,
model_metric,HRS,,,acute,A_to_B,mean_log_predictive_density,-1.511485515905692,1146,,,grouped_10fold,change,context,BASE,,,,,,,,
model_metric,HRS,,,acute,A_to_B,calibration_intercept,0.0797679133947588,1146,,,grouped_10fold,change,context,BASE,,,,,,,,
model_metric,HRS,,,acute,A_to_B,calibration_slope,0.4808726551652898,1146,,,grouped_10fold,change,context,BASE,,,,,,,,
model_metric,HRS,,,acute,A_to_B,RMSE,1.094596930935767,1146,,,grouped_10fold,change,context,SPLIT_PRIOR,,,,,,,,
model_metric,HRS,,,acute,A_to_B,MAE,0.8351396069516386,1146,,,grouped_10fold,change,context,SPLIT_PRIOR,,,,,,,,
model_metric,HRS,,,acute,A_to_B,predictive_R2,0.0011927827875307,1146,,,grouped_10fold,change,context,SPLIT_PRIOR,,,,,,,,
model_metric,HRS,,,acute,A_to_B,mean_log_predictive_density,-1.5105354265545967,1146,,,grouped_10fold,change,context,SPLIT_PRIOR,,,,,,,,
model_metric,HRS,,,acute,A_to_B,calibration_intercept,0.0721612043182313,1146,,,grouped_10fold,change,context,SPLIT_PRIOR,,,,,,,,
model_metric,HRS,,,acute,A_to_B,calibration_slope,0.5287092355676055,1146,,,grouped_10fold,change,context,SPLIT_PRIOR,,,,,,,,
model_metric,HRS,,,acute,B_to_A,RMSE,1.0964954733766403,1141,,,grouped_10fold,change,context,BASE,,,,,,,,
model_metric,HRS,,,acute,B_to_A,MAE,0.8006363875040808,1141,,,grouped_10fold,change,context,BASE,,,,,,,,
model_metric,HRS,,,acute,B_to_A,predictive_R2,0.0028842318350358,1141,,,grouped_10fold,change,context,BASE,,,,,,,,
model_metric,HRS,,,acute,B_to_A,mean_log_predictive_density,-1.511874688621354,1141,,,grouped_10fold,change,context,BASE,,,,,,,,
model_metric,HRS,,,acute,B_to_A,calibration_intercept,0.0997873195504535,1141,,,grouped_10fold,change,context,BASE,,,,,,,,
model_metric,HRS,,,acute,B_to_A,calibration_slope,0.5643133195941742,1141,,,grouped_10fold,change,context,BASE,,,,,,,,
model_metric,HRS,,,acute,B_to_A,RMSE,1.0973563002484614,1141,,,grouped_10fold,change,context,SPLIT_PRIOR,,,,,,,,
model_metric,HRS,,,acute,B_to_A,MAE,0.8032535792925293,1141,,,grouped_10fold,change,context,SPLIT_PRIOR,,,,,,,,
model_metric,HRS,,,acute,B_to_A,predictive_R2,0.0013180037949916,1141,,,grouped_10fold,change,context,SPLIT_PRIOR,,,,,,,,
model_metric,HRS,,,acute,B_to_A,mean_log_predictive_density,-1.5126650631665366,1141,,,grouped_10fold,change,context,SPLIT_PRIOR,,,,,,,,
model_metric,HRS,,,acute,B_to_A,calibration_intercept,0.1079311985833949,1141,,,grouped_10fold,change,context,SPLIT_PRIOR,,,,,,,,
model_metric,HRS,,,acute,B_to_A,calibration_slope,0.5282467021692667,1141,,,grouped_10fold,change,context,SPLIT_PRIOR,,,,,,,,
comparison,HRS,,,acute,average,RMSE,-3.3977435030418945e-05,1127,,equal-weight average of A-to-B and B-to-A gains,grouped_10fold,change,context,,BASE,SPLIT_PRIOR,SPLIT_PRIOR_minus_BASE,-0.0026924520367441,0.0027017849316657,0.0013871491247386,500.0,500.0
comparison,HRS,,,acute,average,MAE,-0.0020927111953152,1127,,equal-weight average of A-to-B and B-to-A gains,grouped_10fold,change,context,,BASE,SPLIT_PRIOR,SPLIT_PRIOR_minus_BASE,-0.0045515854537438,6.279901160434293e-05,0.0011353065984953,500.0,500.0
comparison,HRS,,,acute,average,predictive_R2,-6.104551077140696e-05,1127,,equal-weight average of A-to-B and B-to-A gains,grouped_10fold,change,context,,BASE,SPLIT_PRIOR,SPLIT_PRIOR_minus_BASE,-0.0049432821122662,0.0048042686200471,0.0025286921370053,500.0,500.0
comparison,HRS,,,acute,average,mean_log_predictive_density,-2.4562103576153405e-05,1127,,equal-weight average of A-to-B and B-to-A gains,grouped_10fold,change,context,,BASE,SPLIT_PRIOR,SPLIT_PRIOR_minus_BASE,-0.0024796822042523,0.0025225485648105,0.0012901276297821,500.0,500.0
model_metric,HRS,,,acute,A_to_B,RMSE,0.9625723613640796,1146,,,grouped_10fold,change,current_state,BASE,,,,,,,,
model_metric,HRS,,,acute,A_to_B,MAE,0.7879858390085328,1146,,,grouped_10fold,change,current_state,BASE,,,,,,,,
model_metric,HRS,,,acute,A_to_B,predictive_R2,0.2276040381814704,1146,,,grouped_10fold,change,current_state,BASE,,,,,,,,
model_metric,HRS,,,acute,A_to_B,mean_log_predictive_density,-1.381312929149659,1146,,,grouped_10fold,change,current_state,BASE,,,,,,,,
model_metric,HRS,,,acute,A_to_B,calibration_intercept,0.005741921007822,1146,,,grouped_10fold,change,current_state,BASE,,,,,,,,
model_metric,HRS,,,acute,A_to_B,calibration_slope,0.9609291671757948,1146,,,grouped_10fold,change,current_state,BASE,,,,,,,,
model_metric,HRS,,,acute,A_to_B,RMSE,0.9633069504043148,1146,,,grouped_10fold,change,current_state,SPLIT_PRIOR,,,,,,,,
model_metric,HRS,,,acute,A_to_B,MAE,0.7889309810443629,1146,,,grouped_10fold,change,current_state,SPLIT_PRIOR,,,,,,,,
model_metric,HRS,,,acute,A_to_B,predictive_R2,0.22642467726307,1146,,,grouped_10fold,change,current_state,SPLIT_PRIOR,,,,,,,,
model_metric,HRS,,,acute,A_to_B,mean_log_predictive_density,-1.382094820079326,1146,,,grouped_10fold,change,current_state,SPLIT_PRIOR,,,,,,,,
model_metric,HRS,,,acute,A_to_B,calibration_intercept,0.0058987738001625,1146,,,grouped_10fold,change,current_state,SPLIT_PRIOR,,,,,,,,
model_metric,HRS,,,acute,A_to_B,calibration_slope,0.958751706514834,1146,,,grouped_10fold,change,current_state,SPLIT_PRIOR,,,,,,,,
model_metric,HRS,,,acute,B_to_A,RMSE,0.9627039764944184,1141,,,grouped_10fold,change,current_state,BASE,,,,,,,,
model_metric,HRS,,,acute,B_to_A,MAE,0.7780648902991122,1141,,,grouped_10fold,change,current_state,BASE,,,,,,,,
model_metric,HRS,,,acute,B_to_A,predictive_R2,0.2313698264157132,1141,,,grouped_10fold,change,current_state,BASE,,,,,,,,
model_metric,HRS,,,acute,B_to_A,mean_log_predictive_density,-1.382204642245848,1141,,,grouped_10fold,change,current_state,BASE,,,,,,,,
model_metric,HRS,,,acute,B_to_A,calibration_intercept,0.0100065366530467,1141,,,grouped_10fold,change,current_state,BASE,,,,,,,,
model_metric,HRS,,,acute,B_to_A,calibration_slope,0.9593117188106276,1141,,,grouped_10fold,change,current_state,BASE,,,,,,,,
model_metric,HRS,,,acute,B_to_A,RMSE,0.9636627511164548,1141,,,grouped_10fold,change,current_state,SPLIT_PRIOR,,,,,,,,
model_metric,HRS,,,acute,B_to_A,MAE,0.77885343428774,1141,,,grouped_10fold,change,current_state,SPLIT_PRIOR,,,,,,,,
model_metric,HRS,,,acute,B_to_A,predictive_R2,0.2298380781529618,1141,,,grouped_10fold,change,current_state,SPLIT_PRIOR,,,,,,,,
model_metric,HRS,,,acute,B_to_A,mean_log_predictive_density,-1.3832453367250577,1141,,,grouped_10fold,change,current_state,SPLIT_PRIOR,,,,,,,,
model_metric,HRS,,,acute,B_to_A,calibration_intercept,0.0103555648508823,1141,,,grouped_10fold,change,current_state,SPLIT_PRIOR,,,,,,,,
model_metric,HRS,,,acute,B_to_A,calibration_slope,0.95628559245721,1141,,,grouped_10fold,change,current_state,SPLIT_PRIOR,,,,,,,,
comparison,HRS,,,acute,average,RMSE,-0.0008194800657429,1127,,equal-weight average of A-to-B and B-to-A gains,grouped_10fold,change,current_state,,BASE,SPLIT_PRIOR,SPLIT_PRIOR_minus_BASE,-0.0014038356112732,-0.0002665991838519,0.0002852682016894,500.0,500.0
comparison,HRS,,,acute,average,MAE,-0.0008532256165443,1127,,equal-weight average of A-to-B and B-to-A gains,grouped_10fold,change,current_state,,BASE,SPLIT_PRIOR,SPLIT_PRIOR_minus_BASE,-0.0013633002089351,-0.0003587442583206,0.0002670061027117,500.0,500.0
comparison,HRS,,,acute,average,predictive_R2,-0.0013117626606075,1127,,equal-weight average of A-to-B and B-to-A gains,grouped_10fold,change,current_state,,BASE,SPLIT_PRIOR,SPLIT_PRIOR_minus_BASE,-0.002251972164698,-0.000437257684569,0.0004601206329843,500.0,500.0
comparison,HRS,,,acute,average,mean_log_predictive_density,-0.000883282661757,1127,,equal-weight average of A-to-B and B-to-A gains,grouped_10fold,change,current_state,,BASE,SPLIT_PRIOR,SPLIT_PRIOR_minus_BASE,-0.0015182446067502,-0.000280515605971,0.0003053301489866,500.0,500.0
model_metric,HRS,,,acute,A_to_B,RMSE,0.9625723613640798,1146,,,grouped_10fold,ancova_level,ancova_current_state,BASE,,,,,,,,
model_metric,HRS,,,acute,A_to_B,MAE,0.7879858390085328,1146,,,grouped_10fold,ancova_level,ancova_current_state,BASE,,,,,,,,
model_metric,HRS,,,acute,A_to_B,predictive_R2,0.2029170490054176,1146,,,grouped_10fold,ancova_level,ancova_current_state,BASE,,,,,,,,
model_metric,HRS,,,acute,A_to_B,mean_log_predictive_density,-1.3813129291496589,1146,,,grouped_10fold,ancova_level,ancova_current_state,BASE,,,,,,,,
model_metric,HRS,,,acute,A_to_B,calibration_intercept,0.0050723063757743,1146,,,grouped_10fold,ancova_level,ancova_current_state,BASE,,,,,,,,
model_metric,HRS,,,acute,A_to_B,calibration_slope,0.9658090903150044,1146,,,grouped_10fold,ancova_level,ancova_current_state,BASE,,,,,,,,
model_metric,HRS,,,acute,A_to_B,RMSE,0.9633069504043148,1146,,,grouped_10fold,ancova_level,ancova_current_state,SPLIT_PRIOR,,,,,,,,
model_metric,HRS,,,acute,A_to_B,MAE,0.7889309810443629,1146,,,grouped_10fold,ancova_level,ancova_current_state,SPLIT_PRIOR,,,,,,,,
model_metric,HRS,,,acute,A_to_B,predictive_R2,0.2016999938580644,1146,,,grouped_10fold,ancova_level,ancova_current_state,SPLIT_PRIOR,,,,,,,,
model_metric,HRS,,,acute,A_to_B,mean_log_predictive_density,-1.382094820079326,1146,,,grouped_10fold,ancova_level,ancova_current_state,SPLIT_PRIOR,,,,,,,,
model_metric,HRS,,,acute,A_to_B,calibration_intercept,0.0054290148900748,1146,,,grouped_10fold,ancova_level,ancova_current_state,SPLIT_PRIOR,,,,,,,,
model_metric,HRS,,,acute,A_to_B,calibration_slope,0.9623898514913672,1146,,,grouped_10fold,ancova_level,ancova_current_state,SPLIT_PRIOR,,,,,,,,
model_metric,HRS,,,acute,B_to_A,RMSE,0.9627039764944184,1141,,,grouped_10fold,ancova_level,ancova_current_state,BASE,,,,,,,,
model_metric,HRS,,,acute,B_to_A,MAE,0.7780648902991122,1141,,,grouped_10fold,ancova_level,ancova_current_state,BASE,,,,,,,,
model_metric,HRS,,,acute,B_to_A,predictive_R2,0.2149672833073512,1141,,,grouped_10fold,ancova_level,ancova_current_state,BASE,,,,,,,,
model_metric,HRS,,,acute,B_to_A,mean_log_predictive_density,-1.382204642245848,1141,,,grouped_10fold,ancova_level,ancova_current_state,BASE,,,,,,,,
model_metric,HRS,,,acute,B_to_A,calibration_intercept,0.0097694749372072,1141,,,grouped_10fold,ancova_level,ancova_current_state,BASE,,,,,,,,
model_metric,HRS,,,acute,B_to_A,calibration_slope,0.9605417098450466,1141,,,grouped_10fold,ancova_level,ancova_current_state,BASE,,,,,,,,
model_metric,HRS,,,acute,B_to_A,RMSE,0.9636627511164548,1141,,,grouped_10fold,ancova_level,ancova_current_state,SPLIT_PRIOR,,,,,,,,
model_metric,HRS,,,acute,B_to_A,MAE,0.77885343428774,1141,,,grouped_10fold,ancova_level,ancova_current_state,SPLIT_PRIOR,,,,,,,,
model_metric,HRS,,,acute,B_to_A,predictive_R2,0.2134028475860869,1141,,,grouped_10fold,ancova_level,ancova_current_state,SPLIT_PRIOR,,,,,,,,
model_metric,HRS,,,acute,B_to_A,mean_log_predictive_density,-1.3832453367250577,1141,,,grouped_10fold,ancova_level,ancova_current_state,SPLIT_PRIOR,,,,,,,,
model_metric,HRS,,,acute,B_to_A,calibration_intercept,0.0102824141013188,1141,,,grouped_10fold,ancova_level,ancova_current_state,SPLIT_PRIOR,,,,,,,,
model_metric,HRS,,,acute,B_to_A,calibration_slope,0.956811905700868,1141,,,grouped_10fold,ancova_level,ancova_current_state,SPLIT_PRIOR,,,,,,,,
comparison,HRS,,,acute,average,RMSE,-0.0008194800657427,1127,,equal-weight average of A-to-B and B-to-A gains,grouped_10fold,ancova_level,ancova_current_state,,BASE,SPLIT_PRIOR,SPLIT_PRIOR_minus_BASE,-0.0013741757024097,-0.0003063231738626,0.0002822581745628,500.0,500.0
comparison,HRS,,,acute,average,MAE,-0.0008532256165442,1127,,equal-weight average of A-to-B and B-to-A gains,grouped_10fold,ancova_level,ancova_current_state,,BASE,SPLIT_PRIOR,SPLIT_PRIOR_minus_BASE,-0.001356681372103,-0.0003375567114479,0.0002648910555049,500.0,500.0
comparison,HRS,,,acute,average,predictive_R2,-0.0013457911492595,1127,,equal-weight average of A-to-B and B-to-A gains,grouped_10fold,ancova_level,ancova_current_state,,BASE,SPLIT_PRIOR,SPLIT_PRIOR_minus_BASE,-0.0022105978593213,-0.0004925281099562,0.0004600461048047,500.0,500.0
comparison,HRS,,,acute,average,mean_log_predictive_density,-0.000883282661757,1127,,equal-weight average of A-to-B and B-to-A gains,grouped_10fold,ancova_level,ancova_current_state,,BASE,SPLIT_PRIOR,SPLIT_PRIOR_minus_BASE,-0.001472675740515,-0.0003361902205793,0.0003034132924425,500.0,500.0
model_metric,HRS,,,persistence,A_to_B,RMSE,1.071323576142632,1135,,,grouped_10fold,change,context,BASE,,,,,,,,
model_metric,HRS,,,persistence,A_to_B,MAE,0.7813570699767065,1135,,,grouped_10fold,change,context,BASE,,,,,,,,
model_metric,HRS,,,persistence,A_to_B,predictive_R2,0.0080922014896229,1135,,,grouped_10fold,change,context,BASE,,,,,,,,
model_metric,HRS,,,persistence,A_to_B,mean_log_predictive_density,-1.4888834153983168,1135,,,grouped_10fold,change,context,BASE,,,,,,,,
model_metric,HRS,,,persistence,A_to_B,calibration_intercept,0.0160422409152557,1135,,,grouped_10fold,change,context,BASE,,,,,,,,
model_metric,HRS,,,persistence,A_to_B,calibration_slope,0.6786114039529821,1135,,,grouped_10fold,change,context,BASE,,,,,,,,
model_metric,HRS,,,persistence,A_to_B,RMSE,1.0663990936673071,1135,,,grouped_10fold,change,context,SPLIT_PRIOR,,,,,,,,
model_metric,HRS,,,persistence,A_to_B,MAE,0.7832599966022431,1135,,,grouped_10fold,change,context,SPLIT_PRIOR,,,,,,,,
model_metric,HRS,,,persistence,A_to_B,predictive_R2,0.0171901178337113,1135,,,grouped_10fold,change,context,SPLIT_PRIOR,,,,,,,,
model_metric,HRS,,,persistence,A_to_B,mean_log_predictive_density,-1.4845003495639038,1135,,,grouped_10fold,change,context,SPLIT_PRIOR,,,,,,,,
model_metric,HRS,,,persistence,A_to_B,calibration_intercept,0.0123798899871228,1135,,,grouped_10fold,change,context,SPLIT_PRIOR,,,,,,,,
model_metric,HRS,,,persistence,A_to_B,calibration_slope,0.7449434727497847,1135,,,grouped_10fold,change,context,SPLIT_PRIOR,,,,,,,,
model_metric,HRS,,,persistence,B_to_A,RMSE,1.0438179525584943,1141,,,grouped_10fold,change,context,BASE,,,,,,,,
model_metric,HRS,,,persistence,B_to_A,MAE,0.7283206778950796,1141,,,grouped_10fold,change,context,BASE,,,,,,,,
model_metric,HRS,,,persistence,B_to_A,predictive_R2,-0.0044687605848687,1141,,,grouped_10fold,change,context,BASE,,,,,,,,
model_metric,HRS,,,persistence,B_to_A,mean_log_predictive_density,-1.4629205014555606,1141,,,grouped_10fold,change,context,BASE,,,,,,,,
model_metric,HRS,,,persistence,B_to_A,calibration_intercept,0.0556523030518591,1141,,,grouped_10fold,change,context,BASE,,,,,,,,
model_metric,HRS,,,persistence,B_to_A,calibration_slope,0.3054297908076615,1141,,,grouped_10fold,change,context,BASE,,,,,,,,
model_metric,HRS,,,persistence,B_to_A,RMSE,1.0354419575241371,1141,,,grouped_10fold,change,context,SPLIT_PRIOR,,,,,,,,
model_metric,HRS,,,persistence,B_to_A,MAE,0.7359749173997453,1141,,,grouped_10fold,change,context,SPLIT_PRIOR,,,,,,,,
model_metric,HRS,,,persistence,B_to_A,predictive_R2,0.0115870450402502,1141,,,grouped_10fold,change,context,SPLIT_PRIOR,,,,,,,,
model_metric,HRS,,,persistence,B_to_A,mean_log_predictive_density,-1.454939223514782,1141,,,grouped_10fold,change,context,SPLIT_PRIOR,,,,,,,,
model_metric,HRS,,,persistence,B_to_A,calibration_intercept,0.0245136855150525,1141,,,grouped_10fold,change,context,SPLIT_PRIOR,,,,,,,,
model_metric,HRS,,,persistence,B_to_A,calibration_slope,0.7015271726539267,1141,,,grouped_10fold,change,context,SPLIT_PRIOR,,,,,,,,
comparison,HRS,,,persistence,average,RMSE,0.007188894410646,1117,,equal-weight average of A-to-B and B-to-A gains,grouped_10fold,change,context,,BASE,SPLIT_PRIOR,SPLIT_PRIOR_minus_BASE,-3.67650408048091e-05,0.0143925755441109,0.0037788078389713,500.0,500.0
comparison,HRS,,,persistence,average,MAE,-0.0046060836026825,1117,,equal-weight average of A-to-B and B-to-A gains,grouped_10fold,change,context,,BASE,SPLIT_PRIOR,SPLIT_PRIOR_minus_BASE,-0.0104271924435319,0.0012411536173093,0.0029433443234658,500.0,500.0
comparison,HRS,,,persistence,average,predictive_R2,0.0136563419616387,1117,,equal-weight average of A-to-B and B-to-A gains,grouped_10fold,change,context,,BASE,SPLIT_PRIOR,SPLIT_PRIOR_minus_BASE,2.479657379018984e-05,0.0269207431834918,0.0070973249592358,500.0,500.0
comparison,HRS,,,persistence,average,mean_log_predictive_density,0.0067402576257112,1117,,equal-weight average of A-to-B and B-to-A gains,grouped_10fold,change,context,,BASE,SPLIT_PRIOR,SPLIT_PRIOR_minus_BASE,-5.2817621647449486e-05,0.013674668560392,0.0036289364775596,500.0,500.0
model_metric,HRS,,,persistence,A_to_B,RMSE,0.9322132522522812,1135,,,grouped_10fold,change,current_state,BASE,,,,,,,,
model_metric,HRS,,,persistence,A_to_B,MAE,0.7566949528960912,1135,,,grouped_10fold,change,current_state,BASE,,,,,,,,
model_metric,HRS,,,persistence,A_to_B,predictive_R2,0.2489643973248174,1135,,,grouped_10fold,change,current_state,BASE,,,,,,,,
model_metric,HRS,,,persistence,A_to_B,mean_log_predictive_density,-1.3493738513190934,1135,,,grouped_10fold,change,current_state,BASE,,,,,,,,
model_metric,HRS,,,persistence,A_to_B,calibration_intercept,0.0022150135110525,1135,,,grouped_10fold,change,current_state,BASE,,,,,,,,
model_metric,HRS,,,persistence,A_to_B,calibration_slope,0.9648053534925808,1135,,,grouped_10fold,change,current_state,BASE,,,,,,,,
model_metric,HRS,,,persistence,A_to_B,RMSE,0.93359686586074,1135,,,grouped_10fold,change,current_state,SPLIT_PRIOR,,,,,,,,
model_metric,HRS,,,persistence,A_to_B,MAE,0.7581569460016193,1135,,,grouped_10fold,change,current_state,SPLIT_PRIOR,,,,,,,,
model_metric,HRS,,,persistence,A_to_B,predictive_R2,0.2467333321934919,1135,,,grouped_10fold,change,current_state,SPLIT_PRIOR,,,,,,,,
model_metric,HRS,,,persistence,A_to_B,mean_log_predictive_density,-1.3509278782582002,1135,,,grouped_10fold,change,current_state,SPLIT_PRIOR,,,,,,,,
model_metric,HRS,,,persistence,A_to_B,calibration_intercept,0.0022933888037147,1135,,,grouped_10fold,change,current_state,SPLIT_PRIOR,,,,,,,,
model_metric,HRS,,,persistence,A_to_B,calibration_slope,0.9595432496515,1135,,,grouped_10fold,change,current_state,SPLIT_PRIOR,,,,,,,,
model_metric,HRS,,,persistence,B_to_A,RMSE,0.8955821385771752,1141,,,grouped_10fold,change,current_state,BASE,,,,,,,,
model_metric,HRS,,,persistence,B_to_A,MAE,0.7149516108928634,1141,,,grouped_10fold,change,current_state,BASE,,,,,,,,
model_metric,HRS,,,persistence,B_to_A,predictive_R2,0.2605688238640942,1141,,,grouped_10fold,change,current_state,BASE,,,,,,,,
model_metric,HRS,,,persistence,B_to_A,mean_log_predictive_density,-1.309584945081146,1141,,,grouped_10fold,change,current_state,BASE,,,,,,,,
model_metric,HRS,,,persistence,B_to_A,calibration_intercept,0.003998435551428,1141,,,grouped_10fold,change,current_state,BASE,,,,,,,,
model_metric,HRS,,,persistence,B_to_A,calibration_slope,0.9650155704045258,1141,,,grouped_10fold,change,current_state,BASE,,,,,,,,
model_metric,HRS,,,persistence,B_to_A,RMSE,0.8957233605792403,1141,,,grouped_10fold,change,current_state,SPLIT_PRIOR,,,,,,,,
model_metric,HRS,,,persistence,B_to_A,MAE,0.715798157356906,1141,,,grouped_10fold,change,current_state,SPLIT_PRIOR,,,,,,,,
model_metric,HRS,,,persistence,B_to_A,predictive_R2,0.260335607546451,1141,,,grouped_10fold,change,current_state,SPLIT_PRIOR,,,,,,,,
model_metric,HRS,,,persistence,B_to_A,mean_log_predictive_density,-1.3097300718934577,1141,,,grouped_10fold,change,current_state,SPLIT_PRIOR,,,,,,,,
model_metric,HRS,,,persistence,B_to_A,calibration_intercept,0.0042381361320359,1141,,,grouped_10fold,change,current_state,SPLIT_PRIOR,,,,,,,,
model_metric,HRS,,,persistence,B_to_A,calibration_slope,0.9623441367379068,1141,,,grouped_10fold,change,current_state,SPLIT_PRIOR,,,,,,,,
comparison,HRS,,,persistence,average,RMSE,-0.0006672140260765,1117,,equal-weight average of A-to-B and B-to-A gains,grouped_10fold,change,current_state,,BASE,SPLIT_PRIOR,SPLIT_PRIOR_minus_BASE,-0.0023457158431168,0.0008474945184998,0.0007995690280427,500.0,500.0
comparison,HRS,,,persistence,average,MAE,-0.0011252181246469,1117,,equal-weight average of A-to-B and B-to-A gains,grouped_10fold,change,current_state,,BASE,SPLIT_PRIOR,SPLIT_PRIOR_minus_BASE,-0.0025004705066387,0.0003426777078446,0.00072540925724,500.0,500.0
comparison,HRS,,,persistence,average,predictive_R2,-0.0010847578731855,1117,,equal-weight average of A-to-B and B-to-A gains,grouped_10fold,change,current_state,,BASE,SPLIT_PRIOR,SPLIT_PRIOR_minus_BASE,-0.0038558717000735,0.0013432339301579,0.0013129378027208,500.0,500.0
comparison,HRS,,,persistence,average,mean_log_predictive_density,-0.0007369501003497,1117,,equal-weight average of A-to-B and B-to-A gains,grouped_10fold,change,current_state,,BASE,SPLIT_PRIOR,SPLIT_PRIOR_minus_BASE,-0.0025724623492303,0.0009590288390947,0.0008931752746073,500.0,500.0
model_metric,HRS,,,persistence,A_to_B,RMSE,0.9322132522522812,1135,,,grouped_10fold,ancova_level,ancova_current_state,BASE,,,,,,,,
model_metric,HRS,,,persistence,A_to_B,MAE,0.7566949528960912,1135,,,grouped_10fold,ancova_level,ancova_current_state,BASE,,,,,,,,
model_metric,HRS,,,persistence,A_to_B,predictive_R2,0.2196019915266259,1135,,,grouped_10fold,ancova_level,ancova_current_state,BASE,,,,,,,,
model_metric,HRS,,,persistence,A_to_B,mean_log_predictive_density,-1.3493738513190936,1135,,,grouped_10fold,ancova_level,ancova_current_state,BASE,,,,,,,,
model_metric,HRS,,,persistence,A_to_B,calibration_intercept,0.0018825236702788,1135,,,grouped_10fold,ancova_level,ancova_current_state,BASE,,,,,,,,
model_metric,HRS,,,persistence,A_to_B,calibration_slope,0.9727852551704288,1135,,,grouped_10fold,ancova_level,ancova_current_state,BASE,,,,,,,,
model_metric,HRS,,,persistence,A_to_B,RMSE,0.9335968658607398,1135,,,grouped_10fold,ancova_level,ancova_current_state,SPLIT_PRIOR,,,,,,,,
model_metric,HRS,,,persistence,A_to_B,MAE,0.7581569460016193,1135,,,grouped_10fold,ancova_level,ancova_current_state,SPLIT_PRIOR,,,,,,,,
model_metric,HRS,,,persistence,A_to_B,predictive_R2,0.2172837009168878,1135,,,grouped_10fold,ancova_level,ancova_current_state,SPLIT_PRIOR,,,,,,,,
model_metric,HRS,,,persistence,A_to_B,mean_log_predictive_density,-1.3509278782581997,1135,,,grouped_10fold,ancova_level,ancova_current_state,SPLIT_PRIOR,,,,,,,,
model_metric,HRS,,,persistence,A_to_B,calibration_intercept,0.0020305302590467,1135,,,grouped_10fold,ancova_level,ancova_current_state,SPLIT_PRIOR,,,,,,,,
model_metric,HRS,,,persistence,A_to_B,calibration_slope,0.9663882737793456,1135,,,grouped_10fold,ancova_level,ancova_current_state,SPLIT_PRIOR,,,,,,,,
model_metric,HRS,,,persistence,B_to_A,RMSE,0.8955821385771753,1141,,,grouped_10fold,ancova_level,ancova_current_state,BASE,,,,,,,,
model_metric,HRS,,,persistence,B_to_A,MAE,0.7149516108928632,1141,,,grouped_10fold,ancova_level,ancova_current_state,BASE,,,,,,,,
model_metric,HRS,,,persistence,B_to_A,predictive_R2,0.2251092586915414,1141,,,grouped_10fold,ancova_level,ancova_current_state,BASE,,,,,,,,
model_metric,HRS,,,persistence,B_to_A,mean_log_predictive_density,-1.309584945081146,1141,,,grouped_10fold,ancova_level,ancova_current_state,BASE,,,,,,,,
model_metric,HRS,,,persistence,B_to_A,calibration_intercept,0.0035195909299361,1141,,,grouped_10fold,ancova_level,ancova_current_state,BASE,,,,,,,,
model_metric,HRS,,,persistence,B_to_A,calibration_slope,0.972479261584281,1141,,,grouped_10fold,ancova_level,ancova_current_state,BASE,,,,,,,,
model_metric,HRS,,,persistence,B_to_A,RMSE,0.8957233605792403,1141,,,grouped_10fold,ancova_level,ancova_current_state,SPLIT_PRIOR,,,,,,,,
model_metric,HRS,,,persistence,B_to_A,MAE,0.7157981573569059,1141,,,grouped_10fold,ancova_level,ancova_current_state,SPLIT_PRIOR,,,,,,,,
model_metric,HRS,,,persistence,B_to_A,predictive_R2,0.2248648584402455,1141,,,grouped_10fold,ancova_level,ancova_current_state,SPLIT_PRIOR,,,,,,,,
model_metric,HRS,,,persistence,B_to_A,mean_log_predictive_density,-1.3097300718934577,1141,,,grouped_10fold,ancova_level,ancova_current_state,SPLIT_PRIOR,,,,,,,,
model_metric,HRS,,,persistence,B_to_A,calibration_intercept,0.0037068527726269,1141,,,grouped_10fold,ancova_level,ancova_current_state,SPLIT_PRIOR,,,,,,,,
model_metric,HRS,,,persistence,B_to_A,calibration_slope,0.9705737174178112,1141,,,grouped_10fold,ancova_level,ancova_current_state,SPLIT_PRIOR,,,,,,,,
comparison,HRS,,,persistence,average,RMSE,-0.0006672140260765,1117,,equal-weight average of A-to-B and B-to-A gains,grouped_10fold,ancova_level,ancova_current_state,,BASE,SPLIT_PRIOR,SPLIT_PRIOR_minus_BASE,-0.0023350351216499,0.0010655066042937,0.0009019611504242,500.0,500.0
comparison,HRS,,,persistence,average,MAE,-0.0011252181246468,1117,,equal-weight average of A-to-B and B-to-A gains,grouped_10fold,ancova_level,ancova_current_state,,BASE,SPLIT_PRIOR,SPLIT_PRIOR_minus_BASE,-0.0025836753689683,0.0003956851288728,0.0008037203740127,500.0,500.0
comparison,HRS,,,persistence,average,predictive_R2,-0.0011214542800156,1117,,equal-weight average of A-to-B and B-to-A gains,grouped_10fold,ancova_level,ancova_current_state,,BASE,SPLIT_PRIOR,SPLIT_PRIOR_minus_BASE,-0.0040729531965862,0.0018773778903735,0.0015497400532474,500.0,500.0
comparison,HRS,,,persistence,average,mean_log_predictive_density,-0.0007369501003496,1117,,equal-weight average of A-to-B and B-to-A gains,grouped_10fold,ancova_level,ancova_current_state,,BASE,SPLIT_PRIOR,SPLIT_PRIOR_minus_BASE,-0.0026285835638832,0.0012040811629905,0.0010099523932033,500.0,500.0
model_metric,HRS,,,acute,A_to_B,RMSE,1.1554482773048431,335,,,temporal_70_30,change,context,BASE,,,,,,,,
model_metric,HRS,,,acute,A_to_B,MAE,0.8985398727306915,335,,,temporal_70_30,change,context,BASE,,,,,,,,
model_metric,HRS,,,acute,A_to_B,predictive_R2,-0.0451839569244361,335,,,temporal_70_30,change,context,BASE,,,,,,,,
model_metric,HRS,,,acute,A_to_B,mean_log_predictive_density,-1.5679426621287125,335,,,temporal_70_30,change,context,BASE,,,,,,,,
model_metric,HRS,,,acute,A_to_B,calibration_intercept,0.1680028563816482,335,,,temporal_70_30,change,context,BASE,,,,,,,,
model_metric,HRS,,,acute,A_to_B,calibration_slope,0.0296491871271427,335,,,temporal_70_30,change,context,BASE,,,,,,,,
model_metric,HRS,,,acute,A_to_B,RMSE,1.1514154853138994,335,,,temporal_70_30,change,context,SPLIT_PRIOR,,,,,,,,
model_metric,HRS,,,acute,A_to_B,MAE,0.8984694784972722,335,,,temporal_70_30,change,context,SPLIT_PRIOR,,,,,,,,
model_metric,HRS,,,acute,A_to_B,predictive_R2,-0.0379008030603036,335,,,temporal_70_30,change,context,SPLIT_PRIOR,,,,,,,,
model_metric,HRS,,,acute,A_to_B,mean_log_predictive_density,-1.5640705359133265,335,,,temporal_70_30,change,context,SPLIT_PRIOR,,,,,,,,
model_metric,HRS,,,acute,A_to_B,calibration_intercept,0.0822608636616374,335,,,temporal_70_30,change,context,SPLIT_PRIOR,,,,,,,,
model_metric,HRS,,,acute,A_to_B,calibration_slope,0.2603995801042549,335,,,temporal_70_30,change,context,SPLIT_PRIOR,,,,,,,,
model_metric,HRS,,,acute,B_to_A,RMSE,1.0916558725620922,331,,,temporal_70_30,change,context,BASE,,,,,,,,
model_metric,HRS,,,acute,B_to_A,MAE,0.8034972661646074,331,,,temporal_70_30,change,context,BASE,,,,,,,,
model_metric,HRS,,,acute,B_to_A,predictive_R2,0.0055605063804191,331,,,temporal_70_30,change,context,BASE,,,,,,,,
model_metric,HRS,,,acute,B_to_A,mean_log_predictive_density,-1.506953539139463,331,,,temporal_70_30,change,context,BASE,,,,,,,,
model_metric,HRS,,,acute,B_to_A,calibration_intercept,0.0692724641007268,331,,,temporal_70_30,change,context,BASE,,,,,,,,
model_metric,HRS,,,acute,B_to_A,calibration_slope,0.6347270693629254,331,,,temporal_70_30,change,context,BASE,,,,,,,,
model_metric,HRS,,,acute,B_to_A,RMSE,1.0912642727883155,331,,,temporal_70_30,change,context,SPLIT_PRIOR,,,,,,,,
model_metric,HRS,,,acute,B_to_A,MAE,0.8044734937345369,331,,,temporal_70_30,change,context,SPLIT_PRIOR,,,,,,,,
model_metric,HRS,,,acute,B_to_A,predictive_R2,0.0062738308695133,331,,,temporal_70_30,change,context,SPLIT_PRIOR,,,,,,,,
model_metric,HRS,,,acute,B_to_A,mean_log_predictive_density,-1.5065960557483606,331,,,temporal_70_30,change,context,SPLIT_PRIOR,,,,,,,,
model_metric,HRS,,,acute,B_to_A,calibration_intercept,0.0674767707802889,331,,,temporal_70_30,change,context,SPLIT_PRIOR,,,,,,,,
model_metric,HRS,,,acute,B_to_A,calibration_slope,0.6476615016745224,331,,,temporal_70_30,change,context,SPLIT_PRIOR,,,,,,,,
comparison,HRS,,,acute,average,RMSE,0.0022658982421284,327,,equal-weight average of A-to-B and B-to-A gains,temporal_70_30,change,context,,BASE,SPLIT_PRIOR,SPLIT_PRIOR_minus_BASE,-0.0014921510507823,0.0061631148246063,0.0019519707526478,500.0,500.0
comparison,HRS,,,acute,average,MAE,-0.0004599543246842,327,,equal-weight average of A-to-B and B-to-A gains,temporal_70_30,change,context,,BASE,SPLIT_PRIOR,SPLIT_PRIOR_minus_BASE,-0.0036302097696704,0.0027500506678388,0.0015864793885793,500.0,500.0
comparison,HRS,,,acute,average,predictive_R2,0.0040562016778076,327,,equal-weight average of A-to-B and B-to-A gains,temporal_70_30,change,context,,BASE,SPLIT_PRIOR,SPLIT_PRIOR_minus_BASE,-0.0027397665960271,0.0110243686998993,0.0034978744215625,500.0,500.0
comparison,HRS,,,acute,average,mean_log_predictive_density,0.0021830351651512,327,,equal-weight average of A-to-B and B-to-A gains,temporal_70_30,change,context,,BASE,SPLIT_PRIOR,SPLIT_PRIOR_minus_BASE,-0.0014383960322718,0.0060948934825213,0.0019229302193437,500.0,500.0
model_metric,HRS,,,acute,A_to_B,RMSE,1.0079590575143396,335,,,temporal_70_30,change,current_state,BASE,,,,,,,,
model_metric,HRS,,,acute,A_to_B,MAE,0.8239213756265239,335,,,temporal_70_30,change,current_state,BASE,,,,,,,,
model_metric,HRS,,,acute,A_to_B,predictive_R2,0.2046148110709481,335,,,temporal_70_30,change,current_state,BASE,,,,,,,,
model_metric,HRS,,,acute,A_to_B,mean_log_predictive_density,-1.4309150414502814,335,,,temporal_70_30,change,current_state,BASE,,,,,,,,
model_metric,HRS,,,acute,A_to_B,calibration_intercept,-0.0131033351169333,335,,,temporal_70_30,change,current_state,BASE,,,,,,,,
model_metric,HRS,,,acute,A_to_B,calibration_slope,0.9041562745829466,335,,,temporal_70_30,change,current_state,BASE,,,,,,,,
model_metric,HRS,,,acute,A_to_B,RMSE,1.0078761283639122,335,,,temporal_70_30,change,current_state,SPLIT_PRIOR,,,,,,,,
model_metric,HRS,,,acute,A_to_B,MAE,0.8238765068412089,335,,,temporal_70_30,change,current_state,SPLIT_PRIOR,,,,,,,,
model_metric,HRS,,,acute,A_to_B,predictive_R2,0.2047456852449655,335,,,temporal_70_30,change,current_state,SPLIT_PRIOR,,,,,,,,
model_metric,HRS,,,acute,A_to_B,mean_log_predictive_density,-1.4308238617688256,335,,,temporal_70_30,change,current_state,SPLIT_PRIOR,,,,,,,,
model_metric,HRS,,,acute,A_to_B,calibration_intercept,-0.0132434982280673,335,,,temporal_70_30,change,current_state,SPLIT_PRIOR,,,,,,,,
model_metric,HRS,,,acute,A_to_B,calibration_slope,0.9034941939017744,335,,,temporal_70_30,change,current_state,SPLIT_PRIOR,,,,,,,,
model_metric,HRS,,,acute,B_to_A,RMSE,0.962743142314784,331,,,temporal_70_30,change,current_state,BASE,,,,,,,,
model_metric,HRS,,,acute,B_to_A,MAE,0.7646301126709811,331,,,temporal_70_30,change,current_state,BASE,,,,,,,,
model_metric,HRS,,,acute,B_to_A,predictive_R2,0.2265580555847357,331,,,temporal_70_30,change,current_state,BASE,,,,,,,,
model_metric,HRS,,,acute,B_to_A,mean_log_predictive_density,-1.381676765201482,331,,,temporal_70_30,change,current_state,BASE,,,,,,,,
model_metric,HRS,,,acute,B_to_A,calibration_intercept,0.0697677717526979,331,,,temporal_70_30,change,current_state,BASE,,,,,,,,
model_metric,HRS,,,acute,B_to_A,calibration_slope,0.9557869199006634,331,,,temporal_70_30,change,current_state,BASE,,,,,,,,
model_metric,HRS,,,acute,B_to_A,RMSE,0.9627255002984068,331,,,temporal_70_30,change,current_state,SPLIT_PRIOR,,,,,,,,
model_metric,HRS,,,acute,B_to_A,MAE,0.7639938564775538,331,,,temporal_70_30,change,current_state,SPLIT_PRIOR,,,,,,,,
model_metric,HRS,,,acute,B_to_A,predictive_R2,0.2265864015678522,331,,,temporal_70_30,change,current_state,SPLIT_PRIOR,,,,,,,,
model_metric,HRS,,,acute,B_to_A,mean_log_predictive_density,-1.381662280947337,331,,,temporal_70_30,change,current_state,SPLIT_PRIOR,,,,,,,,
model_metric,HRS,,,acute,B_to_A,calibration_intercept,0.0692103350589878,331,,,temporal_70_30,change,current_state,SPLIT_PRIOR,,,,,,,,
model_metric,HRS,,,acute,B_to_A,calibration_slope,0.9545386522327096,331,,,temporal_70_30,change,current_state,SPLIT_PRIOR,,,,,,,,
comparison,HRS,,,acute,average,RMSE,0.0001142767307926,327,,equal-weight average of A-to-B and B-to-A gains,temporal_70_30,change,current_state,,BASE,SPLIT_PRIOR,SPLIT_PRIOR_minus_BASE,-0.0005904193046326,0.0008205555818671,0.0003551443675778,500.0,500.0
comparison,HRS,,,acute,average,MAE,0.0003823520750438,327,,equal-weight average of A-to-B and B-to-A gains,temporal_70_30,change,current_state,,BASE,SPLIT_PRIOR,SPLIT_PRIOR_minus_BASE,-0.0002646921912918,0.0010319105397625,0.0003248211799763,500.0,500.0
comparison,HRS,,,acute,average,predictive_R2,0.0001815655419906,327,,equal-weight average of A-to-B and B-to-A gains,temporal_70_30,change,current_state,,BASE,SPLIT_PRIOR,SPLIT_PRIOR_minus_BASE,-0.0009720111875077,0.0012859457895055,0.000572681652233,500.0,500.0
comparison,HRS,,,acute,average,mean_log_predictive_density,0.000122323947943,327,,equal-weight average of A-to-B and B-to-A gains,temporal_70_30,change,current_state,,BASE,SPLIT_PRIOR,SPLIT_PRIOR_minus_BASE,-0.0006520202503343,0.0008950319949407,0.0003911154413542,500.0,500.0
model_metric,HRS,,,acute,A_to_B,RMSE,1.0079590575143396,335,,,temporal_70_30,ancova_level,ancova_current_state,BASE,,,,,,,,
model_metric,HRS,,,acute,A_to_B,MAE,0.8239213756265239,335,,,temporal_70_30,ancova_level,ancova_current_state,BASE,,,,,,,,
model_metric,HRS,,,acute,A_to_B,predictive_R2,0.1951022365148708,335,,,temporal_70_30,ancova_level,ancova_current_state,BASE,,,,,,,,
model_metric,HRS,,,acute,A_to_B,mean_log_predictive_density,-1.4309150414502814,335,,,temporal_70_30,ancova_level,ancova_current_state,BASE,,,,,,,,
model_metric,HRS,,,acute,A_to_B,calibration_intercept,-0.0228248630404614,335,,,temporal_70_30,ancova_level,ancova_current_state,BASE,,,,,,,,
model_metric,HRS,,,acute,A_to_B,calibration_slope,0.93512563001543,335,,,temporal_70_30,ancova_level,ancova_current_state,BASE,,,,,,,,
model_metric,HRS,,,acute,A_to_B,RMSE,1.0078761283639122,335,,,temporal_70_30,ancova_level,ancova_current_state,SPLIT_PRIOR,,,,,,,,
model_metric,HRS,,,acute,A_to_B,MAE,0.8238765068412089,335,,,temporal_70_30,ancova_level,ancova_current_state,SPLIT_PRIOR,,,,,,,,
model_metric,HRS,,,acute,A_to_B,predictive_R2,0.1952346759057858,335,,,temporal_70_30,ancova_level,ancova_current_state,SPLIT_PRIOR,,,,,,,,
model_metric,HRS,,,acute,A_to_B,mean_log_predictive_density,-1.4308238617688256,335,,,temporal_70_30,ancova_level,ancova_current_state,SPLIT_PRIOR,,,,,,,,
model_metric,HRS,,,acute,A_to_B,calibration_intercept,-0.0233249803947491,335,,,temporal_70_30,ancova_level,ancova_current_state,SPLIT_PRIOR,,,,,,,,
model_metric,HRS,,,acute,A_to_B,calibration_slope,0.9364006256196526,335,,,temporal_70_30,ancova_level,ancova_current_state,SPLIT_PRIOR,,,,,,,,
model_metric,HRS,,,acute,B_to_A,RMSE,0.962743142314784,331,,,temporal_70_30,ancova_level,ancova_current_state,BASE,,,,,,,,
model_metric,HRS,,,acute,B_to_A,MAE,0.7646301126709809,331,,,temporal_70_30,ancova_level,ancova_current_state,BASE,,,,,,,,
model_metric,HRS,,,acute,B_to_A,predictive_R2,0.1747095672083545,331,,,temporal_70_30,ancova_level,ancova_current_state,BASE,,,,,,,,
model_metric,HRS,,,acute,B_to_A,mean_log_predictive_density,-1.381676765201482,331,,,temporal_70_30,ancova_level,ancova_current_state,BASE,,,,,,,,
model_metric,HRS,,,acute,B_to_A,calibration_intercept,0.066501622348754,331,,,temporal_70_30,ancova_level,ancova_current_state,BASE,,,,,,,,
model_metric,HRS,,,acute,B_to_A,calibration_slope,0.908000029853565,331,,,temporal_70_30,ancova_level,ancova_current_state,BASE,,,,,,,,
model_metric,HRS,,,acute,B_to_A,RMSE,0.9627255002984068,331,,,temporal_70_30,ancova_level,ancova_current_state,SPLIT_PRIOR,,,,,,,,
model_metric,HRS,,,acute,B_to_A,MAE,0.7639938564775536,331,,,temporal_70_30,ancova_level,ancova_current_state,SPLIT_PRIOR,,,,,,,,
model_metric,HRS,,,acute,B_to_A,predictive_R2,0.1747398133940484,331,,,temporal_70_30,ancova_level,ancova_current_state,SPLIT_PRIOR,,,,,,,,
model_metric,HRS,,,acute,B_to_A,mean_log_predictive_density,-1.3816622809473365,331,,,temporal_70_30,ancova_level,ancova_current_state,SPLIT_PRIOR,,,,,,,,
model_metric,HRS,,,acute,B_to_A,calibration_intercept,0.065797753946673,331,,,temporal_70_30,ancova_level,ancova_current_state,SPLIT_PRIOR,,,,,,,,
model_metric,HRS,,,acute,B_to_A,calibration_slope,0.907407554629673,331,,,temporal_70_30,ancova_level,ancova_current_state,SPLIT_PRIOR,,,,,,,,
comparison,HRS,,,acute,average,RMSE,0.0001142767307926,327,,equal-weight average of A-to-B and B-to-A gains,temporal_70_30,ancova_level,ancova_current_state,,BASE,SPLIT_PRIOR,SPLIT_PRIOR_minus_BASE,-0.0005905719865985,0.0007594687012407,0.0003500974716779,500.0,500.0
comparison,HRS,,,acute,average,MAE,0.0003823520750438,327,,equal-weight average of A-to-B and B-to-A gains,temporal_70_30,ancova_level,ancova_current_state,,BASE,SPLIT_PRIOR,SPLIT_PRIOR_minus_BASE,-0.0002466311004932,0.0010684609959731,0.0003178351008829,500.0,500.0
comparison,HRS,,,acute,average,predictive_R2,0.0001936678025117,327,,equal-weight average of A-to-B and B-to-A gains,temporal_70_30,ancova_level,ancova_current_state,,BASE,SPLIT_PRIOR,SPLIT_PRIOR_minus_BASE,-0.001041807188069,0.0013418910059332,0.0006079108471617,500.0,500.0
comparison,HRS,,,acute,average,mean_log_predictive_density,0.0001223239479432,327,,equal-weight average of A-to-B and B-to-A gains,temporal_70_30,ancova_level,ancova_current_state,,BASE,SPLIT_PRIOR,SPLIT_PRIOR_minus_BASE,-0.0006539991371144,0.0008306138024528,0.0003819513108971,500.0,500.0
model_metric,HRS,,,persistence,A_to_B,RMSE,1.1578312504327712,331,,,temporal_70_30,change,context,BASE,,,,,,,,
model_metric,HRS,,,persistence,A_to_B,MAE,0.8635512961623308,331,,,temporal_70_30,change,context,BASE,,,,,,,,
model_metric,HRS,,,persistence,A_to_B,predictive_R2,-0.0242843927410232,331,,,temporal_70_30,change,context,BASE,,,,,,,,
model_metric,HRS,,,persistence,A_to_B,mean_log_predictive_density,-1.575694582221676,331,,,temporal_70_30,change,context,BASE,,,,,,,,
model_metric,HRS,,,persistence,A_to_B,calibration_intercept,-0.2430421699369401,331,,,temporal_70_30,change,context,BASE,,,,,,,,
model_metric,HRS,,,persistence,A_to_B,calibration_slope,1.0169802138238777,331,,,temporal_70_30,change,context,BASE,,,,,,,,
model_metric,HRS,,,persistence,A_to_B,RMSE,1.1467618960036363,331,,,temporal_70_30,change,context,SPLIT_PRIOR,,,,,,,,
model_metric,HRS,,,persistence,A_to_B,MAE,0.8556624889811962,331,,,temporal_70_30,change,context,SPLIT_PRIOR,,,,,,,,
model_metric,HRS,,,persistence,A_to_B,predictive_R2,-0.0047928335879929,331,,,temporal_70_30,change,context,SPLIT_PRIOR,,,,,,,,
model_metric,HRS,,,persistence,A_to_B,mean_log_predictive_density,-1.5642720339938991,331,,,temporal_70_30,change,context,SPLIT_PRIOR,,,,,,,,
model_metric,HRS,,,persistence,A_to_B,calibration_intercept,-0.32966200199766,331,,,temporal_70_30,change,context,SPLIT_PRIOR,,,,,,,,
model_metric,HRS,,,persistence,A_to_B,calibration_slope,1.37823652027568,331,,,temporal_70_30,change,context,SPLIT_PRIOR,,,,,,,,
model_metric,HRS,,,persistence,B_to_A,RMSE,1.0762643137975143,334,,,temporal_70_30,change,context,BASE,,,,,,,,
model_metric,HRS,,,persistence,B_to_A,MAE,0.7395694044173048,334,,,temporal_70_30,change,context,BASE,,,,,,,,
model_metric,HRS,,,persistence,B_to_A,predictive_R2,0.0004572489585886,334,,,temporal_70_30,change,context,BASE,,,,,,,,
model_metric,HRS,,,persistence,B_to_A,mean_log_predictive_density,-1.4967672172780258,334,,,temporal_70_30,change,context,BASE,,,,,,,,
model_metric,HRS,,,persistence,B_to_A,calibration_intercept,0.0753644021601389,334,,,temporal_70_30,change,context,BASE,,,,,,,,
model_metric,HRS,,,persistence,B_to_A,calibration_slope,0.736025128234675,334,,,temporal_70_30,change,context,BASE,,,,,,,,
model_metric,HRS,,,persistence,B_to_A,RMSE,1.0738488344188435,334,,,temporal_70_30,change,context,SPLIT_PRIOR,,,,,,,,
model_metric,HRS,,,persistence,B_to_A,MAE,0.7483639467928229,334,,,temporal_70_30,change,context,SPLIT_PRIOR,,,,,,,,
model_metric,HRS,,,persistence,B_to_A,predictive_R2,0.0049387978862808,334,,,temporal_70_30,change,context,SPLIT_PRIOR,,,,,,,,
model_metric,HRS,,,persistence,B_to_A,mean_log_predictive_density,-1.4957711025807527,334,,,temporal_70_30,change,context,SPLIT_PRIOR,,,,,,,,
model_metric,HRS,,,persistence,B_to_A,calibration_intercept,0.1051863542328704,334,,,temporal_70_30,change,context,SPLIT_PRIOR,,,,,,,,
model_metric,HRS,,,persistence,B_to_A,calibration_slope,0.7001218780175216,334,,,temporal_70_30,change,context,SPLIT_PRIOR,,,,,,,,
comparison,HRS,,,persistence,average,RMSE,0.0074171284845074,325,,equal-weight average of A-to-B and B-to-A gains,temporal_70_30,change,context,,BASE,SPLIT_PRIOR,SPLIT_PRIOR_minus_BASE,-0.0024137479231393,0.0188193598818435,0.0053199239481877,500.0,500.0
comparison,HRS,,,persistence,average,MAE,4.352295242249227e-05,325,,equal-weight average of A-to-B and B-to-A gains,temporal_70_30,change,context,,BASE,SPLIT_PRIOR,SPLIT_PRIOR_minus_BASE,-0.008657151513915,0.0087671232419748,0.0044062783536413,500.0,500.0
comparison,HRS,,,persistence,average,predictive_R2,0.0132736584025251,325,,equal-weight average of A-to-B and B-to-A gains,temporal_70_30,change,context,,BASE,SPLIT_PRIOR,SPLIT_PRIOR_minus_BASE,-0.0058776494730584,0.0333452303496842,0.0098927447165151,500.0,500.0
comparison,HRS,,,persistence,average,mean_log_predictive_density,0.0070823406224233,325,,equal-weight average of A-to-B and B-to-A gains,temporal_70_30,change,context,,BASE,SPLIT_PRIOR,SPLIT_PRIOR_minus_BASE,-0.0033983427139367,0.0191585028582597,0.0055803076692692,500.0,500.0
model_metric,HRS,,,persistence,A_to_B,RMSE,0.985212240491557,331,,,temporal_70_30,change,current_state,BASE,,,,,,,,
model_metric,HRS,,,persistence,A_to_B,MAE,0.8012858180510936,331,,,temporal_70_30,change,current_state,BASE,,,,,,,,
model_metric,HRS,,,persistence,A_to_B,predictive_R2,0.2583660219577245,331,,,temporal_70_30,change,current_state,BASE,,,,,,,,
model_metric,HRS,,,persistence,A_to_B,mean_log_predictive_density,-1.409807074500285,331,,,temporal_70_30,change,current_state,BASE,,,,,,,,
model_metric,HRS,,,persistence,A_to_B,calibration_intercept,-0.0826276730927238,331,,,temporal_70_30,change,current_state,BASE,,,,,,,,
model_metric,HRS,,,persistence,A_to_B,calibration_slope,1.0623157566490726,331,,,temporal_70_30,change,current_state,BASE,,,,,,,,
model_metric,HRS,,,persistence,A_to_B,RMSE,0.9908046456338911,331,,,temporal_70_30,change,current_state,SPLIT_PRIOR,,,,,,,,
model_metric,HRS,,,persistence,A_to_B,MAE,0.8045978212199765,331,,,temporal_70_30,change,current_state,SPLIT_PRIOR,,,,,,,,
model_metric,HRS,,,persistence,A_to_B,predictive_R2,0.2499225843442144,331,,,temporal_70_30,change,current_state,SPLIT_PRIOR,,,,,,,,
model_metric,HRS,,,persistence,A_to_B,mean_log_predictive_density,-1.4164992579409024,331,,,temporal_70_30,change,current_state,SPLIT_PRIOR,,,,,,,,
model_metric,HRS,,,persistence,A_to_B,calibration_intercept,-0.0842540741980992,331,,,temporal_70_30,change,current_state,SPLIT_PRIOR,,,,,,,,
model_metric,HRS,,,persistence,A_to_B,calibration_slope,1.0516864135742825,331,,,temporal_70_30,change,current_state,SPLIT_PRIOR,,,,,,,,
model_metric,HRS,,,persistence,B_to_A,RMSE,0.9197872360417156,334,,,temporal_70_30,change,current_state,BASE,,,,,,,,
model_metric,HRS,,,persistence,B_to_A,MAE,0.7150946145648924,334,,,temporal_70_30,change,current_state,BASE,,,,,,,,
model_metric,HRS,,,persistence,B_to_A,predictive_R2,0.2699741306318346,334,,,temporal_70_30,change,current_state,BASE,,,,,,,,
model_metric,HRS,,,persistence,B_to_A,mean_log_predictive_density,-1.338900745508376,334,,,temporal_70_30,change,current_state,BASE,,,,,,,,
model_metric,HRS,,,persistence,B_to_A,calibration_intercept,0.1372808016350212,334,,,temporal_70_30,change,current_state,BASE,,,,,,,,
model_metric,HRS,,,persistence,B_to_A,calibration_slope,1.1046154758497069,334,,,temporal_70_30,change,current_state,BASE,,,,,,,,
model_metric,HRS,,,persistence,B_to_A,RMSE,0.9243832190782412,334,,,temporal_70_30,change,current_state,SPLIT_PRIOR,,,,,,,,
model_metric,HRS,,,persistence,B_to_A,MAE,0.7152300559043295,334,,,temporal_70_30,change,current_state,SPLIT_PRIOR,,,,,,,,
model_metric,HRS,,,persistence,B_to_A,predictive_R2,0.2626603324835189,334,,,temporal_70_30,change,current_state,SPLIT_PRIOR,,,,,,,,
model_metric,HRS,,,persistence,B_to_A,mean_log_predictive_density,-1.344830573384537,334,,,temporal_70_30,change,current_state,SPLIT_PRIOR,,,,,,,,
model_metric,HRS,,,persistence,B_to_A,calibration_intercept,0.1512408443414515,334,,,temporal_70_30,change,current_state,SPLIT_PRIOR,,,,,,,,
model_metric,HRS,,,persistence,B_to_A,calibration_slope,1.0817036217561349,334,,,temporal_70_30,change,current_state,SPLIT_PRIOR,,,,,,,,
comparison,HRS,,,persistence,average,RMSE,-0.0050413304041803,325,,equal-weight average of A-to-B and B-to-A gains,temporal_70_30,change,current_state,,BASE,SPLIT_PRIOR,SPLIT_PRIOR_minus_BASE,-0.0078247294329259,-0.0021353458566686,0.0015261993977678,500.0,500.0
comparison,HRS,,,persistence,average,MAE,-0.0019161519465923,325,,equal-weight average of A-to-B and B-to-A gains,temporal_70_30,change,current_state,,BASE,SPLIT_PRIOR,SPLIT_PRIOR_minus_BASE,-0.0050222066343726,0.0009900614374204,0.0014967350684333,500.0,500.0
comparison,HRS,,,persistence,average,predictive_R2,-0.0078379899403043,325,,equal-weight average of A-to-B and B-to-A gains,temporal_70_30,change,current_state,,BASE,SPLIT_PRIOR,SPLIT_PRIOR_minus_BASE,-0.0128305671450839,-0.0030870659422301,0.0025303536542942,500.0,500.0
comparison,HRS,,,persistence,average,mean_log_predictive_density,-0.0061894948136104,325,,equal-weight average of A-to-B and B-to-A gains,temporal_70_30,change,current_state,,BASE,SPLIT_PRIOR,SPLIT_PRIOR_minus_BASE,-0.0098615663361171,-0.0027842500243952,0.0019192975207666,500.0,500.0
model_metric,HRS,,,persistence,A_to_B,RMSE,0.985212240491557,331,,,temporal_70_30,ancova_level,ancova_current_state,BASE,,,,,,,,
model_metric,HRS,,,persistence,A_to_B,MAE,0.8012858180510936,331,,,temporal_70_30,ancova_level,ancova_current_state,BASE,,,,,,,,
model_metric,HRS,,,persistence,A_to_B,predictive_R2,0.2043957985519617,331,,,temporal_70_30,ancova_level,ancova_current_state,BASE,,,,,,,,
model_metric,HRS,,,persistence,A_to_B,mean_log_predictive_density,-1.4098070745002849,331,,,temporal_70_30,ancova_level,ancova_current_state,BASE,,,,,,,,
model_metric,HRS,,,persistence,A_to_B,calibration_intercept,-0.0722416602592299,331,,,temporal_70_30,ancova_level,ancova_current_state,BASE,,,,,,,,
model_metric,HRS,,,persistence,A_to_B,calibration_slope,0.9185166923022664,331,,,temporal_70_30,ancova_level,ancova_current_state,BASE,,,,,,,,
model_metric,HRS,,,persistence,A_to_B,RMSE,0.9908046456338914,331,,,temporal_70_30,ancova_level,ancova_current_state,SPLIT_PRIOR,,,,,,,,
model_metric,HRS,,,persistence,A_to_B,MAE,0.8045978212199766,331,,,temporal_70_30,ancova_level,ancova_current_state,SPLIT_PRIOR,,,,,,,,
model_metric,HRS,,,persistence,A_to_B,predictive_R2,0.1953379146916428,331,,,temporal_70_30,ancova_level,ancova_current_state,SPLIT_PRIOR,,,,,,,,
model_metric,HRS,,,persistence,A_to_B,mean_log_predictive_density,-1.4164992579409026,331,,,temporal_70_30,ancova_level,ancova_current_state,SPLIT_PRIOR,,,,,,,,
model_metric,HRS,,,persistence,A_to_B,calibration_intercept,-0.0734562999340806,331,,,temporal_70_30,ancova_level,ancova_current_state,SPLIT_PRIOR,,,,,,,,
model_metric,HRS,,,persistence,A_to_B,calibration_slope,0.898452208373219,331,,,temporal_70_30,ancova_level,ancova_current_state,SPLIT_PRIOR,,,,,,,,
model_metric,HRS,,,persistence,B_to_A,RMSE,0.9197872360417156,334,,,temporal_70_30,ancova_level,ancova_current_state,BASE,,,,,,,,
model_metric,HRS,,,persistence,B_to_A,MAE,0.7150946145648924,334,,,temporal_70_30,ancova_level,ancova_current_state,BASE,,,,,,,,
model_metric,HRS,,,persistence,B_to_A,predictive_R2,0.1300927631094064,334,,,temporal_70_30,ancova_level,ancova_current_state,BASE,,,,,,,,
model_metric,HRS,,,persistence,B_to_A,mean_log_predictive_density,-1.3389007455083766,334,,,temporal_70_30,ancova_level,ancova_current_state,BASE,,,,,,,,
model_metric,HRS,,,persistence,B_to_A,calibration_intercept,0.1214394685737714,334,,,temporal_70_30,ancova_level,ancova_current_state,BASE,,,,,,,,
model_metric,HRS,,,persistence,B_to_A,calibration_slope,0.7887582032818725,334,,,temporal_70_30,ancova_level,ancova_current_state,BASE,,,,,,,,
model_metric,HRS,,,persistence,B_to_A,RMSE,0.9243832190782412,334,,,temporal_70_30,ancova_level,ancova_current_state,SPLIT_PRIOR,,,,,,,,
model_metric,HRS,,,persistence,B_to_A,MAE,0.7152300559043295,334,,,temporal_70_30,ancova_level,ancova_current_state,SPLIT_PRIOR,,,,,,,,
model_metric,HRS,,,persistence,B_to_A,predictive_R2,0.1213775569703645,334,,,temporal_70_30,ancova_level,ancova_current_state,SPLIT_PRIOR,,,,,,,,
model_metric,HRS,,,persistence,B_to_A,mean_log_predictive_density,-1.344830573384537,334,,,temporal_70_30,ancova_level,ancova_current_state,SPLIT_PRIOR,,,,,,,,
model_metric,HRS,,,persistence,B_to_A,calibration_intercept,0.1301649473720266,334,,,temporal_70_30,ancova_level,ancova_current_state,SPLIT_PRIOR,,,,,,,,
model_metric,HRS,,,persistence,B_to_A,calibration_slope,0.7782131908469396,334,,,temporal_70_30,ancova_level,ancova_current_state,SPLIT_PRIOR,,,,,,,,
comparison,HRS,,,persistence,average,RMSE,-0.0050413304041804,325,,equal-weight average of A-to-B and B-to-A gains,temporal_70_30,ancova_level,ancova_current_state,,BASE,SPLIT_PRIOR,SPLIT_PRIOR_minus_BASE,-0.008219113000949,-0.0020803613451207,0.0016238475088339,500.0,500.0
comparison,HRS,,,persistence,average,MAE,-0.0019161519465923,325,,equal-weight average of A-to-B and B-to-A gains,temporal_70_30,ancova_level,ancova_current_state,,BASE,SPLIT_PRIOR,SPLIT_PRIOR_minus_BASE,-0.0052247251484386,0.0012863763515522,0.0016167852546536,500.0,500.0
comparison,HRS,,,persistence,average,predictive_R2,-0.0087564680976945,325,,equal-weight average of A-to-B and B-to-A gains,temporal_70_30,ancova_level,ancova_current_state,,BASE,SPLIT_PRIOR,SPLIT_PRIOR_minus_BASE,-0.0146597257997487,-0.0034204400584706,0.003038711912139,500.0,500.0
comparison,HRS,,,persistence,average,mean_log_predictive_density,-0.0061894948136104,325,,equal-weight average of A-to-B and B-to-A gains,temporal_70_30,ancova_level,ancova_current_state,,BASE,SPLIT_PRIOR,SPLIT_PRIOR_minus_BASE,-0.0103187660642488,-0.0025065076693251,0.0020454696235701,500.0,500.0
model_metric,UKHLS,,,acute,A_to_B,RMSE,1.019092064270788,1956,,,grouped_10fold,change,context,BASE,,,,,,,,
model_metric,UKHLS,,,acute,A_to_B,MAE,0.69865191197611,1956,,,grouped_10fold,change,context,BASE,,,,,,,,
model_metric,UKHLS,,,acute,A_to_B,predictive_R2,0.0023705125006989,1956,,,grouped_10fold,change,context,BASE,,,,,,,,
model_metric,UKHLS,,,acute,A_to_B,mean_log_predictive_density,-1.437829057200234,1956,,,grouped_10fold,change,context,BASE,,,,,,,,
model_metric,UKHLS,,,acute,A_to_B,calibration_intercept,0.0495027595073187,1956,,,grouped_10fold,change,context,BASE,,,,,,,,
model_metric,UKHLS,,,acute,A_to_B,calibration_slope,0.575532599860108,1956,,,grouped_10fold,change,context,BASE,,,,,,,,
model_metric,UKHLS,,,acute,A_to_B,RMSE,1.0198937365277392,1956,,,grouped_10fold,change,context,SPLIT_PRIOR,,,,,,,,
model_metric,UKHLS,,,acute,A_to_B,MAE,0.6991528816338529,1956,,,grouped_10fold,change,context,SPLIT_PRIOR,,,,,,,,
model_metric,UKHLS,,,acute,A_to_B,predictive_R2,0.0008003178489324,1956,,,grouped_10fold,change,context,SPLIT_PRIOR,,,,,,,,
model_metric,UKHLS,,,acute,A_to_B,mean_log_predictive_density,-1.4386334814674633,1956,,,grouped_10fold,change,context,SPLIT_PRIOR,,,,,,,,
model_metric,UKHLS,,,acute,A_to_B,calibration_intercept,0.0555207786307819,1956,,,grouped_10fold,change,context,SPLIT_PRIOR,,,,,,,,
model_metric,UKHLS,,,acute,A_to_B,calibration_slope,0.5251794817048905,1956,,,grouped_10fold,change,context,SPLIT_PRIOR,,,,,,,,
model_metric,UKHLS,,,acute,B_to_A,RMSE,1.0997463371872156,1956,,,grouped_10fold,change,context,BASE,,,,,,,,
model_metric,UKHLS,,,acute,B_to_A,MAE,0.7898400100448424,1956,,,grouped_10fold,change,context,BASE,,,,,,,,
model_metric,UKHLS,,,acute,B_to_A,predictive_R2,-0.0007570717424814,1956,,,grouped_10fold,change,context,BASE,,,,,,,,
model_metric,UKHLS,,,acute,B_to_A,mean_log_predictive_density,-1.5145513387288807,1956,,,grouped_10fold,change,context,BASE,,,,,,,,
model_metric,UKHLS,,,acute,B_to_A,calibration_intercept,0.0762463722244068,1956,,,grouped_10fold,change,context,BASE,,,,,,,,
model_metric,UKHLS,,,acute,B_to_A,calibration_slope,0.4713871053831971,1956,,,grouped_10fold,change,context,BASE,,,,,,,,
model_metric,UKHLS,,,acute,B_to_A,RMSE,1.100057417426714,1956,,,grouped_10fold,change,context,SPLIT_PRIOR,,,,,,,,
model_metric,UKHLS,,,acute,B_to_A,MAE,0.789837234407498,1956,,,grouped_10fold,change,context,SPLIT_PRIOR,,,,,,,,
model_metric,UKHLS,,,acute,B_to_A,predictive_R2,-0.0013233110092347,1956,,,grouped_10fold,change,context,SPLIT_PRIOR,,,,,,,,
model_metric,UKHLS,,,acute,B_to_A,mean_log_predictive_density,-1.5148423624621452,1956,,,grouped_10fold,change,context,SPLIT_PRIOR,,,,,,,,
model_metric,UKHLS,,,acute,B_to_A,calibration_intercept,0.0793831921016768,1956,,,grouped_10fold,change,context,SPLIT_PRIOR,,,,,,,,
model_metric,UKHLS,,,acute,B_to_A,calibration_slope,0.4501931200812719,1956,,,grouped_10fold,change,context,SPLIT_PRIOR,,,,,,,,
comparison,UKHLS,,,acute,average,RMSE,-0.0005563762482247,1956,,equal-weight average of A-to-B and B-to-A gains,grouped_10fold,change,context,,BASE,SPLIT_PRIOR,SPLIT_PRIOR_minus_BASE,-0.000924837252188,-0.0002076909646939,0.0001823419833986,500.0,500.0
comparison,UKHLS,,,acute,average,MAE,-0.0002490970101992,1956,,equal-weight average of A-to-B and B-to-A gains,grouped_10fold,change,context,,BASE,SPLIT_PRIOR,SPLIT_PRIOR_minus_BASE,-0.0005168929377454,4.195024280333187e-05,0.0001480583750449,500.0,500.0
comparison,UKHLS,,,acute,average,predictive_R2,-0.0010682169592599,1956,,equal-weight average of A-to-B and B-to-A gains,grouped_10fold,change,context,,BASE,SPLIT_PRIOR,SPLIT_PRIOR_minus_BASE,-0.0017345337437905,-0.0004154451898709,0.0003461249708586,500.0,500.0
comparison,UKHLS,,,acute,average,mean_log_predictive_density,-0.0005477240002469,1956,,equal-weight average of A-to-B and B-to-A gains,grouped_10fold,change,context,,BASE,SPLIT_PRIOR,SPLIT_PRIOR_minus_BASE,-0.0009139128665277,-0.0002042636224562,0.0001809668071966,500.0,500.0
model_metric,UKHLS,,,acute,A_to_B,RMSE,0.8894901371479366,1956,,,grouped_10fold,change,current_state,BASE,,,,,,,,
model_metric,UKHLS,,,acute,A_to_B,MAE,0.6496253672401007,1956,,,grouped_10fold,change,current_state,BASE,,,,,,,,
model_metric,UKHLS,,,acute,A_to_B,predictive_R2,0.2399805411726473,1956,,,grouped_10fold,change,current_state,BASE,,,,,,,,
model_metric,UKHLS,,,acute,A_to_B,mean_log_predictive_density,-1.3023230836574813,1956,,,grouped_10fold,change,current_state,BASE,,,,,,,,
model_metric,UKHLS,,,acute,A_to_B,calibration_intercept,0.0020965254697568,1956,,,grouped_10fold,change,current_state,BASE,,,,,,,,
model_metric,UKHLS,,,acute,A_to_B,calibration_slope,0.9779551172320476,1956,,,grouped_10fold,change,current_state,BASE,,,,,,,,
model_metric,UKHLS,,,acute,A_to_B,RMSE,0.8897098507265171,1956,,,grouped_10fold,change,current_state,SPLIT_PRIOR,,,,,,,,
model_metric,UKHLS,,,acute,A_to_B,MAE,0.6494970039435484,1956,,,grouped_10fold,change,current_state,SPLIT_PRIOR,,,,,,,,
model_metric,UKHLS,,,acute,A_to_B,predictive_R2,0.2396050289283793,1956,,,grouped_10fold,change,current_state,SPLIT_PRIOR,,,,,,,,
model_metric,UKHLS,,,acute,A_to_B,mean_log_predictive_density,-1.3025703777378137,1956,,,grouped_10fold,change,current_state,SPLIT_PRIOR,,,,,,,,
model_metric,UKHLS,,,acute,A_to_B,calibration_intercept,0.0024882982603393,1956,,,grouped_10fold,change,current_state,SPLIT_PRIOR,,,,,,,,
model_metric,UKHLS,,,acute,A_to_B,calibration_slope,0.9760244923472572,1956,,,grouped_10fold,change,current_state,SPLIT_PRIOR,,,,,,,,
model_metric,UKHLS,,,acute,B_to_A,RMSE,0.9443559640446596,1956,,,grouped_10fold,change,current_state,BASE,,,,,,,,
model_metric,UKHLS,,,acute,B_to_A,MAE,0.7193158233932051,1956,,,grouped_10fold,change,current_state,BASE,,,,,,,,
model_metric,UKHLS,,,acute,B_to_A,predictive_R2,0.2620701570960259,1956,,,grouped_10fold,change,current_state,BASE,,,,,,,,
model_metric,UKHLS,,,acute,B_to_A,mean_log_predictive_density,-1.361995681744506,1956,,,grouped_10fold,change,current_state,BASE,,,,,,,,
model_metric,UKHLS,,,acute,B_to_A,calibration_intercept,0.0017366829386916,1956,,,grouped_10fold,change,current_state,BASE,,,,,,,,
model_metric,UKHLS,,,acute,B_to_A,calibration_slope,0.981569342809496,1956,,,grouped_10fold,change,current_state,BASE,,,,,,,,
model_metric,UKHLS,,,acute,B_to_A,RMSE,0.9439851387775704,1956,,,grouped_10fold,change,current_state,SPLIT_PRIOR,,,,,,,,
model_metric,UKHLS,,,acute,B_to_A,MAE,0.7184764025571733,1956,,,grouped_10fold,change,current_state,SPLIT_PRIOR,,,,,,,,
model_metric,UKHLS,,,acute,B_to_A,predictive_R2,0.2626495769653848,1956,,,grouped_10fold,change,current_state,SPLIT_PRIOR,,,,,,,,
model_metric,UKHLS,,,acute,B_to_A,mean_log_predictive_density,-1.3615921997977698,1956,,,grouped_10fold,change,current_state,SPLIT_PRIOR,,,,,,,,
model_metric,UKHLS,,,acute,B_to_A,calibration_intercept,0.0020385487323529,1956,,,grouped_10fold,change,current_state,SPLIT_PRIOR,,,,,,,,
model_metric,UKHLS,,,acute,B_to_A,calibration_slope,0.980250396452697,1956,,,grouped_10fold,change,current_state,SPLIT_PRIOR,,,,,,,,
comparison,UKHLS,,,acute,average,RMSE,7.555584425433803e-05,1956,,equal-weight average of A-to-B and B-to-A gains,grouped_10fold,change,current_state,,BASE,SPLIT_PRIOR,SPLIT_PRIOR_minus_BASE,-0.0013075697823574,0.0017055097575256,0.0007661019099692,500.0,500.0
comparison,UKHLS,,,acute,average,MAE,0.000483892066292,1956,,equal-weight average of A-to-B and B-to-A gains,grouped_10fold,change,current_state,,BASE,SPLIT_PRIOR,SPLIT_PRIOR_minus_BASE,-0.0008201784733099,0.0017723785487695,0.0006293658888874,500.0,500.0
comparison,UKHLS,,,acute,average,predictive_R2,0.0001019538125454,1956,,equal-weight average of A-to-B and B-to-A gains,grouped_10fold,change,current_state,,BASE,SPLIT_PRIOR,SPLIT_PRIOR_minus_BASE,-0.002174729106709,0.0027343394932223,0.001237941169828,500.0,500.0
comparison,UKHLS,,,acute,average,mean_log_predictive_density,7.809393320190594e-05,1956,,equal-weight average of A-to-B and B-to-A gains,grouped_10fold,change,current_state,,BASE,SPLIT_PRIOR,SPLIT_PRIOR_minus_BASE,-0.0014394276602822,0.0018696049553724,0.0008439322436787,500.0,500.0
model_metric,UKHLS,,,acute,A_to_B,RMSE,0.8894901371479365,1956,,,grouped_10fold,ancova_level,ancova_current_state,BASE,,,,,,,,
model_metric,UKHLS,,,acute,A_to_B,MAE,0.6496253672401006,1956,,,grouped_10fold,ancova_level,ancova_current_state,BASE,,,,,,,,
model_metric,UKHLS,,,acute,A_to_B,predictive_R2,0.2684651039584813,1956,,,grouped_10fold,ancova_level,ancova_current_state,BASE,,,,,,,,
model_metric,UKHLS,,,acute,A_to_B,mean_log_predictive_density,-1.302323083657481,1956,,,grouped_10fold,ancova_level,ancova_current_state,BASE,,,,,,,,
model_metric,UKHLS,,,acute,A_to_B,calibration_intercept,0.0020648730713228,1956,,,grouped_10fold,ancova_level,ancova_current_state,BASE,,,,,,,,
model_metric,UKHLS,,,acute,A_to_B,calibration_slope,0.978277323679694,1956,,,grouped_10fold,ancova_level,ancova_current_state,BASE,,,,,,,,
model_metric,UKHLS,,,acute,A_to_B,RMSE,0.8897098507265171,1956,,,grouped_10fold,ancova_level,ancova_current_state,SPLIT_PRIOR,,,,,,,,
model_metric,UKHLS,,,acute,A_to_B,MAE,0.6494970039435484,1956,,,grouped_10fold,ancova_level,ancova_current_state,SPLIT_PRIOR,,,,,,,,
model_metric,UKHLS,,,acute,A_to_B,predictive_R2,0.2681036654355823,1956,,,grouped_10fold,ancova_level,ancova_current_state,SPLIT_PRIOR,,,,,,,,
model_metric,UKHLS,,,acute,A_to_B,mean_log_predictive_density,-1.3025703777378137,1956,,,grouped_10fold,ancova_level,ancova_current_state,SPLIT_PRIOR,,,,,,,,
model_metric,UKHLS,,,acute,A_to_B,calibration_intercept,0.0024725780364867,1956,,,grouped_10fold,ancova_level,ancova_current_state,SPLIT_PRIOR,,,,,,,,
model_metric,UKHLS,,,acute,A_to_B,calibration_slope,0.9762169038074506,1956,,,grouped_10fold,ancova_level,ancova_current_state,SPLIT_PRIOR,,,,,,,,
model_metric,UKHLS,,,acute,B_to_A,RMSE,0.9443559640446596,1956,,,grouped_10fold,ancova_level,ancova_current_state,BASE,,,,,,,,
model_metric,UKHLS,,,acute,B_to_A,MAE,0.7193158233932051,1956,,,grouped_10fold,ancova_level,ancova_current_state,BASE,,,,,,,,
model_metric,UKHLS,,,acute,B_to_A,predictive_R2,0.2168312996949315,1956,,,grouped_10fold,ancova_level,ancova_current_state,BASE,,,,,,,,
model_metric,UKHLS,,,acute,B_to_A,mean_log_predictive_density,-1.3619956817445058,1956,,,grouped_10fold,ancova_level,ancova_current_state,BASE,,,,,,,,
model_metric,UKHLS,,,acute,B_to_A,calibration_intercept,0.0033212570700323,1956,,,grouped_10fold,ancova_level,ancova_current_state,BASE,,,,,,,,
model_metric,UKHLS,,,acute,B_to_A,calibration_slope,0.9707066138598494,1956,,,grouped_10fold,ancova_level,ancova_current_state,BASE,,,,,,,,
model_metric,UKHLS,,,acute,B_to_A,RMSE,0.9439851387775704,1956,,,grouped_10fold,ancova_level,ancova_current_state,SPLIT_PRIOR,,,,,,,,
model_metric,UKHLS,,,acute,B_to_A,MAE,0.7184764025571733,1956,,,grouped_10fold,ancova_level,ancova_current_state,SPLIT_PRIOR,,,,,,,,
model_metric,UKHLS,,,acute,B_to_A,predictive_R2,0.2174462409530748,1956,,,grouped_10fold,ancova_level,ancova_current_state,SPLIT_PRIOR,,,,,,,,
model_metric,UKHLS,,,acute,B_to_A,mean_log_predictive_density,-1.36159219979777,1956,,,grouped_10fold,ancova_level,ancova_current_state,SPLIT_PRIOR,,,,,,,,
model_metric,UKHLS,,,acute,B_to_A,calibration_intercept,0.0036100542788232,1956,,,grouped_10fold,ancova_level,ancova_current_state,SPLIT_PRIOR,,,,,,,,
model_metric,UKHLS,,,acute,B_to_A,calibration_slope,0.9694691618626944,1956,,,grouped_10fold,ancova_level,ancova_current_state,SPLIT_PRIOR,,,,,,,,
comparison,UKHLS,,,acute,average,RMSE,7.555584425433803e-05,1956,,equal-weight average of A-to-B and B-to-A gains,grouped_10fold,ancova_level,ancova_current_state,,BASE,SPLIT_PRIOR,SPLIT_PRIOR_minus_BASE,-0.0015503040366826,0.0014609449334162,0.000760391041571,500.0,500.0
comparison,UKHLS,,,acute,average,MAE,0.000483892066292,1956,,equal-weight average of A-to-B and B-to-A gains,grouped_10fold,ancova_level,ancova_current_state,,BASE,SPLIT_PRIOR,SPLIT_PRIOR_minus_BASE,-0.0009135112083061,0.0016529630446112,0.0006331523733712,500.0,500.0
comparison,UKHLS,,,acute,average,predictive_R2,0.0001267513676221,1956,,equal-weight average of A-to-B and B-to-A gains,grouped_10fold,ancova_level,ancova_current_state,,BASE,SPLIT_PRIOR,SPLIT_PRIOR_minus_BASE,-0.0026013850007427,0.0024191855871558,0.0012584587061061,500.0,500.0
comparison,UKHLS,,,acute,average,mean_log_predictive_density,7.809393320157287e-05,1956,,equal-weight average of A-to-B and B-to-A gains,grouped_10fold,ancova_level,ancova_current_state,,BASE,SPLIT_PRIOR,SPLIT_PRIOR_minus_BASE,-0.0017702256941216,0.001619764310717,0.0008409669331727,500.0,500.0
model_metric,UKHLS,,,persistence,A_to_B,RMSE,1.009650932139204,1956,,,grouped_10fold,change,context,BASE,,,,,,,,
model_metric,UKHLS,,,persistence,A_to_B,MAE,0.6862575167954733,1956,,,grouped_10fold,change,context,BASE,,,,,,,,
model_metric,UKHLS,,,persistence,A_to_B,predictive_R2,-0.0062198543900873,1956,,,grouped_10fold,change,context,BASE,,,,,,,,
model_metric,UKHLS,,,persistence,A_to_B,mean_log_predictive_density,-1.4290046463973487,1956,,,grouped_10fold,change,context,BASE,,,,,,,,
model_metric,UKHLS,,,persistence,A_to_B,calibration_intercept,0.016778401586339,1956,,,grouped_10fold,change,context,BASE,,,,,,,,
model_metric,UKHLS,,,persistence,A_to_B,calibration_slope,0.0583396048480088,1956,,,grouped_10fold,change,context,BASE,,,,,,,,
model_metric,UKHLS,,,persistence,A_to_B,RMSE,1.000895237368214,1956,,,grouped_10fold,change,context,SPLIT_PRIOR,,,,,,,,
model_metric,UKHLS,,,persistence,A_to_B,MAE,0.6856279936808207,1956,,,grouped_10fold,change,context,SPLIT_PRIOR,,,,,,,,
model_metric,UKHLS,,,persistence,A_to_B,predictive_R2,0.0111563551546165,1956,,,grouped_10fold,change,context,SPLIT_PRIOR,,,,,,,,
model_metric,UKHLS,,,persistence,A_to_B,mean_log_predictive_density,-1.420338218029105,1956,,,grouped_10fold,change,context,SPLIT_PRIOR,,,,,,,,
model_metric,UKHLS,,,persistence,A_to_B,calibration_intercept,0.0049389728298591,1956,,,grouped_10fold,change,context,SPLIT_PRIOR,,,,,,,,
model_metric,UKHLS,,,persistence,A_to_B,calibration_slope,0.7222217705962719,1956,,,grouped_10fold,change,context,SPLIT_PRIOR,,,,,,,,
model_metric,UKHLS,,,persistence,B_to_A,RMSE,1.0435687263726603,1956,,,grouped_10fold,change,context,BASE,,,,,,,,
model_metric,UKHLS,,,persistence,B_to_A,MAE,0.7453105833393376,1956,,,grouped_10fold,change,context,BASE,,,,,,,,
model_metric,UKHLS,,,persistence,B_to_A,predictive_R2,0.0018575029914958,1956,,,grouped_10fold,change,context,BASE,,,,,,,,
model_metric,UKHLS,,,persistence,B_to_A,mean_log_predictive_density,-1.4621386903371003,1956,,,grouped_10fold,change,context,BASE,,,,,,,,
model_metric,UKHLS,,,persistence,B_to_A,calibration_intercept,-0.0060258277507579,1956,,,grouped_10fold,change,context,BASE,,,,,,,,
model_metric,UKHLS,,,persistence,B_to_A,calibration_slope,0.5676508032990815,1956,,,grouped_10fold,change,context,BASE,,,,,,,,
model_metric,UKHLS,,,persistence,B_to_A,RMSE,1.0339882950300103,1956,,,grouped_10fold,change,context,SPLIT_PRIOR,,,,,,,,
model_metric,UKHLS,,,persistence,B_to_A,MAE,0.7421434762393488,1956,,,grouped_10fold,change,context,SPLIT_PRIOR,,,,,,,,
model_metric,UKHLS,,,persistence,B_to_A,predictive_R2,0.0201001750247522,1956,,,grouped_10fold,change,context,SPLIT_PRIOR,,,,,,,,
model_metric,UKHLS,,,persistence,B_to_A,mean_log_predictive_density,-1.452938485303923,1956,,,grouped_10fold,change,context,SPLIT_PRIOR,,,,,,,,
model_metric,UKHLS,,,persistence,B_to_A,calibration_intercept,-0.0025750691631291,1956,,,grouped_10fold,change,context,SPLIT_PRIOR,,,,,,,,
model_metric,UKHLS,,,persistence,B_to_A,calibration_slope,0.8112003167744285,1956,,,grouped_10fold,change,context,SPLIT_PRIOR,,,,,,,,
comparison,UKHLS,,,persistence,average,RMSE,0.0091680630568199,1956,,equal-weight average of A-to-B and B-to-A gains,grouped_10fold,change,context,,BASE,SPLIT_PRIOR,SPLIT_PRIOR_minus_BASE,0.0016639848012699,0.0172443864822658,0.0041997294393486,500.0,500.0
comparison,UKHLS,,,persistence,average,MAE,0.0018983151073206,1956,,equal-weight average of A-to-B and B-to-A gains,grouped_10fold,change,context,,BASE,SPLIT_PRIOR,SPLIT_PRIOR_minus_BASE,-0.0036288111072921,0.0073197907675865,0.0026992736998792,500.0,500.0
comparison,UKHLS,,,persistence,average,predictive_R2,0.0178094407889801,1956,,equal-weight average of A-to-B and B-to-A gains,grouped_10fold,change,context,,BASE,SPLIT_PRIOR,SPLIT_PRIOR_minus_BASE,0.0031241077679029,0.0333219395429934,0.0080581671945726,500.0,500.0
comparison,UKHLS,,,persistence,average,mean_log_predictive_density,0.0089333167007102,1956,,equal-weight average of A-to-B and B-to-A gains,grouped_10fold,change,context,,BASE,SPLIT_PRIOR,SPLIT_PRIOR_minus_BASE,0.0009560834503126,0.0169512775617533,0.0041697443057684,500.0,500.0
model_metric,UKHLS,,,persistence,A_to_B,RMSE,0.8385965467284505,1956,,,grouped_10fold,change,current_state,BASE,,,,,,,,
model_metric,UKHLS,,,persistence,A_to_B,MAE,0.6028266424917658,1956,,,grouped_10fold,change,current_state,BASE,,,,,,,,
model_metric,UKHLS,,,persistence,A_to_B,predictive_R2,0.3058448970214165,1956,,,grouped_10fold,change,current_state,BASE,,,,,,,,
model_metric,UKHLS,,,persistence,A_to_B,mean_log_predictive_density,-1.2438472171637205,1956,,,grouped_10fold,change,current_state,BASE,,,,,,,,
model_metric,UKHLS,,,persistence,A_to_B,calibration_intercept,0.0003344112172381,1956,,,grouped_10fold,change,current_state,BASE,,,,,,,,
model_metric,UKHLS,,,persistence,A_to_B,calibration_slope,0.9846725677135856,1956,,,grouped_10fold,change,current_state,BASE,,,,,,,,
model_metric,UKHLS,,,persistence,A_to_B,RMSE,0.8385038659790353,1956,,,grouped_10fold,change,current_state,SPLIT_PRIOR,,,,,,,,
model_metric,UKHLS,,,persistence,A_to_B,MAE,0.6029602928821927,1956,,,grouped_10fold,change,current_state,SPLIT_PRIOR,,,,,,,,
model_metric,UKHLS,,,persistence,A_to_B,predictive_R2,0.3059983230289516,1956,,,grouped_10fold,change,current_state,SPLIT_PRIOR,,,,,,,,
model_metric,UKHLS,,,persistence,A_to_B,mean_log_predictive_density,-1.2437596078927382,1956,,,grouped_10fold,change,current_state,SPLIT_PRIOR,,,,,,,,
model_metric,UKHLS,,,persistence,A_to_B,calibration_intercept,0.000272937261854,1956,,,grouped_10fold,change,current_state,SPLIT_PRIOR,,,,,,,,
model_metric,UKHLS,,,persistence,A_to_B,calibration_slope,0.983687642513536,1956,,,grouped_10fold,change,current_state,SPLIT_PRIOR,,,,,,,,
model_metric,UKHLS,,,persistence,B_to_A,RMSE,0.855695793324763,1956,,,grouped_10fold,change,current_state,BASE,,,,,,,,
model_metric,UKHLS,,,persistence,B_to_A,MAE,0.6379996105099747,1956,,,grouped_10fold,change,current_state,BASE,,,,,,,,
model_metric,UKHLS,,,persistence,B_to_A,predictive_R2,0.3288969245257621,1956,,,grouped_10fold,change,current_state,BASE,,,,,,,,
model_metric,UKHLS,,,persistence,B_to_A,mean_log_predictive_density,-1.2639322952827357,1956,,,grouped_10fold,change,current_state,BASE,,,,,,,,
model_metric,UKHLS,,,persistence,B_to_A,calibration_intercept,6.33826861912443e-05,1956,,,grouped_10fold,change,current_state,BASE,,,,,,,,
model_metric,UKHLS,,,persistence,B_to_A,calibration_slope,0.9894704616267048,1956,,,grouped_10fold,change,current_state,BASE,,,,,,,,
model_metric,UKHLS,,,persistence,B_to_A,RMSE,0.8553511505800389,1956,,,grouped_10fold,change,current_state,SPLIT_PRIOR,,,,,,,,
model_metric,UKHLS,,,persistence,B_to_A,MAE,0.6382729314806653,1956,,,grouped_10fold,change,current_state,SPLIT_PRIOR,,,,,,,,
model_metric,UKHLS,,,persistence,B_to_A,predictive_R2,0.3294374068560946,1956,,,grouped_10fold,change,current_state,SPLIT_PRIOR,,,,,,,,
model_metric,UKHLS,,,persistence,B_to_A,mean_log_predictive_density,-1.2635309668041803,1956,,,grouped_10fold,change,current_state,SPLIT_PRIOR,,,,,,,,
model_metric,UKHLS,,,persistence,B_to_A,calibration_intercept,4.617674796131201e-05,1956,,,grouped_10fold,change,current_state,SPLIT_PRIOR,,,,,,,,
model_metric,UKHLS,,,persistence,B_to_A,calibration_slope,0.9891518226206748,1956,,,grouped_10fold,change,current_state,SPLIT_PRIOR,,,,,,,,
comparison,UKHLS,,,persistence,average,RMSE,0.0002186617470696,1956,,equal-weight average of A-to-B and B-to-A gains,grouped_10fold,change,current_state,,BASE,SPLIT_PRIOR,SPLIT_PRIOR_minus_BASE,-0.0011547307957401,0.0016797811658087,0.0007119415061069,500.0,500.0
comparison,UKHLS,,,persistence,average,MAE,-0.0002034856805587,1956,,equal-weight average of A-to-B and B-to-A gains,grouped_10fold,change,current_state,,BASE,SPLIT_PRIOR,SPLIT_PRIOR_minus_BASE,-0.0011253529336409,0.0008129678657876,0.0005118897446407,500.0,500.0
comparison,UKHLS,,,persistence,average,predictive_R2,0.0003469541689337,1956,,equal-weight average of A-to-B and B-to-A gains,grouped_10fold,change,current_state,,BASE,SPLIT_PRIOR,SPLIT_PRIOR_minus_BASE,-0.00184930052325,0.0026693853814042,0.0011503471753312,500.0,500.0
comparison,UKHLS,,,persistence,average,mean_log_predictive_density,0.0002444688747685,1956,,equal-weight average of A-to-B and B-to-A gains,grouped_10fold,change,current_state,,BASE,SPLIT_PRIOR,SPLIT_PRIOR_minus_BASE,-0.0013702501167487,0.001986607384993,0.0008509175640833,500.0,500.0
model_metric,UKHLS,,,persistence,A_to_B,RMSE,0.8385965467284503,1956,,,grouped_10fold,ancova_level,ancova_current_state,BASE,,,,,,,,
model_metric,UKHLS,,,persistence,A_to_B,MAE,0.6028266424917657,1956,,,grouped_10fold,ancova_level,ancova_current_state,BASE,,,,,,,,
model_metric,UKHLS,,,persistence,A_to_B,predictive_R2,0.2276075387955513,1956,,,grouped_10fold,ancova_level,ancova_current_state,BASE,,,,,,,,
model_metric,UKHLS,,,persistence,A_to_B,mean_log_predictive_density,-1.2438472171637205,1956,,,grouped_10fold,ancova_level,ancova_current_state,BASE,,,,,,,,
model_metric,UKHLS,,,persistence,A_to_B,calibration_intercept,0.0004992704217138,1956,,,grouped_10fold,ancova_level,ancova_current_state,BASE,,,,,,,,
model_metric,UKHLS,,,persistence,A_to_B,calibration_slope,0.9757804746939928,1956,,,grouped_10fold,ancova_level,ancova_current_state,BASE,,,,,,,,
model_metric,UKHLS,,,persistence,A_to_B,RMSE,0.8385038659790351,1956,,,grouped_10fold,ancova_level,ancova_current_state,SPLIT_PRIOR,,,,,,,,
model_metric,UKHLS,,,persistence,A_to_B,MAE,0.6029602928821926,1956,,,grouped_10fold,ancova_level,ancova_current_state,SPLIT_PRIOR,,,,,,,,
model_metric,UKHLS,,,persistence,A_to_B,predictive_R2,0.2277782572575553,1956,,,grouped_10fold,ancova_level,ancova_current_state,SPLIT_PRIOR,,,,,,,,
model_metric,UKHLS,,,persistence,A_to_B,mean_log_predictive_density,-1.2437596078927382,1956,,,grouped_10fold,ancova_level,ancova_current_state,SPLIT_PRIOR,,,,,,,,
model_metric,UKHLS,,,persistence,A_to_B,calibration_intercept,0.0004419999253784,1956,,,grouped_10fold,ancova_level,ancova_current_state,SPLIT_PRIOR,,,,,,,,
model_metric,UKHLS,,,persistence,A_to_B,calibration_slope,0.974618773286406,1956,,,grouped_10fold,ancova_level,ancova_current_state,SPLIT_PRIOR,,,,,,,,
model_metric,UKHLS,,,persistence,B_to_A,RMSE,0.855695793324763,1956,,,grouped_10fold,ancova_level,ancova_current_state,BASE,,,,,,,,
model_metric,UKHLS,,,persistence,B_to_A,MAE,0.6379996105099746,1956,,,grouped_10fold,ancova_level,ancova_current_state,BASE,,,,,,,,
model_metric,UKHLS,,,persistence,B_to_A,predictive_R2,0.1931538642291813,1956,,,grouped_10fold,ancova_level,ancova_current_state,BASE,,,,,,,,
model_metric,UKHLS,,,persistence,B_to_A,mean_log_predictive_density,-1.2639322952827357,1956,,,grouped_10fold,ancova_level,ancova_current_state,BASE,,,,,,,,
model_metric,UKHLS,,,persistence,B_to_A,calibration_intercept,-0.0001460746542254,1956,,,grouped_10fold,ancova_level,ancova_current_state,BASE,,,,,,,,
model_metric,UKHLS,,,persistence,B_to_A,calibration_slope,0.9751338763119236,1956,,,grouped_10fold,ancova_level,ancova_current_state,BASE,,,,,,,,
model_metric,UKHLS,,,persistence,B_to_A,RMSE,0.8553511505800386,1956,,,grouped_10fold,ancova_level,ancova_current_state,SPLIT_PRIOR,,,,,,,,
model_metric,UKHLS,,,persistence,B_to_A,MAE,0.6382729314806651,1956,,,grouped_10fold,ancova_level,ancova_current_state,SPLIT_PRIOR,,,,,,,,
model_metric,UKHLS,,,persistence,B_to_A,predictive_R2,0.1938036691483037,1956,,,grouped_10fold,ancova_level,ancova_current_state,SPLIT_PRIOR,,,,,,,,
model_metric,UKHLS,,,persistence,B_to_A,mean_log_predictive_density,-1.2635309668041803,1956,,,grouped_10fold,ancova_level,ancova_current_state,SPLIT_PRIOR,,,,,,,,
model_metric,UKHLS,,,persistence,B_to_A,calibration_intercept,-0.000158565318028,1956,,,grouped_10fold,ancova_level,ancova_current_state,SPLIT_PRIOR,,,,,,,,
model_metric,UKHLS,,,persistence,B_to_A,calibration_slope,0.9751251964091774,1956,,,grouped_10fold,ancova_level,ancova_current_state,SPLIT_PRIOR,,,,,,,,
comparison,UKHLS,,,persistence,average,RMSE,0.0002186617470697,1956,,equal-weight average of A-to-B and B-to-A gains,grouped_10fold,ancova_level,ancova_current_state,,BASE,SPLIT_PRIOR,SPLIT_PRIOR_minus_BASE,-0.0010488316576949,0.0015095687573135,0.0006972426687042,500.0,500.0
comparison,UKHLS,,,persistence,average,MAE,-0.0002034856805587,1956,,equal-weight average of A-to-B and B-to-A gains,grouped_10fold,ancova_level,ancova_current_state,,BASE,SPLIT_PRIOR,SPLIT_PRIOR_minus_BASE,-0.0012076967445401,0.0008987781004498,0.0005437549289115,500.0,500.0
comparison,UKHLS,,,persistence,average,predictive_R2,0.0004102616905631,1956,,equal-weight average of A-to-B and B-to-A gains,grouped_10fold,ancova_level,ancova_current_state,,BASE,SPLIT_PRIOR,SPLIT_PRIOR_minus_BASE,-0.001948598364327,0.0028566920265841,0.0013017802877184,500.0,500.0
comparison,UKHLS,,,persistence,average,mean_log_predictive_density,0.0002444688747685,1956,,equal-weight average of A-to-B and B-to-A gains,grouped_10fold,ancova_level,ancova_current_state,,BASE,SPLIT_PRIOR,SPLIT_PRIOR_minus_BASE,-0.0012824134864592,0.0018196610601609,0.0008365939710393,500.0,500.0
model_metric,UKHLS,,,acute,A_to_B,RMSE,0.9274930878541304,587,,,temporal_70_30,change,context,BASE,,,,,,,,
model_metric,UKHLS,,,acute,A_to_B,MAE,0.6393349550617292,587,,,temporal_70_30,change,context,BASE,,,,,,,,
model_metric,UKHLS,,,acute,A_to_B,predictive_R2,0.0038230179602087,587,,,temporal_70_30,change,context,BASE,,,,,,,,
model_metric,UKHLS,,,acute,A_to_B,mean_log_predictive_density,-1.3514625650852667,587,,,temporal_70_30,change,context,BASE,,,,,,,,
model_metric,UKHLS,,,acute,A_to_B,calibration_intercept,0.0540625700140211,587,,,temporal_70_30,change,context,BASE,,,,,,,,
model_metric,UKHLS,,,acute,A_to_B,calibration_slope,0.5798840753018457,587,,,temporal_70_30,change,context,BASE,,,,,,,,
model_metric,UKHLS,,,acute,A_to_B,RMSE,0.9282514950034642,587,,,temporal_70_30,change,context,SPLIT_PRIOR,,,,,,,,
model_metric,UKHLS,,,acute,A_to_B,MAE,0.6407635006759468,587,,,temporal_70_30,change,context,SPLIT_PRIOR,,,,,,,,
model_metric,UKHLS,,,acute,A_to_B,predictive_R2,0.0021932125356474,587,,,temporal_70_30,change,context,SPLIT_PRIOR,,,,,,,,
model_metric,UKHLS,,,acute,A_to_B,mean_log_predictive_density,-1.3521184597873457,587,,,temporal_70_30,change,context,SPLIT_PRIOR,,,,,,,,
model_metric,UKHLS,,,acute,A_to_B,calibration_intercept,0.0593904274985558,587,,,temporal_70_30,change,context,SPLIT_PRIOR,,,,,,,,
model_metric,UKHLS,,,acute,A_to_B,calibration_slope,0.5454933392615757,587,,,temporal_70_30,change,context,SPLIT_PRIOR,,,,,,,,
model_metric,UKHLS,,,acute,B_to_A,RMSE,1.0444856764949348,587,,,temporal_70_30,change,context,BASE,,,,,,,,
model_metric,UKHLS,,,acute,B_to_A,MAE,0.7632408160144005,587,,,temporal_70_30,change,context,BASE,,,,,,,,
model_metric,UKHLS,,,acute,B_to_A,predictive_R2,0.0053252266125118,587,,,temporal_70_30,change,context,BASE,,,,,,,,
model_metric,UKHLS,,,acute,B_to_A,mean_log_predictive_density,-1.4655923997200988,587,,,temporal_70_30,change,context,BASE,,,,,,,,
model_metric,UKHLS,,,acute,B_to_A,calibration_intercept,0.0119832683309548,587,,,temporal_70_30,change,context,BASE,,,,,,,,
model_metric,UKHLS,,,acute,B_to_A,calibration_slope,0.7311061184723513,587,,,temporal_70_30,change,context,BASE,,,,,,,,
model_metric,UKHLS,,,acute,B_to_A,RMSE,1.0444813344111274,587,,,temporal_70_30,change,context,SPLIT_PRIOR,,,,,,,,
model_metric,UKHLS,,,acute,B_to_A,MAE,0.7632424555261045,587,,,temporal_70_30,change,context,SPLIT_PRIOR,,,,,,,,
model_metric,UKHLS,,,acute,B_to_A,predictive_R2,0.0053334966201279,587,,,temporal_70_30,change,context,SPLIT_PRIOR,,,,,,,,
model_metric,UKHLS,,,acute,B_to_A,mean_log_predictive_density,-1.4655886848797837,587,,,temporal_70_30,change,context,SPLIT_PRIOR,,,,,,,,
model_metric,UKHLS,,,acute,B_to_A,calibration_intercept,0.0118700705026603,587,,,temporal_70_30,change,context,SPLIT_PRIOR,,,,,,,,
model_metric,UKHLS,,,acute,B_to_A,calibration_slope,0.7315200408761361,587,,,temporal_70_30,change,context,SPLIT_PRIOR,,,,,,,,
comparison,UKHLS,,,acute,average,RMSE,-0.0003770325327631,587,,equal-weight average of A-to-B and B-to-A gains,temporal_70_30,change,context,,BASE,SPLIT_PRIOR,SPLIT_PRIOR_minus_BASE,-0.0011814141606617,0.0003915988070343,0.0004254761118998,500.0,500.0
comparison,UKHLS,,,acute,average,MAE,-0.0007150925629607,587,,equal-weight average of A-to-B and B-to-A gains,temporal_70_30,change,context,,BASE,SPLIT_PRIOR,SPLIT_PRIOR_minus_BASE,-0.0014642446991839,-3.577096661170936e-05,0.0003618361124946,500.0,500.0
comparison,UKHLS,,,acute,average,predictive_R2,-0.0008107677084726,587,,equal-weight average of A-to-B and B-to-A gains,temporal_70_30,change,context,,BASE,SPLIT_PRIOR,SPLIT_PRIOR_minus_BASE,-0.0025583050554824,0.0008337591969756,0.0009215998806915,500.0,500.0
comparison,UKHLS,,,acute,average,mean_log_predictive_density,-0.0003260899308819,587,,equal-weight average of A-to-B and B-to-A gains,temporal_70_30,change,context,,BASE,SPLIT_PRIOR,SPLIT_PRIOR_minus_BASE,-0.0011068054569745,0.0003595355058773,0.000384287108436,500.0,500.0
model_metric,UKHLS,,,acute,A_to_B,RMSE,0.8476382841796898,587,,,temporal_70_30,change,current_state,BASE,,,,,,,,
model_metric,UKHLS,,,acute,A_to_B,MAE,0.6317724642454483,587,,,temporal_70_30,change,current_state,BASE,,,,,,,,
model_metric,UKHLS,,,acute,A_to_B,predictive_R2,0.1679752093470475,587,,,temporal_70_30,change,current_state,BASE,,,,,,,,
model_metric,UKHLS,,,acute,A_to_B,mean_log_predictive_density,-1.2543868184690543,587,,,temporal_70_30,change,current_state,BASE,,,,,,,,
model_metric,UKHLS,,,acute,A_to_B,calibration_intercept,-0.0147755475085507,587,,,temporal_70_30,change,current_state,BASE,,,,,,,,
model_metric,UKHLS,,,acute,A_to_B,calibration_slope,0.7952061148013699,587,,,temporal_70_30,change,current_state,BASE,,,,,,,,
model_metric,UKHLS,,,acute,A_to_B,RMSE,0.8497827553099632,587,,,temporal_70_30,change,current_state,SPLIT_PRIOR,,,,,,,,
model_metric,UKHLS,,,acute,A_to_B,MAE,0.6326064123602886,587,,,temporal_70_30,change,current_state,SPLIT_PRIOR,,,,,,,,
model_metric,UKHLS,,,acute,A_to_B,predictive_R2,0.1637599439437547,587,,,temporal_70_30,change,current_state,SPLIT_PRIOR,,,,,,,,
model_metric,UKHLS,,,acute,A_to_B,mean_log_predictive_density,-1.2567236221700728,587,,,temporal_70_30,change,current_state,SPLIT_PRIOR,,,,,,,,
model_metric,UKHLS,,,acute,A_to_B,calibration_intercept,-0.0101367135018968,587,,,temporal_70_30,change,current_state,SPLIT_PRIOR,,,,,,,,
model_metric,UKHLS,,,acute,A_to_B,calibration_slope,0.7844439027519663,587,,,temporal_70_30,change,current_state,SPLIT_PRIOR,,,,,,,,
model_metric,UKHLS,,,acute,B_to_A,RMSE,0.9329940182573198,587,,,temporal_70_30,change,current_state,BASE,,,,,,,,
model_metric,UKHLS,,,acute,B_to_A,MAE,0.7420692989916131,587,,,temporal_70_30,change,current_state,BASE,,,,,,,,
model_metric,UKHLS,,,acute,B_to_A,predictive_R2,0.2063411836336531,587,,,temporal_70_30,change,current_state,BASE,,,,,,,,
model_metric,UKHLS,,,acute,B_to_A,mean_log_predictive_density,-1.3495864090156635,587,,,temporal_70_30,change,current_state,BASE,,,,,,,,
model_metric,UKHLS,,,acute,B_to_A,calibration_intercept,-0.0364241420882235,587,,,temporal_70_30,change,current_state,BASE,,,,,,,,
model_metric,UKHLS,,,acute,B_to_A,calibration_slope,0.8411042675768494,587,,,temporal_70_30,change,current_state,BASE,,,,,,,,
model_metric,UKHLS,,,acute,B_to_A,RMSE,0.9354167489611116,587,,,temporal_70_30,change,current_state,SPLIT_PRIOR,,,,,,,,
model_metric,UKHLS,,,acute,B_to_A,MAE,0.7396988273345033,587,,,temporal_70_30,change,current_state,SPLIT_PRIOR,,,,,,,,
model_metric,UKHLS,,,acute,B_to_A,predictive_R2,0.2022140015373603,587,,,temporal_70_30,change,current_state,SPLIT_PRIOR,,,,,,,,
model_metric,UKHLS,,,acute,B_to_A,mean_log_predictive_density,-1.3521814858966408,587,,,temporal_70_30,change,current_state,SPLIT_PRIOR,,,,,,,,
model_metric,UKHLS,,,acute,B_to_A,calibration_intercept,-0.026670000049172,587,,,temporal_70_30,change,current_state,SPLIT_PRIOR,,,,,,,,
model_metric,UKHLS,,,acute,B_to_A,calibration_slope,0.8243392146734099,587,,,temporal_70_30,change,current_state,SPLIT_PRIOR,,,,,,,,
comparison,UKHLS,,,acute,average,RMSE,-0.0022836009170326,587,,equal-weight average of A-to-B and B-to-A gains,temporal_70_30,change,current_state,,BASE,SPLIT_PRIOR,SPLIT_PRIOR_minus_BASE,-0.0069449742230999,0.0022456973310917,0.0023168910986576,500.0,500.0
comparison,UKHLS,,,acute,average,MAE,0.0007682617711347,587,,equal-weight average of A-to-B and B-to-A gains,temporal_70_30,change,current_state,,BASE,SPLIT_PRIOR,SPLIT_PRIOR_minus_BASE,-0.0029198561041108,0.0042170946634621,0.0018638340649355,500.0,500.0
comparison,UKHLS,,,acute,average,predictive_R2,-0.0041712237497928,587,,equal-weight average of A-to-B and B-to-A gains,temporal_70_30,change,current_state,,BASE,SPLIT_PRIOR,SPLIT_PRIOR_minus_BASE,-0.0129771805043507,0.0041399094163207,0.004306975663921,500.0,500.0
comparison,UKHLS,,,acute,average,mean_log_predictive_density,-0.0024659402909977,587,,equal-weight average of A-to-B and B-to-A gains,temporal_70_30,change,current_state,,BASE,SPLIT_PRIOR,SPLIT_PRIOR_minus_BASE,-0.0078943002789215,0.0024923558726057,0.0025846453511428,500.0,500.0
model_metric,UKHLS,,,acute,A_to_B,RMSE,0.8476382841796897,587,,,temporal_70_30,ancova_level,ancova_current_state,BASE,,,,,,,,
model_metric,UKHLS,,,acute,A_to_B,MAE,0.6317724642454484,587,,,temporal_70_30,ancova_level,ancova_current_state,BASE,,,,,,,,
model_metric,UKHLS,,,acute,A_to_B,predictive_R2,0.3080781166722609,587,,,temporal_70_30,ancova_level,ancova_current_state,BASE,,,,,,,,
model_metric,UKHLS,,,acute,A_to_B,mean_log_predictive_density,-1.2543868184690543,587,,,temporal_70_30,ancova_level,ancova_current_state,BASE,,,,,,,,
model_metric,UKHLS,,,acute,A_to_B,calibration_intercept,-0.0888435657221313,587,,,temporal_70_30,ancova_level,ancova_current_state,BASE,,,,,,,,
model_metric,UKHLS,,,acute,A_to_B,calibration_slope,1.1792158812375335,587,,,temporal_70_30,ancova_level,ancova_current_state,BASE,,,,,,,,
model_metric,UKHLS,,,acute,A_to_B,RMSE,0.8497827553099631,587,,,temporal_70_30,ancova_level,ancova_current_state,SPLIT_PRIOR,,,,,,,,
model_metric,UKHLS,,,acute,A_to_B,MAE,0.6326064123602886,587,,,temporal_70_30,ancova_level,ancova_current_state,SPLIT_PRIOR,,,,,,,,
model_metric,UKHLS,,,acute,A_to_B,predictive_R2,0.3045726509585726,587,,,temporal_70_30,ancova_level,ancova_current_state,SPLIT_PRIOR,,,,,,,,
model_metric,UKHLS,,,acute,A_to_B,mean_log_predictive_density,-1.2567236221700728,587,,,temporal_70_30,ancova_level,ancova_current_state,SPLIT_PRIOR,,,,,,,,
model_metric,UKHLS,,,acute,A_to_B,calibration_intercept,-0.0832530706210616,587,,,temporal_70_30,ancova_level,ancova_current_state,SPLIT_PRIOR,,,,,,,,
model_metric,UKHLS,,,acute,A_to_B,calibration_slope,1.171452006699256,587,,,temporal_70_30,ancova_level,ancova_current_state,SPLIT_PRIOR,,,,,,,,
model_metric,UKHLS,,,acute,B_to_A,RMSE,0.9329940182573196,587,,,temporal_70_30,ancova_level,ancova_current_state,BASE,,,,,,,,
model_metric,UKHLS,,,acute,B_to_A,MAE,0.742069298991613,587,,,temporal_70_30,ancova_level,ancova_current_state,BASE,,,,,,,,
model_metric,UKHLS,,,acute,B_to_A,predictive_R2,0.2652334928739033,587,,,temporal_70_30,ancova_level,ancova_current_state,BASE,,,,,,,,
model_metric,UKHLS,,,acute,B_to_A,mean_log_predictive_density,-1.3495864090156635,587,,,temporal_70_30,ancova_level,ancova_current_state,BASE,,,,,,,,
model_metric,UKHLS,,,acute,B_to_A,calibration_intercept,-0.1312927745001444,587,,,temporal_70_30,ancova_level,ancova_current_state,BASE,,,,,,,,
model_metric,UKHLS,,,acute,B_to_A,calibration_slope,1.208598027269881,587,,,temporal_70_30,ancova_level,ancova_current_state,BASE,,,,,,,,
model_metric,UKHLS,,,acute,B_to_A,RMSE,0.9354167489611116,587,,,temporal_70_30,ancova_level,ancova_current_state,SPLIT_PRIOR,,,,,,,,
model_metric,UKHLS,,,acute,B_to_A,MAE,0.7396988273345031,587,,,temporal_70_30,ancova_level,ancova_current_state,SPLIT_PRIOR,,,,,,,,
model_metric,UKHLS,,,acute,B_to_A,predictive_R2,0.261412562380054,587,,,temporal_70_30,ancova_level,ancova_current_state,SPLIT_PRIOR,,,,,,,,
model_metric,UKHLS,,,acute,B_to_A,mean_log_predictive_density,-1.3521814858966408,587,,,temporal_70_30,ancova_level,ancova_current_state,SPLIT_PRIOR,,,,,,,,
model_metric,UKHLS,,,acute,B_to_A,calibration_intercept,-0.118270298222026,587,,,temporal_70_30,ancova_level,ancova_current_state,SPLIT_PRIOR,,,,,,,,
model_metric,UKHLS,,,acute,B_to_A,calibration_slope,1.1932700843099622,587,,,temporal_70_30,ancova_level,ancova_current_state,SPLIT_PRIOR,,,,,,,,
comparison,UKHLS,,,acute,average,RMSE,-0.0022836009170326,587,,equal-weight average of A-to-B and B-to-A gains,temporal_70_30,ancova_level,ancova_current_state,,BASE,SPLIT_PRIOR,SPLIT_PRIOR_minus_BASE,-0.0067287710394223,0.0026251844615975,0.0024068055927162,500.0,500.0
comparison,UKHLS,,,acute,average,MAE,0.0007682617711348,587,,equal-weight average of A-to-B and B-to-A gains,temporal_70_30,ancova_level,ancova_current_state,,BASE,SPLIT_PRIOR,SPLIT_PRIOR_minus_BASE,-0.0027399103243663,0.0050556057227968,0.0019930301499404,500.0,500.0
comparison,UKHLS,,,acute,average,predictive_R2,-0.0036631981037687,587,,equal-weight average of A-to-B and B-to-A gains,temporal_70_30,ancova_level,ancova_current_state,,BASE,SPLIT_PRIOR,SPLIT_PRIOR_minus_BASE,-0.0108795008148717,0.0041547101871063,0.0038223328435038,500.0,500.0
comparison,UKHLS,,,acute,average,mean_log_predictive_density,-0.0024659402909977,587,,equal-weight average of A-to-B and B-to-A gains,temporal_70_30,ancova_level,ancova_current_state,,BASE,SPLIT_PRIOR,SPLIT_PRIOR_minus_BASE,-0.0073774249373348,0.0028950571371207,0.0026806747646248,500.0,500.0
model_metric,UKHLS,,,persistence,A_to_B,RMSE,0.9283642337243548,587,,,temporal_70_30,change,context,BASE,,,,,,,,
model_metric,UKHLS,,,persistence,A_to_B,MAE,0.6358031984105843,587,,,temporal_70_30,change,context,BASE,,,,,,,,
model_metric,UKHLS,,,persistence,A_to_B,predictive_R2,-0.0251521815351476,587,,,temporal_70_30,change,context,BASE,,,,,,,,
model_metric,UKHLS,,,persistence,A_to_B,mean_log_predictive_density,-1.350558976450129,587,,,temporal_70_30,change,context,BASE,,,,,,,,
model_metric,UKHLS,,,persistence,A_to_B,calibration_intercept,-0.0023340228760195,587,,,temporal_70_30,change,context,BASE,,,,,,,,
model_metric,UKHLS,,,persistence,A_to_B,calibration_slope,0.1131631471107864,587,,,temporal_70_30,change,context,BASE,,,,,,,,
model_metric,UKHLS,,,persistence,A_to_B,RMSE,0.9566981889147084,587,,,temporal_70_30,change,context,SPLIT_PRIOR,,,,,,,,
model_metric,UKHLS,,,persistence,A_to_B,MAE,0.6641572301481411,587,,,temporal_70_30,change,context,SPLIT_PRIOR,,,,,,,,
model_metric,UKHLS,,,persistence,A_to_B,predictive_R2,-0.0886830040821635,587,,,temporal_70_30,change,context,SPLIT_PRIOR,,,,,,,,
model_metric,UKHLS,,,persistence,A_to_B,mean_log_predictive_density,-1.375482035776536,587,,,temporal_70_30,change,context,SPLIT_PRIOR,,,,,,,,
model_metric,UKHLS,,,persistence,A_to_B,calibration_intercept,0.0287670193194876,587,,,temporal_70_30,change,context,SPLIT_PRIOR,,,,,,,,
model_metric,UKHLS,,,persistence,A_to_B,calibration_slope,-0.111304641889864,587,,,temporal_70_30,change,context,SPLIT_PRIOR,,,,,,,,
model_metric,UKHLS,,,persistence,B_to_A,RMSE,0.9752414423729824,587,,,temporal_70_30,change,context,BASE,,,,,,,,
model_metric,UKHLS,,,persistence,B_to_A,MAE,0.6930207828316267,587,,,temporal_70_30,change,context,BASE,,,,,,,,
model_metric,UKHLS,,,persistence,B_to_A,predictive_R2,-0.0144973218342021,587,,,temporal_70_30,change,context,BASE,,,,,,,,
model_metric,UKHLS,,,persistence,B_to_A,mean_log_predictive_density,-1.4004977857547285,587,,,temporal_70_30,change,context,BASE,,,,,,,,
model_metric,UKHLS,,,persistence,B_to_A,calibration_intercept,-0.1478276433996216,587,,,temporal_70_30,change,context,BASE,,,,,,,,
model_metric,UKHLS,,,persistence,B_to_A,calibration_slope,0.9244835319660378,587,,,temporal_70_30,change,context,BASE,,,,,,,,
model_metric,UKHLS,,,persistence,B_to_A,RMSE,1.0017530730980655,587,,,temporal_70_30,change,context,SPLIT_PRIOR,,,,,,,,
model_metric,UKHLS,,,persistence,B_to_A,MAE,0.7154672564749713,587,,,temporal_70_30,change,context,SPLIT_PRIOR,,,,,,,,
model_metric,UKHLS,,,persistence,B_to_A,predictive_R2,-0.0704046213479088,587,,,temporal_70_30,change,context,SPLIT_PRIOR,,,,,,,,
model_metric,UKHLS,,,persistence,B_to_A,mean_log_predictive_density,-1.4220444178534395,587,,,temporal_70_30,change,context,SPLIT_PRIOR,,,,,,,,
model_metric,UKHLS,,,persistence,B_to_A,calibration_intercept,-0.0698112661583182,587,,,temporal_70_30,change,context,SPLIT_PRIOR,,,,,,,,
model_metric,UKHLS,,,persistence,B_to_A,calibration_slope,0.1523259346809485,587,,,temporal_70_30,change,context,SPLIT_PRIOR,,,,,,,,
comparison,UKHLS,,,persistence,average,RMSE,-0.0274227929577183,587,,equal-weight average of A-to-B and B-to-A gains,temporal_70_30,change,context,,BASE,SPLIT_PRIOR,SPLIT_PRIOR_minus_BASE,-0.0481391266366109,-0.0092488614754186,0.0099136775597377,500.0,500.0
comparison,UKHLS,,,persistence,average,MAE,-0.0254002526904507,587,,equal-weight average of A-to-B and B-to-A gains,temporal_70_30,change,context,,BASE,SPLIT_PRIOR,SPLIT_PRIOR_minus_BASE,-0.0372938691957287,-0.0137225545271092,0.0064115841381578,500.0,500.0
comparison,UKHLS,,,persistence,average,predictive_R2,-0.0597190610303612,587,,equal-weight average of A-to-B and B-to-A gains,temporal_70_30,change,context,,BASE,SPLIT_PRIOR,SPLIT_PRIOR_minus_BASE,-0.106807648091787,-0.0195374344925508,0.0220430498173515,500.0,500.0
comparison,UKHLS,,,persistence,average,mean_log_predictive_density,-0.023234845712559,587,,equal-weight average of A-to-B and B-to-A gains,temporal_70_30,change,context,,BASE,SPLIT_PRIOR,SPLIT_PRIOR_minus_BASE,-0.0450245356660523,-0.0061901288779029,0.009773822163568,500.0,500.0
model_metric,UKHLS,,,persistence,A_to_B,RMSE,0.8214700636029413,587,,,temporal_70_30,change,current_state,BASE,,,,,,,,
model_metric,UKHLS,,,persistence,A_to_B,MAE,0.6322947060052314,587,,,temporal_70_30,change,current_state,BASE,,,,,,,,
model_metric,UKHLS,,,persistence,A_to_B,predictive_R2,0.19733371388521,587,,,temporal_70_30,change,current_state,BASE,,,,,,,,
model_metric,UKHLS,,,persistence,A_to_B,mean_log_predictive_density,-1.2222974554137602,587,,,temporal_70_30,change,current_state,BASE,,,,,,,,
model_metric,UKHLS,,,persistence,A_to_B,calibration_intercept,-0.1436748799921409,587,,,temporal_70_30,change,current_state,BASE,,,,,,,,
model_metric,UKHLS,,,persistence,A_to_B,calibration_slope,0.8221376163520412,587,,,temporal_70_30,change,current_state,BASE,,,,,,,,
model_metric,UKHLS,,,persistence,A_to_B,RMSE,0.8309434734123016,587,,,temporal_70_30,change,current_state,SPLIT_PRIOR,,,,,,,,
model_metric,UKHLS,,,persistence,A_to_B,MAE,0.6380893135704737,587,,,temporal_70_30,change,current_state,SPLIT_PRIOR,,,,,,,,
model_metric,UKHLS,,,persistence,A_to_B,predictive_R2,0.1787138454347078,587,,,temporal_70_30,change,current_state,SPLIT_PRIOR,,,,,,,,
model_metric,UKHLS,,,persistence,A_to_B,mean_log_predictive_density,-1.234126841250396,587,,,temporal_70_30,change,current_state,SPLIT_PRIOR,,,,,,,,
model_metric,UKHLS,,,persistence,A_to_B,calibration_intercept,-0.1415467650113456,587,,,temporal_70_30,change,current_state,SPLIT_PRIOR,,,,,,,,
model_metric,UKHLS,,,persistence,A_to_B,calibration_slope,0.8014143569987733,587,,,temporal_70_30,change,current_state,SPLIT_PRIOR,,,,,,,,
model_metric,UKHLS,,,persistence,B_to_A,RMSE,0.846142665875689,587,,,temporal_70_30,change,current_state,BASE,,,,,,,,
model_metric,UKHLS,,,persistence,B_to_A,MAE,0.6629073015633975,587,,,temporal_70_30,change,current_state,BASE,,,,,,,,
model_metric,UKHLS,,,persistence,B_to_A,predictive_R2,0.236315813969024,587,,,temporal_70_30,change,current_state,BASE,,,,,,,,
model_metric,UKHLS,,,persistence,B_to_A,mean_log_predictive_density,-1.2519781578086298,587,,,temporal_70_30,change,current_state,BASE,,,,,,,,
model_metric,UKHLS,,,persistence,B_to_A,calibration_intercept,-0.1665613725863263,587,,,temporal_70_30,change,current_state,BASE,,,,,,,,
model_metric,UKHLS,,,persistence,B_to_A,calibration_slope,0.8297989491707858,587,,,temporal_70_30,change,current_state,BASE,,,,,,,,
model_metric,UKHLS,,,persistence,B_to_A,RMSE,0.8515754531344933,587,,,temporal_70_30,change,current_state,SPLIT_PRIOR,,,,,,,,
model_metric,UKHLS,,,persistence,B_to_A,MAE,0.6665436630861975,587,,,temporal_70_30,change,current_state,SPLIT_PRIOR,,,,,,,,
model_metric,UKHLS,,,persistence,B_to_A,predictive_R2,0.2264776310894146,587,,,temporal_70_30,change,current_state,SPLIT_PRIOR,,,,,,,,
model_metric,UKHLS,,,persistence,B_to_A,mean_log_predictive_density,-1.2582742467061363,587,,,temporal_70_30,change,current_state,SPLIT_PRIOR,,,,,,,,
model_metric,UKHLS,,,persistence,B_to_A,calibration_intercept,-0.169292677208114,587,,,temporal_70_30,change,current_state,SPLIT_PRIOR,,,,,,,,
model_metric,UKHLS,,,persistence,B_to_A,calibration_slope,0.8270647277766534,587,,,temporal_70_30,change,current_state,SPLIT_PRIOR,,,,,,,,
comparison,UKHLS,,,persistence,average,RMSE,-0.0074530985340823,587,,equal-weight average of A-to-B and B-to-A gains,temporal_70_30,change,current_state,,BASE,SPLIT_PRIOR,SPLIT_PRIOR_minus_BASE,-0.0136707001458969,-0.002724476453101,0.0027919717326734,500.0,500.0
comparison,UKHLS,,,persistence,average,MAE,-0.0047154845440211,587,,equal-weight average of A-to-B and B-to-A gains,temporal_70_30,change,current_state,,BASE,SPLIT_PRIOR,SPLIT_PRIOR_minus_BASE,-0.009490926339844,-0.0006790135113587,0.002192376282219,500.0,500.0
comparison,UKHLS,,,persistence,average,predictive_R2,-0.0142290256650557,587,,equal-weight average of A-to-B and B-to-A gains,temporal_70_30,change,current_state,,BASE,SPLIT_PRIOR,SPLIT_PRIOR_minus_BASE,-0.0259640378701002,-0.0050475846623327,0.0052370765748421,500.0,500.0
comparison,UKHLS,,,persistence,average,mean_log_predictive_density,-0.0090627373670711,587,,equal-weight average of A-to-B and B-to-A gains,temporal_70_30,change,current_state,,BASE,SPLIT_PRIOR,SPLIT_PRIOR_minus_BASE,-0.0168653476055743,-0.0032367075180615,0.0034635620751119,500.0,500.0
model_metric,UKHLS,,,persistence,A_to_B,RMSE,0.8214700636029414,587,,,temporal_70_30,ancova_level,ancova_current_state,BASE,,,,,,,,
model_metric,UKHLS,,,persistence,A_to_B,MAE,0.6322947060052316,587,,,temporal_70_30,ancova_level,ancova_current_state,BASE,,,,,,,,
model_metric,UKHLS,,,persistence,A_to_B,predictive_R2,0.2196753222144096,587,,,temporal_70_30,ancova_level,ancova_current_state,BASE,,,,,,,,
model_metric,UKHLS,,,persistence,A_to_B,mean_log_predictive_density,-1.2222974554137602,587,,,temporal_70_30,ancova_level,ancova_current_state,BASE,,,,,,,,
model_metric,UKHLS,,,persistence,A_to_B,calibration_intercept,-0.2144359138549056,587,,,temporal_70_30,ancova_level,ancova_current_state,BASE,,,,,,,,
model_metric,UKHLS,,,persistence,A_to_B,calibration_slope,1.1732983417510272,587,,,temporal_70_30,ancova_level,ancova_current_state,BASE,,,,,,,,
model_metric,UKHLS,,,persistence,A_to_B,RMSE,0.8309434734123015,587,,,temporal_70_30,ancova_level,ancova_current_state,SPLIT_PRIOR,,,,,,,,
model_metric,UKHLS,,,persistence,A_to_B,MAE,0.6380893135704737,587,,,temporal_70_30,ancova_level,ancova_current_state,SPLIT_PRIOR,,,,,,,,
model_metric,UKHLS,,,persistence,A_to_B,predictive_R2,0.2015737237040544,587,,,temporal_70_30,ancova_level,ancova_current_state,SPLIT_PRIOR,,,,,,,,
model_metric,UKHLS,,,persistence,A_to_B,mean_log_predictive_density,-1.2341268412503958,587,,,temporal_70_30,ancova_level,ancova_current_state,SPLIT_PRIOR,,,,,,,,
model_metric,UKHLS,,,persistence,A_to_B,calibration_intercept,-0.1987106688135714,587,,,temporal_70_30,ancova_level,ancova_current_state,SPLIT_PRIOR,,,,,,,,
model_metric,UKHLS,,,persistence,A_to_B,calibration_slope,1.0879299769893402,587,,,temporal_70_30,ancova_level,ancova_current_state,SPLIT_PRIOR,,,,,,,,
model_metric,UKHLS,,,persistence,B_to_A,RMSE,0.846142665875689,587,,,temporal_70_30,ancova_level,ancova_current_state,BASE,,,,,,,,
model_metric,UKHLS,,,persistence,B_to_A,MAE,0.6629073015633976,587,,,temporal_70_30,ancova_level,ancova_current_state,BASE,,,,,,,,
model_metric,UKHLS,,,persistence,B_to_A,predictive_R2,0.2044755125176863,587,,,temporal_70_30,ancova_level,ancova_current_state,BASE,,,,,,,,
model_metric,UKHLS,,,persistence,B_to_A,mean_log_predictive_density,-1.2519781578086298,587,,,temporal_70_30,ancova_level,ancova_current_state,BASE,,,,,,,,
model_metric,UKHLS,,,persistence,B_to_A,calibration_intercept,-0.2295258176886084,587,,,temporal_70_30,ancova_level,ancova_current_state,BASE,,,,,,,,
model_metric,UKHLS,,,persistence,B_to_A,calibration_slope,1.1988318747893485,587,,,temporal_70_30,ancova_level,ancova_current_state,BASE,,,,,,,,
model_metric,UKHLS,,,persistence,B_to_A,RMSE,0.8515754531344933,587,,,temporal_70_30,ancova_level,ancova_current_state,SPLIT_PRIOR,,,,,,,,
model_metric,UKHLS,,,persistence,B_to_A,MAE,0.6665436630861976,587,,,temporal_70_30,ancova_level,ancova_current_state,SPLIT_PRIOR,,,,,,,,
model_metric,UKHLS,,,persistence,B_to_A,predictive_R2,0.1942271460643562,587,,,temporal_70_30,ancova_level,ancova_current_state,SPLIT_PRIOR,,,,,,,,
model_metric,UKHLS,,,persistence,B_to_A,mean_log_predictive_density,-1.2582742467061363,587,,,temporal_70_30,ancova_level,ancova_current_state,SPLIT_PRIOR,,,,,,,,
model_metric,UKHLS,,,persistence,B_to_A,calibration_intercept,-0.2201258375875945,587,,,temporal_70_30,ancova_level,ancova_current_state,SPLIT_PRIOR,,,,,,,,
model_metric,UKHLS,,,persistence,B_to_A,calibration_slope,1.1298932918750169,587,,,temporal_70_30,ancova_level,ancova_current_state,SPLIT_PRIOR,,,,,,,,
comparison,UKHLS,,,persistence,average,RMSE,-0.0074530985340822,587,,equal-weight average of A-to-B and B-to-A gains,temporal_70_30,ancova_level,ancova_current_state,,BASE,SPLIT_PRIOR,SPLIT_PRIOR_minus_BASE,-0.0134458104953245,-0.0016499045766841,0.0030427261004453,500.0,500.0
comparison,UKHLS,,,persistence,average,MAE,-0.004715484544021,587,,equal-weight average of A-to-B and B-to-A gains,temporal_70_30,ancova_level,ancova_current_state,,BASE,SPLIT_PRIOR,SPLIT_PRIOR_minus_BASE,-0.0091930755885197,0.0002899859410628,0.0024320634050378,500.0,500.0
comparison,UKHLS,,,persistence,average,predictive_R2,-0.0141749824818426,587,,equal-weight average of A-to-B and B-to-A gains,temporal_70_30,ancova_level,ancova_current_state,,BASE,SPLIT_PRIOR,SPLIT_PRIOR_minus_BASE,-0.0259074791155122,-0.0034258818295862,0.0059069447606017,500.0,500.0
comparison,UKHLS,,,persistence,average,mean_log_predictive_density,-0.0090627373670711,587,,equal-weight average of A-to-B and B-to-A gains,temporal_70_30,ancova_level,ancova_current_state,,BASE,SPLIT_PRIOR,SPLIT_PRIOR_minus_BASE,-0.0162335280633227,-0.0016384669025429,0.0037666403149238,500.0,500.0
