source_table,cohort,validation,outcome_metric,outcome_formulation,baseline_scope,comparison,estimate,ci_lower,ci_upper,benchmark,upper_below,interval_crosses,lower_above,eu_predictive_R2_gain,gain_to_abs_eu_ratio,same_order_of_magnitude_as_eu,n_persons,notes
baseline_information_decomposition,HRS,grouped_10fold,acute,change,context,B2_minus_B0,0.002363888700279,-0.0067556210026704,0.0107291370653582,0.0025,False,True,False,0.0049367170673443,0.4788381971322266,True,1166,"benchmarks are predictive-statistical, not clinical"
baseline_information_decomposition,HRS,grouped_10fold,acute,change,context,B2_minus_B0,0.002363888700279,-0.0067556210026704,0.0107291370653582,0.005,False,True,False,0.0049367170673443,0.4788381971322266,True,1166,"benchmarks are predictive-statistical, not clinical"
baseline_information_decomposition,HRS,grouped_10fold,acute,change,context,B2_minus_B0,0.002363888700279,-0.0067556210026704,0.0107291370653582,0.01,False,True,False,0.0049367170673443,0.4788381971322266,True,1166,"benchmarks are predictive-statistical, not clinical"
baseline_information_decomposition,HRS,grouped_10fold,acute,change,current_state,B4_minus_B3,-0.0013824136213311,-0.0030133720300578,0.0003491087065247,0.0025,True,False,False,0.0049367170673443,-0.2800269090719529,True,1166,"benchmarks are predictive-statistical, not clinical"
baseline_information_decomposition,HRS,grouped_10fold,acute,change,current_state,B4_minus_B3,-0.0013824136213311,-0.0030133720300578,0.0003491087065247,0.005,True,False,False,0.0049367170673443,-0.2800269090719529,True,1166,"benchmarks are predictive-statistical, not clinical"
baseline_information_decomposition,HRS,grouped_10fold,acute,change,current_state,B4_minus_B3,-0.0013824136213311,-0.0030133720300578,0.0003491087065247,0.01,True,False,False,0.0049367170673443,-0.2800269090719529,True,1166,"benchmarks are predictive-statistical, not clinical"
baseline_information_decomposition,HRS,grouped_10fold,acute,ancova_level,context,B2_minus_B0,-0.0012868983700553,-0.0028889554166388,0.0003235973258084,0.0025,True,False,False,0.0049367170673443,-0.2606789800792941,True,1166,"benchmarks are predictive-statistical, not clinical"
baseline_information_decomposition,HRS,grouped_10fold,acute,ancova_level,context,B2_minus_B0,-0.0012868983700553,-0.0028889554166388,0.0003235973258084,0.005,True,False,False,0.0049367170673443,-0.2606789800792941,True,1166,"benchmarks are predictive-statistical, not clinical"
baseline_information_decomposition,HRS,grouped_10fold,acute,ancova_level,context,B2_minus_B0,-0.0012868983700553,-0.0028889554166388,0.0003235973258084,0.01,True,False,False,0.0049367170673443,-0.2606789800792941,True,1166,"benchmarks are predictive-statistical, not clinical"
baseline_information_decomposition,HRS,grouped_10fold,acute,ancova_level,current_state,B4_minus_B3,-0.0012868983700553,-0.0026830733301665,0.000293107695612,0.0025,True,False,False,0.0049367170673443,-0.2606789800792941,True,1166,"benchmarks are predictive-statistical, not clinical"
baseline_information_decomposition,HRS,grouped_10fold,acute,ancova_level,current_state,B4_minus_B3,-0.0012868983700553,-0.0026830733301665,0.000293107695612,0.005,True,False,False,0.0049367170673443,-0.2606789800792941,True,1166,"benchmarks are predictive-statistical, not clinical"
baseline_information_decomposition,HRS,grouped_10fold,acute,ancova_level,current_state,B4_minus_B3,-0.0012868983700553,-0.0026830733301665,0.000293107695612,0.01,True,False,False,0.0049367170673443,-0.2606789800792941,True,1166,"benchmarks are predictive-statistical, not clinical"
baseline_information_decomposition,HRS,grouped_10fold,persistence,change,context,B2_minus_B0,0.0370141446803305,0.007937830118734,0.0613648292905646,0.0025,False,False,True,0.0049367170673443,7.497724535435511,True,1166,"benchmarks are predictive-statistical, not clinical"
baseline_information_decomposition,HRS,grouped_10fold,persistence,change,context,B2_minus_B0,0.0370141446803305,0.007937830118734,0.0613648292905646,0.005,False,False,True,0.0049367170673443,7.497724535435511,True,1166,"benchmarks are predictive-statistical, not clinical"
baseline_information_decomposition,HRS,grouped_10fold,persistence,change,context,B2_minus_B0,0.0370141446803305,0.007937830118734,0.0613648292905646,0.01,False,True,False,0.0049367170673443,7.497724535435511,True,1166,"benchmarks are predictive-statistical, not clinical"
baseline_information_decomposition,HRS,grouped_10fold,persistence,change,current_state,B4_minus_B3,0.002006985971008,-0.005151799023959,0.0103551835051789,0.0025,False,True,False,0.0049367170673443,0.4065426362559741,True,1166,"benchmarks are predictive-statistical, not clinical"
baseline_information_decomposition,HRS,grouped_10fold,persistence,change,current_state,B4_minus_B3,0.002006985971008,-0.005151799023959,0.0103551835051789,0.005,False,True,False,0.0049367170673443,0.4065426362559741,True,1166,"benchmarks are predictive-statistical, not clinical"
baseline_information_decomposition,HRS,grouped_10fold,persistence,change,current_state,B4_minus_B3,0.002006985971008,-0.005151799023959,0.0103551835051789,0.01,False,True,False,0.0049367170673443,0.4065426362559741,True,1166,"benchmarks are predictive-statistical, not clinical"
baseline_information_decomposition,HRS,grouped_10fold,persistence,ancova_level,context,B2_minus_B0,0.0019162202436865,-0.0052213094661841,0.0089019588035931,0.0025,False,True,False,0.0049367170673443,0.3881567887214098,True,1166,"benchmarks are predictive-statistical, not clinical"
baseline_information_decomposition,HRS,grouped_10fold,persistence,ancova_level,context,B2_minus_B0,0.0019162202436865,-0.0052213094661841,0.0089019588035931,0.005,False,True,False,0.0049367170673443,0.3881567887214098,True,1166,"benchmarks are predictive-statistical, not clinical"
baseline_information_decomposition,HRS,grouped_10fold,persistence,ancova_level,context,B2_minus_B0,0.0019162202436865,-0.0052213094661841,0.0089019588035931,0.01,True,False,False,0.0049367170673443,0.3881567887214098,True,1166,"benchmarks are predictive-statistical, not clinical"
baseline_information_decomposition,HRS,grouped_10fold,persistence,ancova_level,current_state,B4_minus_B3,0.0019162202436865,-0.0046966769436749,0.0081954107098334,0.0025,False,True,False,0.0049367170673443,0.3881567887214098,True,1166,"benchmarks are predictive-statistical, not clinical"
baseline_information_decomposition,HRS,grouped_10fold,persistence,ancova_level,current_state,B4_minus_B3,0.0019162202436865,-0.0046966769436749,0.0081954107098334,0.005,False,True,False,0.0049367170673443,0.3881567887214098,True,1166,"benchmarks are predictive-statistical, not clinical"
baseline_information_decomposition,HRS,grouped_10fold,persistence,ancova_level,current_state,B4_minus_B3,0.0019162202436865,-0.0046966769436749,0.0081954107098334,0.01,True,False,False,0.0049367170673443,0.3881567887214098,True,1166,"benchmarks are predictive-statistical, not clinical"
baseline_information_decomposition,HRS,temporal_70_30,acute,change,context,B2_minus_B0,0.009386695761822,-0.0020248943944429,0.018760916935637,0.0025,False,True,False,0.0042834080677893,2.191408246253455,True,340,"benchmarks are predictive-statistical, not clinical"
baseline_information_decomposition,HRS,temporal_70_30,acute,change,context,B2_minus_B0,0.009386695761822,-0.0020248943944429,0.018760916935637,0.005,False,True,False,0.0042834080677893,2.191408246253455,True,340,"benchmarks are predictive-statistical, not clinical"
baseline_information_decomposition,HRS,temporal_70_30,acute,change,context,B2_minus_B0,0.009386695761822,-0.0020248943944429,0.018760916935637,0.01,False,True,False,0.0042834080677893,2.191408246253455,True,340,"benchmarks are predictive-statistical, not clinical"
baseline_information_decomposition,HRS,temporal_70_30,acute,change,current_state,B4_minus_B3,0.0001318878674796,-0.0002337781754199,0.0004839737025806,0.0025,True,False,False,0.0042834080677893,0.0307904046012849,False,340,"benchmarks are predictive-statistical, not clinical"
baseline_information_decomposition,HRS,temporal_70_30,acute,change,current_state,B4_minus_B3,0.0001318878674796,-0.0002337781754199,0.0004839737025806,0.005,True,False,False,0.0042834080677893,0.0307904046012849,False,340,"benchmarks are predictive-statistical, not clinical"
baseline_information_decomposition,HRS,temporal_70_30,acute,change,current_state,B4_minus_B3,0.0001318878674796,-0.0002337781754199,0.0004839737025806,0.01,True,False,False,0.0042834080677893,0.0307904046012849,False,340,"benchmarks are predictive-statistical, not clinical"
baseline_information_decomposition,HRS,temporal_70_30,acute,ancova_level,context,B2_minus_B0,0.0001264244509755,-0.0001976590434341,0.0005263244013445,0.0025,True,False,False,0.0042834080677893,0.0295149210569604,False,340,"benchmarks are predictive-statistical, not clinical"
baseline_information_decomposition,HRS,temporal_70_30,acute,ancova_level,context,B2_minus_B0,0.0001264244509755,-0.0001976590434341,0.0005263244013445,0.005,True,False,False,0.0042834080677893,0.0295149210569604,False,340,"benchmarks are predictive-statistical, not clinical"
baseline_information_decomposition,HRS,temporal_70_30,acute,ancova_level,context,B2_minus_B0,0.0001264244509755,-0.0001976590434341,0.0005263244013445,0.01,True,False,False,0.0042834080677893,0.0295149210569604,False,340,"benchmarks are predictive-statistical, not clinical"
baseline_information_decomposition,HRS,temporal_70_30,acute,ancova_level,current_state,B4_minus_B3,0.0001264244509755,-0.0002605346237744,0.0005109796357026,0.0025,True,False,False,0.0042834080677893,0.0295149210569604,False,340,"benchmarks are predictive-statistical, not clinical"
baseline_information_decomposition,HRS,temporal_70_30,acute,ancova_level,current_state,B4_minus_B3,0.0001264244509755,-0.0002605346237744,0.0005109796357026,0.005,True,False,False,0.0042834080677893,0.0295149210569604,False,340,"benchmarks are predictive-statistical, not clinical"
baseline_information_decomposition,HRS,temporal_70_30,acute,ancova_level,current_state,B4_minus_B3,0.0001264244509755,-0.0002605346237744,0.0005109796357026,0.01,True,False,False,0.0042834080677893,0.0295149210569604,False,340,"benchmarks are predictive-statistical, not clinical"
baseline_information_decomposition,HRS,temporal_70_30,persistence,change,context,B2_minus_B0,0.0598860525069849,0.0212981072092111,0.0996085661552179,0.0025,False,False,True,0.0042834080677893,13.980935637984318,False,340,"benchmarks are predictive-statistical, not clinical"
baseline_information_decomposition,HRS,temporal_70_30,persistence,change,context,B2_minus_B0,0.0598860525069849,0.0212981072092111,0.0996085661552179,0.005,False,False,True,0.0042834080677893,13.980935637984318,False,340,"benchmarks are predictive-statistical, not clinical"
baseline_information_decomposition,HRS,temporal_70_30,persistence,change,context,B2_minus_B0,0.0598860525069849,0.0212981072092111,0.0996085661552179,0.01,False,False,True,0.0042834080677893,13.980935637984318,False,340,"benchmarks are predictive-statistical, not clinical"
baseline_information_decomposition,HRS,temporal_70_30,persistence,change,current_state,B4_minus_B3,0.0068920786601285,-0.0021237953432829,0.0156689004732322,0.0025,False,True,False,0.0042834080677893,1.6090175278783527,True,340,"benchmarks are predictive-statistical, not clinical"
baseline_information_decomposition,HRS,temporal_70_30,persistence,change,current_state,B4_minus_B3,0.0068920786601285,-0.0021237953432829,0.0156689004732322,0.005,False,True,False,0.0042834080677893,1.6090175278783527,True,340,"benchmarks are predictive-statistical, not clinical"
baseline_information_decomposition,HRS,temporal_70_30,persistence,change,current_state,B4_minus_B3,0.0068920786601285,-0.0021237953432829,0.0156689004732322,0.01,False,True,False,0.0042834080677893,1.6090175278783527,True,340,"benchmarks are predictive-statistical, not clinical"
baseline_information_decomposition,HRS,temporal_70_30,persistence,ancova_level,context,B2_minus_B0,0.0072636404339204,-0.0021225709439911,0.0173465069606769,0.0025,False,True,False,0.0042834080677893,1.6957619537914566,True,340,"benchmarks are predictive-statistical, not clinical"
baseline_information_decomposition,HRS,temporal_70_30,persistence,ancova_level,context,B2_minus_B0,0.0072636404339204,-0.0021225709439911,0.0173465069606769,0.005,False,True,False,0.0042834080677893,1.6957619537914566,True,340,"benchmarks are predictive-statistical, not clinical"
baseline_information_decomposition,HRS,temporal_70_30,persistence,ancova_level,context,B2_minus_B0,0.0072636404339204,-0.0021225709439911,0.0173465069606769,0.01,False,True,False,0.0042834080677893,1.6957619537914566,True,340,"benchmarks are predictive-statistical, not clinical"
baseline_information_decomposition,HRS,temporal_70_30,persistence,ancova_level,current_state,B4_minus_B3,0.0072636404339204,-0.0016267081470674,0.0170606542374799,0.0025,False,True,False,0.0042834080677893,1.6957619537914566,True,340,"benchmarks are predictive-statistical, not clinical"
baseline_information_decomposition,HRS,temporal_70_30,persistence,ancova_level,current_state,B4_minus_B3,0.0072636404339204,-0.0016267081470674,0.0170606542374799,0.005,False,True,False,0.0042834080677893,1.6957619537914566,True,340,"benchmarks are predictive-statistical, not clinical"
baseline_information_decomposition,HRS,temporal_70_30,persistence,ancova_level,current_state,B4_minus_B3,0.0072636404339204,-0.0016267081470674,0.0170606542374799,0.01,False,True,False,0.0042834080677893,1.6957619537914566,True,340,"benchmarks are predictive-statistical, not clinical"
baseline_information_decomposition,UKHLS,grouped_10fold,acute,change,context,B2_minus_B0,-0.001345926778569,-0.0022687074746132,-0.0004525169621687,0.0025,True,False,False,0.0031969320991318,-0.4210057445181763,True,1956,"benchmarks are predictive-statistical, not clinical"
baseline_information_decomposition,UKHLS,grouped_10fold,acute,change,context,B2_minus_B0,-0.001345926778569,-0.0022687074746132,-0.0004525169621687,0.005,True,False,False,0.0031969320991318,-0.4210057445181763,True,1956,"benchmarks are predictive-statistical, not clinical"
baseline_information_decomposition,UKHLS,grouped_10fold,acute,change,context,B2_minus_B0,-0.001345926778569,-0.0022687074746132,-0.0004525169621687,0.01,True,False,False,0.0031969320991318,-0.4210057445181763,True,1956,"benchmarks are predictive-statistical, not clinical"
baseline_information_decomposition,UKHLS,grouped_10fold,acute,change,current_state,B4_minus_B3,9.180754289572768e-05,-0.0027723644007561,0.0029569898114888,0.0025,False,True,False,0.0031969320991318,0.0287173890620511,False,1956,"benchmarks are predictive-statistical, not clinical"
baseline_information_decomposition,UKHLS,grouped_10fold,acute,change,current_state,B4_minus_B3,9.180754289572768e-05,-0.0027723644007561,0.0029569898114888,0.005,True,False,False,0.0031969320991318,0.0287173890620511,False,1956,"benchmarks are predictive-statistical, not clinical"
baseline_information_decomposition,UKHLS,grouped_10fold,acute,change,current_state,B4_minus_B3,9.180754289572768e-05,-0.0027723644007561,0.0029569898114888,0.01,True,False,False,0.0031969320991318,0.0287173890620511,False,1956,"benchmarks are predictive-statistical, not clinical"
baseline_information_decomposition,UKHLS,grouped_10fold,acute,ancova_level,context,B2_minus_B0,8.982992743766793e-05,-0.0026437072095575,0.002794803715419,0.0025,False,True,False,0.0031969320991318,0.0280987911698416,False,1956,"benchmarks are predictive-statistical, not clinical"
baseline_information_decomposition,UKHLS,grouped_10fold,acute,ancova_level,context,B2_minus_B0,8.982992743766793e-05,-0.0026437072095575,0.002794803715419,0.005,True,False,False,0.0031969320991318,0.0280987911698416,False,1956,"benchmarks are predictive-statistical, not clinical"
baseline_information_decomposition,UKHLS,grouped_10fold,acute,ancova_level,context,B2_minus_B0,8.982992743766793e-05,-0.0026437072095575,0.002794803715419,0.01,True,False,False,0.0031969320991318,0.0280987911698416,False,1956,"benchmarks are predictive-statistical, not clinical"
baseline_information_decomposition,UKHLS,grouped_10fold,acute,ancova_level,current_state,B4_minus_B3,8.982992743766793e-05,-0.0025795734563084,0.0030058767889027,0.0025,False,True,False,0.0031969320991318,0.0280987911698416,False,1956,"benchmarks are predictive-statistical, not clinical"
baseline_information_decomposition,UKHLS,grouped_10fold,acute,ancova_level,current_state,B4_minus_B3,8.982992743766793e-05,-0.0025795734563084,0.0030058767889027,0.005,True,False,False,0.0031969320991318,0.0280987911698416,False,1956,"benchmarks are predictive-statistical, not clinical"
baseline_information_decomposition,UKHLS,grouped_10fold,acute,ancova_level,current_state,B4_minus_B3,8.982992743766793e-05,-0.0025795734563084,0.0030058767889027,0.01,True,False,False,0.0031969320991318,0.0280987911698416,False,1956,"benchmarks are predictive-statistical, not clinical"
baseline_information_decomposition,UKHLS,grouped_10fold,persistence,change,context,B2_minus_B0,0.0282577512067939,0.0073946437495423,0.0490465290816406,0.0025,False,False,True,0.0031969320991318,8.839021390059553,True,1956,"benchmarks are predictive-statistical, not clinical"
baseline_information_decomposition,UKHLS,grouped_10fold,persistence,change,context,B2_minus_B0,0.0282577512067939,0.0073946437495423,0.0490465290816406,0.005,False,False,True,0.0031969320991318,8.839021390059553,True,1956,"benchmarks are predictive-statistical, not clinical"
baseline_information_decomposition,UKHLS,grouped_10fold,persistence,change,context,B2_minus_B0,0.0282577512067939,0.0073946437495423,0.0490465290816406,0.01,False,True,False,0.0031969320991318,8.839021390059553,True,1956,"benchmarks are predictive-statistical, not clinical"
baseline_information_decomposition,UKHLS,grouped_10fold,persistence,change,current_state,B4_minus_B3,0.0011906997745265,-0.0028045788434101,0.0049266528522538,0.0025,False,True,False,0.0031969320991318,0.3724507551630305,True,1956,"benchmarks are predictive-statistical, not clinical"
baseline_information_decomposition,UKHLS,grouped_10fold,persistence,change,current_state,B4_minus_B3,0.0011906997745265,-0.0028045788434101,0.0049266528522538,0.005,True,False,False,0.0031969320991318,0.3724507551630305,True,1956,"benchmarks are predictive-statistical, not clinical"
baseline_information_decomposition,UKHLS,grouped_10fold,persistence,change,current_state,B4_minus_B3,0.0011906997745265,-0.0028045788434101,0.0049266528522538,0.01,True,False,False,0.0031969320991318,0.3724507551630305,True,1956,"benchmarks are predictive-statistical, not clinical"
baseline_information_decomposition,UKHLS,grouped_10fold,persistence,ancova_level,context,B2_minus_B0,0.0013310893519303,-0.0027187100734482,0.0055895257352796,0.0025,False,True,False,0.0031969320991318,0.41636459913924,True,1956,"benchmarks are predictive-statistical, not clinical"
baseline_information_decomposition,UKHLS,grouped_10fold,persistence,ancova_level,context,B2_minus_B0,0.0013310893519303,-0.0027187100734482,0.0055895257352796,0.005,False,True,False,0.0031969320991318,0.41636459913924,True,1956,"benchmarks are predictive-statistical, not clinical"
baseline_information_decomposition,UKHLS,grouped_10fold,persistence,ancova_level,context,B2_minus_B0,0.0013310893519303,-0.0027187100734482,0.0055895257352796,0.01,True,False,False,0.0031969320991318,0.41636459913924,True,1956,"benchmarks are predictive-statistical, not clinical"
baseline_information_decomposition,UKHLS,grouped_10fold,persistence,ancova_level,current_state,B4_minus_B3,0.0013310893519303,-0.0031588090994476,0.0057341027147326,0.0025,False,True,False,0.0031969320991318,0.41636459913924,True,1956,"benchmarks are predictive-statistical, not clinical"
baseline_information_decomposition,UKHLS,grouped_10fold,persistence,ancova_level,current_state,B4_minus_B3,0.0013310893519303,-0.0031588090994476,0.0057341027147326,0.005,False,True,False,0.0031969320991318,0.41636459913924,True,1956,"benchmarks are predictive-statistical, not clinical"
baseline_information_decomposition,UKHLS,grouped_10fold,persistence,ancova_level,current_state,B4_minus_B3,0.0013310893519303,-0.0031588090994476,0.0057341027147326,0.01,True,False,False,0.0031969320991318,0.41636459913924,True,1956,"benchmarks are predictive-statistical, not clinical"
baseline_information_decomposition,UKHLS,temporal_70_30,acute,change,context,B2_minus_B0,-0.0006964608696503,-0.0025756808047977,0.0010179688584033,0.0025,True,False,False,0.001672659687636,-0.4163792998650444,True,587,"benchmarks are predictive-statistical, not clinical"
baseline_information_decomposition,UKHLS,temporal_70_30,acute,change,context,B2_minus_B0,-0.0006964608696503,-0.0025756808047977,0.0010179688584033,0.005,True,False,False,0.001672659687636,-0.4163792998650444,True,587,"benchmarks are predictive-statistical, not clinical"
baseline_information_decomposition,UKHLS,temporal_70_30,acute,change,context,B2_minus_B0,-0.0006964608696503,-0.0025756808047977,0.0010179688584033,0.01,True,False,False,0.001672659687636,-0.4163792998650444,True,587,"benchmarks are predictive-statistical, not clinical"
baseline_information_decomposition,UKHLS,temporal_70_30,acute,change,current_state,B4_minus_B3,-0.0055697975657661,-0.0171415126249573,0.0049134998513922,0.0025,False,True,False,0.001672659687636,-3.329904825791574,True,587,"benchmarks are predictive-statistical, not clinical"
baseline_information_decomposition,UKHLS,temporal_70_30,acute,change,current_state,B4_minus_B3,-0.0055697975657661,-0.0171415126249573,0.0049134998513922,0.005,True,False,False,0.001672659687636,-3.329904825791574,True,587,"benchmarks are predictive-statistical, not clinical"
baseline_information_decomposition,UKHLS,temporal_70_30,acute,change,current_state,B4_minus_B3,-0.0055697975657661,-0.0171415126249573,0.0049134998513922,0.01,True,False,False,0.001672659687636,-3.329904825791574,True,587,"benchmarks are predictive-statistical, not clinical"
baseline_information_decomposition,UKHLS,temporal_70_30,acute,ancova_level,context,B2_minus_B0,-0.0046361959662579,-0.0130752796471919,0.0037076910016702,0.0025,False,True,False,0.001672659687636,-2.7717508830564284,True,587,"benchmarks are predictive-statistical, not clinical"
baseline_information_decomposition,UKHLS,temporal_70_30,acute,ancova_level,context,B2_minus_B0,-0.0046361959662579,-0.0130752796471919,0.0037076910016702,0.005,True,False,False,0.001672659687636,-2.7717508830564284,True,587,"benchmarks are predictive-statistical, not clinical"
baseline_information_decomposition,UKHLS,temporal_70_30,acute,ancova_level,context,B2_minus_B0,-0.0046361959662579,-0.0130752796471919,0.0037076910016702,0.01,True,False,False,0.001672659687636,-2.7717508830564284,True,587,"benchmarks are predictive-statistical, not clinical"
baseline_information_decomposition,UKHLS,temporal_70_30,acute,ancova_level,current_state,B4_minus_B3,-0.0046361959662579,-0.0126242226035886,0.0038028608057411,0.0025,False,True,False,0.001672659687636,-2.7717508830564284,True,587,"benchmarks are predictive-statistical, not clinical"
baseline_information_decomposition,UKHLS,temporal_70_30,acute,ancova_level,current_state,B4_minus_B3,-0.0046361959662579,-0.0126242226035886,0.0038028608057411,0.005,True,False,False,0.001672659687636,-2.7717508830564284,True,587,"benchmarks are predictive-statistical, not clinical"
baseline_information_decomposition,UKHLS,temporal_70_30,acute,ancova_level,current_state,B4_minus_B3,-0.0046361959662579,-0.0126242226035886,0.0038028608057411,0.01,True,False,False,0.001672659687636,-2.7717508830564284,True,587,"benchmarks are predictive-statistical, not clinical"
baseline_information_decomposition,UKHLS,temporal_70_30,persistence,change,context,B2_minus_B0,-0.0824483266806175,-0.1421742097541006,-0.0193416632165229,0.0025,True,False,False,0.001672659687636,-49.29175210597873,False,587,"benchmarks are predictive-statistical, not clinical"
baseline_information_decomposition,UKHLS,temporal_70_30,persistence,change,context,B2_minus_B0,-0.0824483266806175,-0.1421742097541006,-0.0193416632165229,0.005,True,False,False,0.001672659687636,-49.29175210597873,False,587,"benchmarks are predictive-statistical, not clinical"
baseline_information_decomposition,UKHLS,temporal_70_30,persistence,change,context,B2_minus_B0,-0.0824483266806175,-0.1421742097541006,-0.0193416632165229,0.01,True,False,False,0.001672659687636,-49.29175210597873,False,587,"benchmarks are predictive-statistical, not clinical"
baseline_information_decomposition,UKHLS,temporal_70_30,persistence,change,current_state,B4_minus_B3,-0.0188639532557112,-0.0344985497774665,-0.0025509011623072,0.0025,True,False,False,0.001672659687636,-11.277819029866132,False,587,"benchmarks are predictive-statistical, not clinical"
baseline_information_decomposition,UKHLS,temporal_70_30,persistence,change,current_state,B4_minus_B3,-0.0188639532557112,-0.0344985497774665,-0.0025509011623072,0.005,True,False,False,0.001672659687636,-11.277819029866132,False,587,"benchmarks are predictive-statistical, not clinical"
baseline_information_decomposition,UKHLS,temporal_70_30,persistence,change,current_state,B4_minus_B3,-0.0188639532557112,-0.0344985497774665,-0.0025509011623072,0.01,True,False,False,0.001672659687636,-11.277819029866132,False,587,"benchmarks are predictive-statistical, not clinical"
baseline_information_decomposition,UKHLS,temporal_70_30,persistence,ancova_level,context,B2_minus_B0,-0.0177577185064801,-0.0333246570419997,-0.0020538716602725,0.0025,True,False,False,0.001672659687636,-10.6164563166925,False,587,"benchmarks are predictive-statistical, not clinical"
baseline_information_decomposition,UKHLS,temporal_70_30,persistence,ancova_level,context,B2_minus_B0,-0.0177577185064801,-0.0333246570419997,-0.0020538716602725,0.005,True,False,False,0.001672659687636,-10.6164563166925,False,587,"benchmarks are predictive-statistical, not clinical"
baseline_information_decomposition,UKHLS,temporal_70_30,persistence,ancova_level,context,B2_minus_B0,-0.0177577185064801,-0.0333246570419997,-0.0020538716602725,0.01,True,False,False,0.001672659687636,-10.6164563166925,False,587,"benchmarks are predictive-statistical, not clinical"
baseline_information_decomposition,UKHLS,temporal_70_30,persistence,ancova_level,current_state,B4_minus_B3,-0.0177577185064801,-0.034594208172409,-0.0036339836111442,0.0025,True,False,False,0.001672659687636,-10.6164563166925,False,587,"benchmarks are predictive-statistical, not clinical"
baseline_information_decomposition,UKHLS,temporal_70_30,persistence,ancova_level,current_state,B4_minus_B3,-0.0177577185064801,-0.034594208172409,-0.0036339836111442,0.005,True,False,False,0.001672659687636,-10.6164563166925,False,587,"benchmarks are predictive-statistical, not clinical"
baseline_information_decomposition,UKHLS,temporal_70_30,persistence,ancova_level,current_state,B4_minus_B3,-0.0177577185064801,-0.034594208172409,-0.0036339836111442,0.01,True,False,False,0.001672659687636,-10.6164563166925,False,587,"benchmarks are predictive-statistical, not clinical"
prior_response_representation,HRS,grouped_10fold,acute,change,context,R1_prior_acute_minus_BASE,0.002363888700279,-0.0067893567899525,0.0112828131627946,0.0025,False,True,False,0.0049367170673443,0.4788381971322266,True,1166,"benchmarks are predictive-statistical, not clinical"
prior_response_representation,HRS,grouped_10fold,acute,change,context,R1_prior_acute_minus_BASE,0.002363888700279,-0.0067893567899525,0.0112828131627946,0.005,False,True,False,0.0049367170673443,0.4788381971322266,True,1166,"benchmarks are predictive-statistical, not clinical"
prior_response_representation,HRS,grouped_10fold,acute,change,context,R1_prior_acute_minus_BASE,0.002363888700279,-0.0067893567899525,0.0112828131627946,0.01,False,True,False,0.0049367170673443,0.4788381971322266,True,1166,"benchmarks are predictive-statistical, not clinical"
prior_response_representation,HRS,grouped_10fold,acute,change,context,R2_prior_persistence_minus_BASE,0.0354833162766838,0.0108059984055997,0.0635683408819913,0.0025,False,False,True,0.0049367170673443,7.187634169152839,True,1166,"benchmarks are predictive-statistical, not clinical"
prior_response_representation,HRS,grouped_10fold,acute,change,context,R2_prior_persistence_minus_BASE,0.0354833162766838,0.0108059984055997,0.0635683408819913,0.005,False,False,True,0.0049367170673443,7.187634169152839,True,1166,"benchmarks are predictive-statistical, not clinical"
prior_response_representation,HRS,grouped_10fold,acute,change,context,R2_prior_persistence_minus_BASE,0.0354833162766838,0.0108059984055997,0.0635683408819913,0.01,False,False,True,0.0049367170673443,7.187634169152839,True,1166,"benchmarks are predictive-statistical, not clinical"
prior_response_representation,HRS,grouped_10fold,acute,change,context,R3_joint_raw_minus_BASE,0.031727287447383,0.0046836907481327,0.0580659941415894,0.0025,False,False,True,0.0049367170673443,6.426798824922474,True,1166,"benchmarks are predictive-statistical, not clinical"
prior_response_representation,HRS,grouped_10fold,acute,change,context,R3_joint_raw_minus_BASE,0.031727287447383,0.0046836907481327,0.0580659941415894,0.005,False,True,False,0.0049367170673443,6.426798824922474,True,1166,"benchmarks are predictive-statistical, not clinical"
prior_response_representation,HRS,grouped_10fold,acute,change,context,R3_joint_raw_minus_BASE,0.031727287447383,0.0046836907481327,0.0580659941415894,0.01,False,True,False,0.0049367170673443,6.426798824922474,True,1166,"benchmarks are predictive-statistical, not clinical"
prior_response_representation,HRS,grouped_10fold,acute,change,context,R4_acute_residual_minus_BASE,0.0014791180135543,-0.0071850037989232,0.0095805092481361,0.0025,False,True,False,0.0049367170673443,0.2996157149330153,True,1166,"benchmarks are predictive-statistical, not clinical"
prior_response_representation,HRS,grouped_10fold,acute,change,context,R4_acute_residual_minus_BASE,0.0014791180135543,-0.0071850037989232,0.0095805092481361,0.005,False,True,False,0.0049367170673443,0.2996157149330153,True,1166,"benchmarks are predictive-statistical, not clinical"
prior_response_representation,HRS,grouped_10fold,acute,change,context,R4_acute_residual_minus_BASE,0.0014791180135543,-0.0071850037989232,0.0095805092481361,0.01,True,False,False,0.0049367170673443,0.2996157149330153,True,1166,"benchmarks are predictive-statistical, not clinical"
prior_response_representation,HRS,grouped_10fold,acute,change,context,R4_persistence_residual_minus_BASE,0.0419318688503352,0.00929297192013,0.0703087781653675,0.0025,False,False,True,0.0049367170673443,8.493877262626372,True,1166,"benchmarks are predictive-statistical, not clinical"
prior_response_representation,HRS,grouped_10fold,acute,change,context,R4_persistence_residual_minus_BASE,0.0419318688503352,0.00929297192013,0.0703087781653675,0.005,False,False,True,0.0049367170673443,8.493877262626372,True,1166,"benchmarks are predictive-statistical, not clinical"
prior_response_representation,HRS,grouped_10fold,acute,change,context,R4_persistence_residual_minus_BASE,0.0419318688503352,0.00929297192013,0.0703087781653675,0.01,False,True,False,0.0049367170673443,8.493877262626372,True,1166,"benchmarks are predictive-statistical, not clinical"
prior_response_representation,HRS,grouped_10fold,acute,change,context,R4_joint_residual_minus_BASE,0.0373019563663989,0.0070295157129539,0.0688082729804103,0.0025,False,False,True,0.0049367170673443,7.556024754415494,True,1166,"benchmarks are predictive-statistical, not clinical"
prior_response_representation,HRS,grouped_10fold,acute,change,context,R4_joint_residual_minus_BASE,0.0373019563663989,0.0070295157129539,0.0688082729804103,0.005,False,False,True,0.0049367170673443,7.556024754415494,True,1166,"benchmarks are predictive-statistical, not clinical"
prior_response_representation,HRS,grouped_10fold,acute,change,context,R4_joint_residual_minus_BASE,0.0373019563663989,0.0070295157129539,0.0688082729804103,0.01,False,True,False,0.0049367170673443,7.556024754415494,True,1166,"benchmarks are predictive-statistical, not clinical"
prior_response_representation,HRS,grouped_10fold,acute,change,current_state,R1_prior_acute_minus_BASE,-0.0013824136213311,-0.0030230509127096,0.0003135181783594,0.0025,True,False,False,0.0049367170673443,-0.2800269090719529,True,1166,"benchmarks are predictive-statistical, not clinical"
prior_response_representation,HRS,grouped_10fold,acute,change,current_state,R1_prior_acute_minus_BASE,-0.0013824136213311,-0.0030230509127096,0.0003135181783594,0.005,True,False,False,0.0049367170673443,-0.2800269090719529,True,1166,"benchmarks are predictive-statistical, not clinical"
prior_response_representation,HRS,grouped_10fold,acute,change,current_state,R1_prior_acute_minus_BASE,-0.0013824136213311,-0.0030230509127096,0.0003135181783594,0.01,True,False,False,0.0049367170673443,-0.2800269090719529,True,1166,"benchmarks are predictive-statistical, not clinical"
prior_response_representation,HRS,grouped_10fold,acute,change,current_state,R2_prior_persistence_minus_BASE,0.0030847347765652,-0.0044243530612753,0.0110672006502414,0.0025,False,True,False,0.0049367170673443,0.6248554929287579,True,1166,"benchmarks are predictive-statistical, not clinical"
prior_response_representation,HRS,grouped_10fold,acute,change,current_state,R2_prior_persistence_minus_BASE,0.0030847347765652,-0.0044243530612753,0.0110672006502414,0.005,False,True,False,0.0049367170673443,0.6248554929287579,True,1166,"benchmarks are predictive-statistical, not clinical"
prior_response_representation,HRS,grouped_10fold,acute,change,current_state,R2_prior_persistence_minus_BASE,0.0030847347765652,-0.0044243530612753,0.0110672006502414,0.01,False,True,False,0.0049367170673443,0.6248554929287579,True,1166,"benchmarks are predictive-statistical, not clinical"
prior_response_representation,HRS,grouped_10fold,acute,change,current_state,R3_joint_raw_minus_BASE,0.0004877648366331,-0.0079289195749239,0.0089656057426077,0.0025,False,True,False,0.0049367170673443,0.0988034821480149,False,1166,"benchmarks are predictive-statistical, not clinical"
prior_response_representation,HRS,grouped_10fold,acute,change,current_state,R3_joint_raw_minus_BASE,0.0004877648366331,-0.0079289195749239,0.0089656057426077,0.005,False,True,False,0.0049367170673443,0.0988034821480149,False,1166,"benchmarks are predictive-statistical, not clinical"
prior_response_representation,HRS,grouped_10fold,acute,change,current_state,R3_joint_raw_minus_BASE,0.0004877648366331,-0.0079289195749239,0.0089656057426077,0.01,True,False,False,0.0049367170673443,0.0988034821480149,False,1166,"benchmarks are predictive-statistical, not clinical"
prior_response_representation,HRS,grouped_10fold,acute,change,current_state,R4_acute_residual_minus_BASE,0.0044595417712406,-0.0049468705862914,0.013968004208624,0.0025,False,True,False,0.0049367170673443,0.9033415750600516,True,1166,"benchmarks are predictive-statistical, not clinical"
prior_response_representation,HRS,grouped_10fold,acute,change,current_state,R4_acute_residual_minus_BASE,0.0044595417712406,-0.0049468705862914,0.013968004208624,0.005,False,True,False,0.0049367170673443,0.9033415750600516,True,1166,"benchmarks are predictive-statistical, not clinical"
prior_response_representation,HRS,grouped_10fold,acute,change,current_state,R4_acute_residual_minus_BASE,0.0044595417712406,-0.0049468705862914,0.013968004208624,0.01,False,True,False,0.0049367170673443,0.9033415750600516,True,1166,"benchmarks are predictive-statistical, not clinical"
prior_response_representation,HRS,grouped_10fold,acute,change,current_state,R4_persistence_residual_minus_BASE,-0.0009311956670925,-0.0039021478683623,0.0017889381690745,0.0025,True,False,False,0.0049367170673443,-0.1886265010511285,True,1166,"benchmarks are predictive-statistical, not clinical"
prior_response_representation,HRS,grouped_10fold,acute,change,current_state,R4_persistence_residual_minus_BASE,-0.0009311956670925,-0.0039021478683623,0.0017889381690745,0.005,True,False,False,0.0049367170673443,-0.1886265010511285,True,1166,"benchmarks are predictive-statistical, not clinical"
prior_response_representation,HRS,grouped_10fold,acute,change,current_state,R4_persistence_residual_minus_BASE,-0.0009311956670925,-0.0039021478683623,0.0017889381690745,0.01,True,False,False,0.0049367170673443,-0.1886265010511285,True,1166,"benchmarks are predictive-statistical, not clinical"
prior_response_representation,HRS,grouped_10fold,acute,change,current_state,R4_joint_residual_minus_BASE,0.0024686705678272,-0.0061120120018034,0.0109358199459541,0.0025,False,True,False,0.0049367170673443,0.5000632068135331,True,1166,"benchmarks are predictive-statistical, not clinical"
prior_response_representation,HRS,grouped_10fold,acute,change,current_state,R4_joint_residual_minus_BASE,0.0024686705678272,-0.0061120120018034,0.0109358199459541,0.005,False,True,False,0.0049367170673443,0.5000632068135331,True,1166,"benchmarks are predictive-statistical, not clinical"
prior_response_representation,HRS,grouped_10fold,acute,change,current_state,R4_joint_residual_minus_BASE,0.0024686705678272,-0.0061120120018034,0.0109358199459541,0.01,False,True,False,0.0049367170673443,0.5000632068135331,True,1166,"benchmarks are predictive-statistical, not clinical"
prior_response_representation,HRS,grouped_10fold,acute,ancova_level,ancova_current_state,R1_prior_acute_minus_BASE,-0.0012868983700553,-0.0028911500726023,0.0004078233719115,0.0025,True,False,False,0.0049367170673443,-0.2606789800792941,True,1166,"benchmarks are predictive-statistical, not clinical"
prior_response_representation,HRS,grouped_10fold,acute,ancova_level,ancova_current_state,R1_prior_acute_minus_BASE,-0.0012868983700553,-0.0028911500726023,0.0004078233719115,0.005,True,False,False,0.0049367170673443,-0.2606789800792941,True,1166,"benchmarks are predictive-statistical, not clinical"
prior_response_representation,HRS,grouped_10fold,acute,ancova_level,ancova_current_state,R1_prior_acute_minus_BASE,-0.0012868983700553,-0.0028911500726023,0.0004078233719115,0.01,True,False,False,0.0049367170673443,-0.2606789800792941,True,1166,"benchmarks are predictive-statistical, not clinical"
prior_response_representation,HRS,grouped_10fold,acute,ancova_level,ancova_current_state,R2_prior_persistence_minus_BASE,0.0028716008687704,-0.004942121954076,0.0100551885216023,0.0025,False,True,False,0.0049367170673443,0.5816822859397223,True,1166,"benchmarks are predictive-statistical, not clinical"
prior_response_representation,HRS,grouped_10fold,acute,ancova_level,ancova_current_state,R2_prior_persistence_minus_BASE,0.0028716008687704,-0.004942121954076,0.0100551885216023,0.005,False,True,False,0.0049367170673443,0.5816822859397223,True,1166,"benchmarks are predictive-statistical, not clinical"
prior_response_representation,HRS,grouped_10fold,acute,ancova_level,ancova_current_state,R2_prior_persistence_minus_BASE,0.0028716008687704,-0.004942121954076,0.0100551885216023,0.01,False,True,False,0.0049367170673443,0.5816822859397223,True,1166,"benchmarks are predictive-statistical, not clinical"
prior_response_representation,HRS,grouped_10fold,acute,ancova_level,ancova_current_state,R3_joint_raw_minus_BASE,0.0004540636489307,-0.0079095500771254,0.0080906659282956,0.0025,False,True,False,0.0049367170673443,0.0919768426540615,False,1166,"benchmarks are predictive-statistical, not clinical"
prior_response_representation,HRS,grouped_10fold,acute,ancova_level,ancova_current_state,R3_joint_raw_minus_BASE,0.0004540636489307,-0.0079095500771254,0.0080906659282956,0.005,False,True,False,0.0049367170673443,0.0919768426540615,False,1166,"benchmarks are predictive-statistical, not clinical"
prior_response_representation,HRS,grouped_10fold,acute,ancova_level,ancova_current_state,R3_joint_raw_minus_BASE,0.0004540636489307,-0.0079095500771254,0.0080906659282956,0.01,True,False,False,0.0049367170673443,0.0919768426540615,False,1166,"benchmarks are predictive-statistical, not clinical"
prior_response_representation,HRS,grouped_10fold,acute,ancova_level,ancova_current_state,R4_acute_residual_minus_BASE,0.0041514181776342,-0.003930027725385,0.0129242563863562,0.0025,False,True,False,0.0049367170673443,0.8409268995979656,True,1166,"benchmarks are predictive-statistical, not clinical"
prior_response_representation,HRS,grouped_10fold,acute,ancova_level,ancova_current_state,R4_acute_residual_minus_BASE,0.0041514181776342,-0.003930027725385,0.0129242563863562,0.005,False,True,False,0.0049367170673443,0.8409268995979656,True,1166,"benchmarks are predictive-statistical, not clinical"
prior_response_representation,HRS,grouped_10fold,acute,ancova_level,ancova_current_state,R4_acute_residual_minus_BASE,0.0041514181776342,-0.003930027725385,0.0129242563863562,0.01,False,True,False,0.0049367170673443,0.8409268995979656,True,1166,"benchmarks are predictive-statistical, not clinical"
prior_response_representation,HRS,grouped_10fold,acute,ancova_level,ancova_current_state,R4_persistence_residual_minus_BASE,-0.000866856465889,-0.0035261597357193,0.001616404669991,0.0025,True,False,False,0.0049367170673443,-0.1755937101648293,True,1166,"benchmarks are predictive-statistical, not clinical"
prior_response_representation,HRS,grouped_10fold,acute,ancova_level,ancova_current_state,R4_persistence_residual_minus_BASE,-0.000866856465889,-0.0035261597357193,0.001616404669991,0.005,True,False,False,0.0049367170673443,-0.1755937101648293,True,1166,"benchmarks are predictive-statistical, not clinical"
prior_response_representation,HRS,grouped_10fold,acute,ancova_level,ancova_current_state,R4_persistence_residual_minus_BASE,-0.000866856465889,-0.0035261597357193,0.001616404669991,0.01,True,False,False,0.0049367170673443,-0.1755937101648293,True,1166,"benchmarks are predictive-statistical, not clinical"
prior_response_representation,HRS,grouped_10fold,acute,ancova_level,ancova_current_state,R4_joint_residual_minus_BASE,0.0022981024498884,-0.0060430682107631,0.0102084217228414,0.0025,False,True,False,0.0049367170673443,0.4655122865132607,True,1166,"benchmarks are predictive-statistical, not clinical"
prior_response_representation,HRS,grouped_10fold,acute,ancova_level,ancova_current_state,R4_joint_residual_minus_BASE,0.0022981024498884,-0.0060430682107631,0.0102084217228414,0.005,False,True,False,0.0049367170673443,0.4655122865132607,True,1166,"benchmarks are predictive-statistical, not clinical"
prior_response_representation,HRS,grouped_10fold,acute,ancova_level,ancova_current_state,R4_joint_residual_minus_BASE,0.0022981024498884,-0.0060430682107631,0.0102084217228414,0.01,False,True,False,0.0049367170673443,0.4655122865132607,True,1166,"benchmarks are predictive-statistical, not clinical"
prior_response_representation,HRS,grouped_10fold,persistence,change,context,R1_prior_acute_minus_BASE,-0.0011941214360132,-0.0086617903990143,0.0066061711636233,0.0025,False,True,False,0.0049367170673443,-0.2418857349375401,True,1166,"benchmarks are predictive-statistical, not clinical"
prior_response_representation,HRS,grouped_10fold,persistence,change,context,R1_prior_acute_minus_BASE,-0.0011941214360132,-0.0086617903990143,0.0066061711636233,0.005,False,True,False,0.0049367170673443,-0.2418857349375401,True,1166,"benchmarks are predictive-statistical, not clinical"
prior_response_representation,HRS,grouped_10fold,persistence,change,context,R1_prior_acute_minus_BASE,-0.0011941214360132,-0.0086617903990143,0.0066061711636233,0.01,True,False,False,0.0049367170673443,-0.2418857349375401,True,1166,"benchmarks are predictive-statistical, not clinical"
prior_response_representation,HRS,grouped_10fold,persistence,change,context,R2_prior_persistence_minus_BASE,0.0370141446803305,0.0083761774801472,0.0632912507209723,0.0025,False,False,True,0.0049367170673443,7.497724535435511,True,1166,"benchmarks are predictive-statistical, not clinical"
prior_response_representation,HRS,grouped_10fold,persistence,change,context,R2_prior_persistence_minus_BASE,0.0370141446803305,0.0083761774801472,0.0632912507209723,0.005,False,False,True,0.0049367170673443,7.497724535435511,True,1166,"benchmarks are predictive-statistical, not clinical"
prior_response_representation,HRS,grouped_10fold,persistence,change,context,R2_prior_persistence_minus_BASE,0.0370141446803305,0.0083761774801472,0.0632912507209723,0.01,False,True,False,0.0049367170673443,7.497724535435511,True,1166,"benchmarks are predictive-statistical, not clinical"
prior_response_representation,HRS,grouped_10fold,persistence,change,context,R3_joint_raw_minus_BASE,0.0384491813941673,0.0127718791478458,0.0643560120583885,0.0025,False,False,True,0.0049367170673443,7.788410976295021,True,1166,"benchmarks are predictive-statistical, not clinical"
prior_response_representation,HRS,grouped_10fold,persistence,change,context,R3_joint_raw_minus_BASE,0.0384491813941673,0.0127718791478458,0.0643560120583885,0.005,False,False,True,0.0049367170673443,7.788410976295021,True,1166,"benchmarks are predictive-statistical, not clinical"
prior_response_representation,HRS,grouped_10fold,persistence,change,context,R3_joint_raw_minus_BASE,0.0384491813941673,0.0127718791478458,0.0643560120583885,0.01,False,False,True,0.0049367170673443,7.788410976295021,True,1166,"benchmarks are predictive-statistical, not clinical"
prior_response_representation,HRS,grouped_10fold,persistence,change,context,R4_acute_residual_minus_BASE,-0.0002689782968241,-0.0101715425688274,0.008930901843519,0.0025,False,True,False,0.0049367170673443,-0.0544852567313216,False,1166,"benchmarks are predictive-statistical, not clinical"
prior_response_representation,HRS,grouped_10fold,persistence,change,context,R4_acute_residual_minus_BASE,-0.0002689782968241,-0.0101715425688274,0.008930901843519,0.005,False,True,False,0.0049367170673443,-0.0544852567313216,False,1166,"benchmarks are predictive-statistical, not clinical"
prior_response_representation,HRS,grouped_10fold,persistence,change,context,R4_acute_residual_minus_BASE,-0.0002689782968241,-0.0101715425688274,0.008930901843519,0.01,True,False,False,0.0049367170673443,-0.0544852567313216,False,1166,"benchmarks are predictive-statistical, not clinical"
prior_response_representation,HRS,grouped_10fold,persistence,change,context,R4_persistence_residual_minus_BASE,0.0525360526654814,0.0167256908146289,0.0787758302254695,0.0025,False,False,True,0.0049367170673443,10.641900669779147,False,1166,"benchmarks are predictive-statistical, not clinical"
prior_response_representation,HRS,grouped_10fold,persistence,change,context,R4_persistence_residual_minus_BASE,0.0525360526654814,0.0167256908146289,0.0787758302254695,0.005,False,False,True,0.0049367170673443,10.641900669779147,False,1166,"benchmarks are predictive-statistical, not clinical"
prior_response_representation,HRS,grouped_10fold,persistence,change,context,R4_persistence_residual_minus_BASE,0.0525360526654814,0.0167256908146289,0.0787758302254695,0.01,False,False,True,0.0049367170673443,10.641900669779147,False,1166,"benchmarks are predictive-statistical, not clinical"
prior_response_representation,HRS,grouped_10fold,persistence,change,context,R4_joint_residual_minus_BASE,0.0489585047137757,0.0167048978545999,0.0777172094800817,0.0025,False,False,True,0.0049367170673443,9.917219084243142,True,1166,"benchmarks are predictive-statistical, not clinical"
prior_response_representation,HRS,grouped_10fold,persistence,change,context,R4_joint_residual_minus_BASE,0.0489585047137757,0.0167048978545999,0.0777172094800817,0.005,False,False,True,0.0049367170673443,9.917219084243142,True,1166,"benchmarks are predictive-statistical, not clinical"
prior_response_representation,HRS,grouped_10fold,persistence,change,context,R4_joint_residual_minus_BASE,0.0489585047137757,0.0167048978545999,0.0777172094800817,0.01,False,False,True,0.0049367170673443,9.917219084243142,True,1166,"benchmarks are predictive-statistical, not clinical"
prior_response_representation,HRS,grouped_10fold,persistence,change,current_state,R1_prior_acute_minus_BASE,-0.0025118440890575,-0.0043186842668017,-0.0008010310149197,0.0025,True,False,False,0.0049367170673443,-0.5088085978580951,True,1166,"benchmarks are predictive-statistical, not clinical"
prior_response_representation,HRS,grouped_10fold,persistence,change,current_state,R1_prior_acute_minus_BASE,-0.0025118440890575,-0.0043186842668017,-0.0008010310149197,0.005,True,False,False,0.0049367170673443,-0.5088085978580951,True,1166,"benchmarks are predictive-statistical, not clinical"
prior_response_representation,HRS,grouped_10fold,persistence,change,current_state,R1_prior_acute_minus_BASE,-0.0025118440890575,-0.0043186842668017,-0.0008010310149197,0.01,True,False,False,0.0049367170673443,-0.5088085978580951,True,1166,"benchmarks are predictive-statistical, not clinical"
prior_response_representation,HRS,grouped_10fold,persistence,change,current_state,R2_prior_persistence_minus_BASE,0.002006985971008,-0.0054385923360377,0.0099010814613367,0.0025,False,True,False,0.0049367170673443,0.4065426362559741,True,1166,"benchmarks are predictive-statistical, not clinical"
prior_response_representation,HRS,grouped_10fold,persistence,change,current_state,R2_prior_persistence_minus_BASE,0.002006985971008,-0.0054385923360377,0.0099010814613367,0.005,False,True,False,0.0049367170673443,0.4065426362559741,True,1166,"benchmarks are predictive-statistical, not clinical"
prior_response_representation,HRS,grouped_10fold,persistence,change,current_state,R2_prior_persistence_minus_BASE,0.002006985971008,-0.0054385923360377,0.0099010814613367,0.01,True,False,False,0.0049367170673443,0.4065426362559741,True,1166,"benchmarks are predictive-statistical, not clinical"
prior_response_representation,HRS,grouped_10fold,persistence,change,current_state,R3_joint_raw_minus_BASE,0.0025298649040771,-0.005012751731078,0.011645939726398,0.0025,False,True,False,0.0049367170673443,0.5124589620117883,True,1166,"benchmarks are predictive-statistical, not clinical"
prior_response_representation,HRS,grouped_10fold,persistence,change,current_state,R3_joint_raw_minus_BASE,0.0025298649040771,-0.005012751731078,0.011645939726398,0.005,False,True,False,0.0049367170673443,0.5124589620117883,True,1166,"benchmarks are predictive-statistical, not clinical"
prior_response_representation,HRS,grouped_10fold,persistence,change,current_state,R3_joint_raw_minus_BASE,0.0025298649040771,-0.005012751731078,0.011645939726398,0.01,False,True,False,0.0049367170673443,0.5124589620117883,True,1166,"benchmarks are predictive-statistical, not clinical"
prior_response_representation,HRS,grouped_10fold,persistence,change,current_state,R4_acute_residual_minus_BASE,0.0057496608124528,-0.004407308859659,0.0160003120481601,0.0025,False,True,False,0.0049367170673443,1.164672946417384,True,1166,"benchmarks are predictive-statistical, not clinical"
prior_response_representation,HRS,grouped_10fold,persistence,change,current_state,R4_acute_residual_minus_BASE,0.0057496608124528,-0.004407308859659,0.0160003120481601,0.005,False,True,False,0.0049367170673443,1.164672946417384,True,1166,"benchmarks are predictive-statistical, not clinical"
prior_response_representation,HRS,grouped_10fold,persistence,change,current_state,R4_acute_residual_minus_BASE,0.0057496608124528,-0.004407308859659,0.0160003120481601,0.01,False,True,False,0.0049367170673443,1.164672946417384,True,1166,"benchmarks are predictive-statistical, not clinical"
prior_response_representation,HRS,grouped_10fold,persistence,change,current_state,R4_persistence_residual_minus_BASE,-0.0020967505622181,-0.0034933003300967,-0.0007267346553864,0.0025,True,False,False,0.0049367170673443,-0.4247256898897156,True,1166,"benchmarks are predictive-statistical, not clinical"
prior_response_representation,HRS,grouped_10fold,persistence,change,current_state,R4_persistence_residual_minus_BASE,-0.0020967505622181,-0.0034933003300967,-0.0007267346553864,0.005,True,False,False,0.0049367170673443,-0.4247256898897156,True,1166,"benchmarks are predictive-statistical, not clinical"
prior_response_representation,HRS,grouped_10fold,persistence,change,current_state,R4_persistence_residual_minus_BASE,-0.0020967505622181,-0.0034933003300967,-0.0007267346553864,0.01,True,False,False,0.0049367170673443,-0.4247256898897156,True,1166,"benchmarks are predictive-statistical, not clinical"
prior_response_representation,HRS,grouped_10fold,persistence,change,current_state,R4_joint_residual_minus_BASE,0.0049226222582179,-0.0049810904777779,0.0148092580970584,0.0025,False,True,False,0.0049367170673443,0.9971449023847042,True,1166,"benchmarks are predictive-statistical, not clinical"
prior_response_representation,HRS,grouped_10fold,persistence,change,current_state,R4_joint_residual_minus_BASE,0.0049226222582179,-0.0049810904777779,0.0148092580970584,0.005,False,True,False,0.0049367170673443,0.9971449023847042,True,1166,"benchmarks are predictive-statistical, not clinical"
prior_response_representation,HRS,grouped_10fold,persistence,change,current_state,R4_joint_residual_minus_BASE,0.0049226222582179,-0.0049810904777779,0.0148092580970584,0.01,False,True,False,0.0049367170673443,0.9971449023847042,True,1166,"benchmarks are predictive-statistical, not clinical"
prior_response_representation,HRS,grouped_10fold,persistence,ancova_level,ancova_current_state,R1_prior_acute_minus_BASE,-0.0023982462069821,-0.0043203957805917,-0.0006100874897742,0.0025,True,False,False,0.0049367170673443,-0.4857977830745483,True,1166,"benchmarks are predictive-statistical, not clinical"
prior_response_representation,HRS,grouped_10fold,persistence,ancova_level,ancova_current_state,R1_prior_acute_minus_BASE,-0.0023982462069821,-0.0043203957805917,-0.0006100874897742,0.005,True,False,False,0.0049367170673443,-0.4857977830745483,True,1166,"benchmarks are predictive-statistical, not clinical"
prior_response_representation,HRS,grouped_10fold,persistence,ancova_level,ancova_current_state,R1_prior_acute_minus_BASE,-0.0023982462069821,-0.0043203957805917,-0.0006100874897742,0.01,True,False,False,0.0049367170673443,-0.4857977830745483,True,1166,"benchmarks are predictive-statistical, not clinical"
prior_response_representation,HRS,grouped_10fold,persistence,ancova_level,ancova_current_state,R2_prior_persistence_minus_BASE,0.0019162202436865,-0.005766968550222,0.0093579301829769,0.0025,False,True,False,0.0049367170673443,0.3881567887214098,True,1166,"benchmarks are predictive-statistical, not clinical"
prior_response_representation,HRS,grouped_10fold,persistence,ancova_level,ancova_current_state,R2_prior_persistence_minus_BASE,0.0019162202436865,-0.005766968550222,0.0093579301829769,0.005,False,True,False,0.0049367170673443,0.3881567887214098,True,1166,"benchmarks are predictive-statistical, not clinical"
prior_response_representation,HRS,grouped_10fold,persistence,ancova_level,ancova_current_state,R2_prior_persistence_minus_BASE,0.0019162202436865,-0.005766968550222,0.0093579301829769,0.01,True,False,False,0.0049367170673443,0.3881567887214098,True,1166,"benchmarks are predictive-statistical, not clinical"
prior_response_representation,HRS,grouped_10fold,persistence,ancova_level,ancova_current_state,R3_joint_raw_minus_BASE,0.0024154520325565,-0.0053450652332086,0.0106349183139859,0.0025,False,True,False,0.0049367170673443,0.4892830598971195,True,1166,"benchmarks are predictive-statistical, not clinical"
prior_response_representation,HRS,grouped_10fold,persistence,ancova_level,ancova_current_state,R3_joint_raw_minus_BASE,0.0024154520325565,-0.0053450652332086,0.0106349183139859,0.005,False,True,False,0.0049367170673443,0.4892830598971195,True,1166,"benchmarks are predictive-statistical, not clinical"
prior_response_representation,HRS,grouped_10fold,persistence,ancova_level,ancova_current_state,R3_joint_raw_minus_BASE,0.0024154520325565,-0.0053450652332086,0.0106349183139859,0.01,False,True,False,0.0049367170673443,0.4892830598971195,True,1166,"benchmarks are predictive-statistical, not clinical"
prior_response_representation,HRS,grouped_10fold,persistence,ancova_level,ancova_current_state,R4_acute_residual_minus_BASE,0.0054896330130396,-0.0051396610866073,0.0163954236176173,0.0025,False,True,False,0.0049367170673443,1.1120007361476685,True,1166,"benchmarks are predictive-statistical, not clinical"
prior_response_representation,HRS,grouped_10fold,persistence,ancova_level,ancova_current_state,R4_acute_residual_minus_BASE,0.0054896330130396,-0.0051396610866073,0.0163954236176173,0.005,False,True,False,0.0049367170673443,1.1120007361476685,True,1166,"benchmarks are predictive-statistical, not clinical"
prior_response_representation,HRS,grouped_10fold,persistence,ancova_level,ancova_current_state,R4_acute_residual_minus_BASE,0.0054896330130396,-0.0051396610866073,0.0163954236176173,0.01,False,True,False,0.0049367170673443,1.1120007361476685,True,1166,"benchmarks are predictive-statistical, not clinical"
prior_response_representation,HRS,grouped_10fold,persistence,ancova_level,ancova_current_state,R4_persistence_residual_minus_BASE,-0.0020019252407954,-0.0034710740018713,-0.0004673359382396,0.0025,True,False,False,0.0049367170673443,-0.4055175156862671,True,1166,"benchmarks are predictive-statistical, not clinical"
prior_response_representation,HRS,grouped_10fold,persistence,ancova_level,ancova_current_state,R4_persistence_residual_minus_BASE,-0.0020019252407954,-0.0034710740018713,-0.0004673359382396,0.005,True,False,False,0.0049367170673443,-0.4055175156862671,True,1166,"benchmarks are predictive-statistical, not clinical"
prior_response_representation,HRS,grouped_10fold,persistence,ancova_level,ancova_current_state,R4_persistence_residual_minus_BASE,-0.0020019252407954,-0.0034710740018713,-0.0004673359382396,0.01,True,False,False,0.0049367170673443,-0.4055175156862671,True,1166,"benchmarks are predictive-statistical, not clinical"
prior_response_representation,HRS,grouped_10fold,persistence,ancova_level,ancova_current_state,R4_joint_residual_minus_BASE,0.004699997189557,-0.0033729937062595,0.0141852343741533,0.0025,False,True,False,0.0049367170673443,0.9520491301085248,True,1166,"benchmarks are predictive-statistical, not clinical"
prior_response_representation,HRS,grouped_10fold,persistence,ancova_level,ancova_current_state,R4_joint_residual_minus_BASE,0.004699997189557,-0.0033729937062595,0.0141852343741533,0.005,False,True,False,0.0049367170673443,0.9520491301085248,True,1166,"benchmarks are predictive-statistical, not clinical"
prior_response_representation,HRS,grouped_10fold,persistence,ancova_level,ancova_current_state,R4_joint_residual_minus_BASE,0.004699997189557,-0.0033729937062595,0.0141852343741533,0.01,False,True,False,0.0049367170673443,0.9520491301085248,True,1166,"benchmarks are predictive-statistical, not clinical"
prior_response_representation,HRS,temporal_70_30,acute,change,context,R1_prior_acute_minus_BASE,0.009386695761822,-0.0021154986462293,0.0198820798011608,0.0025,False,True,False,0.0042834080677893,2.191408246253455,True,340,"benchmarks are predictive-statistical, not clinical"
prior_response_representation,HRS,temporal_70_30,acute,change,context,R1_prior_acute_minus_BASE,0.009386695761822,-0.0021154986462293,0.0198820798011608,0.005,False,True,False,0.0042834080677893,2.191408246253455,True,340,"benchmarks are predictive-statistical, not clinical"
prior_response_representation,HRS,temporal_70_30,acute,change,context,R1_prior_acute_minus_BASE,0.009386695761822,-0.0021154986462293,0.0198820798011608,0.01,False,True,False,0.0042834080677893,2.191408246253455,True,340,"benchmarks are predictive-statistical, not clinical"
prior_response_representation,HRS,temporal_70_30,acute,change,context,R2_prior_persistence_minus_BASE,0.0420666105140635,-0.0071703525999867,0.093238450885183,0.0025,False,True,False,0.0042834080677893,9.820827212424446,True,340,"benchmarks are predictive-statistical, not clinical"
prior_response_representation,HRS,temporal_70_30,acute,change,context,R2_prior_persistence_minus_BASE,0.0420666105140635,-0.0071703525999867,0.093238450885183,0.005,False,True,False,0.0042834080677893,9.820827212424446,True,340,"benchmarks are predictive-statistical, not clinical"
prior_response_representation,HRS,temporal_70_30,acute,change,context,R2_prior_persistence_minus_BASE,0.0420666105140635,-0.0071703525999867,0.093238450885183,0.01,False,True,False,0.0042834080677893,9.820827212424446,True,340,"benchmarks are predictive-statistical, not clinical"
prior_response_representation,HRS,temporal_70_30,acute,change,context,R3_joint_raw_minus_BASE,0.0337043365935638,-0.0254595575562892,0.0908984450352502,0.0025,False,True,False,0.0042834080677893,7.868579425578505,True,340,"benchmarks are predictive-statistical, not clinical"
prior_response_representation,HRS,temporal_70_30,acute,change,context,R3_joint_raw_minus_BASE,0.0337043365935638,-0.0254595575562892,0.0908984450352502,0.005,False,True,False,0.0042834080677893,7.868579425578505,True,340,"benchmarks are predictive-statistical, not clinical"
prior_response_representation,HRS,temporal_70_30,acute,change,context,R3_joint_raw_minus_BASE,0.0337043365935638,-0.0254595575562892,0.0908984450352502,0.01,False,True,False,0.0042834080677893,7.868579425578505,True,340,"benchmarks are predictive-statistical, not clinical"
prior_response_representation,HRS,temporal_70_30,acute,change,context,R4_acute_residual_minus_BASE,0.0090432355163903,-0.0005511611072873,0.0177112264280688,0.0025,False,True,False,0.0042834080677893,2.1112243739732195,True,340,"benchmarks are predictive-statistical, not clinical"
prior_response_representation,HRS,temporal_70_30,acute,change,context,R4_acute_residual_minus_BASE,0.0090432355163903,-0.0005511611072873,0.0177112264280688,0.005,False,True,False,0.0042834080677893,2.1112243739732195,True,340,"benchmarks are predictive-statistical, not clinical"
prior_response_representation,HRS,temporal_70_30,acute,change,context,R4_acute_residual_minus_BASE,0.0090432355163903,-0.0005511611072873,0.0177112264280688,0.01,False,True,False,0.0042834080677893,2.1112243739732195,True,340,"benchmarks are predictive-statistical, not clinical"
prior_response_representation,HRS,temporal_70_30,acute,change,context,R4_persistence_residual_minus_BASE,0.0489948068357377,-0.0076337242865847,0.1070381242051292,0.0025,False,True,False,0.0042834080677893,11.438276732065912,False,340,"benchmarks are predictive-statistical, not clinical"
prior_response_representation,HRS,temporal_70_30,acute,change,context,R4_persistence_residual_minus_BASE,0.0489948068357377,-0.0076337242865847,0.1070381242051292,0.005,False,True,False,0.0042834080677893,11.438276732065912,False,340,"benchmarks are predictive-statistical, not clinical"
prior_response_representation,HRS,temporal_70_30,acute,change,context,R4_persistence_residual_minus_BASE,0.0489948068357377,-0.0076337242865847,0.1070381242051292,0.01,False,True,False,0.0042834080677893,11.438276732065912,False,340,"benchmarks are predictive-statistical, not clinical"
prior_response_representation,HRS,temporal_70_30,acute,change,context,R4_joint_residual_minus_BASE,0.0415842852698921,-0.0229811070905357,0.1026477869788715,0.0025,False,True,False,0.0042834080677893,9.708224061723374,True,340,"benchmarks are predictive-statistical, not clinical"
prior_response_representation,HRS,temporal_70_30,acute,change,context,R4_joint_residual_minus_BASE,0.0415842852698921,-0.0229811070905357,0.1026477869788715,0.005,False,True,False,0.0042834080677893,9.708224061723374,True,340,"benchmarks are predictive-statistical, not clinical"
prior_response_representation,HRS,temporal_70_30,acute,change,context,R4_joint_residual_minus_BASE,0.0415842852698921,-0.0229811070905357,0.1026477869788715,0.01,False,True,False,0.0042834080677893,9.708224061723374,True,340,"benchmarks are predictive-statistical, not clinical"
prior_response_representation,HRS,temporal_70_30,acute,change,current_state,R1_prior_acute_minus_BASE,0.0001318878674796,-0.0002874617924279,0.0005248781807158,0.0025,True,False,False,0.0042834080677893,0.0307904046012849,False,340,"benchmarks are predictive-statistical, not clinical"
prior_response_representation,HRS,temporal_70_30,acute,change,current_state,R1_prior_acute_minus_BASE,0.0001318878674796,-0.0002874617924279,0.0005248781807158,0.005,True,False,False,0.0042834080677893,0.0307904046012849,False,340,"benchmarks are predictive-statistical, not clinical"
prior_response_representation,HRS,temporal_70_30,acute,change,current_state,R1_prior_acute_minus_BASE,0.0001318878674796,-0.0002874617924279,0.0005248781807158,0.01,True,False,False,0.0042834080677893,0.0307904046012849,False,340,"benchmarks are predictive-statistical, not clinical"
prior_response_representation,HRS,temporal_70_30,acute,change,current_state,R2_prior_persistence_minus_BASE,0.0023313358401556,-0.0125880804525165,0.0185981252652494,0.0025,False,True,False,0.0042834080677893,0.5442712445930648,True,340,"benchmarks are predictive-statistical, not clinical"
prior_response_representation,HRS,temporal_70_30,acute,change,current_state,R2_prior_persistence_minus_BASE,0.0023313358401556,-0.0125880804525165,0.0185981252652494,0.005,False,True,False,0.0042834080677893,0.5442712445930648,True,340,"benchmarks are predictive-statistical, not clinical"
prior_response_representation,HRS,temporal_70_30,acute,change,current_state,R2_prior_persistence_minus_BASE,0.0023313358401556,-0.0125880804525165,0.0185981252652494,0.01,False,True,False,0.0042834080677893,0.5442712445930648,True,340,"benchmarks are predictive-statistical, not clinical"
prior_response_representation,HRS,temporal_70_30,acute,change,current_state,R3_joint_raw_minus_BASE,0.0003456724046593,-0.0176430946633794,0.0180448289899168,0.0025,False,True,False,0.0042834080677893,0.0807003206765983,False,340,"benchmarks are predictive-statistical, not clinical"
prior_response_representation,HRS,temporal_70_30,acute,change,current_state,R3_joint_raw_minus_BASE,0.0003456724046593,-0.0176430946633794,0.0180448289899168,0.005,False,True,False,0.0042834080677893,0.0807003206765983,False,340,"benchmarks are predictive-statistical, not clinical"
prior_response_representation,HRS,temporal_70_30,acute,change,current_state,R3_joint_raw_minus_BASE,0.0003456724046593,-0.0176430946633794,0.0180448289899168,0.01,False,True,False,0.0042834080677893,0.0807003206765983,False,340,"benchmarks are predictive-statistical, not clinical"
prior_response_representation,HRS,temporal_70_30,acute,change,current_state,R4_acute_residual_minus_BASE,-0.0040548126486428,-0.0298162761536089,0.0185318522049036,0.0025,False,True,False,0.0042834080677893,-0.9466323507990088,True,340,"benchmarks are predictive-statistical, not clinical"
prior_response_representation,HRS,temporal_70_30,acute,change,current_state,R4_acute_residual_minus_BASE,-0.0040548126486428,-0.0298162761536089,0.0185318522049036,0.005,False,True,False,0.0042834080677893,-0.9466323507990088,True,340,"benchmarks are predictive-statistical, not clinical"
prior_response_representation,HRS,temporal_70_30,acute,change,current_state,R4_acute_residual_minus_BASE,-0.0040548126486428,-0.0298162761536089,0.0185318522049036,0.01,False,True,False,0.0042834080677893,-0.9466323507990088,True,340,"benchmarks are predictive-statistical, not clinical"
prior_response_representation,HRS,temporal_70_30,acute,change,current_state,R4_persistence_residual_minus_BASE,0.000314427954914,-0.0039902602333862,0.005231834922493,0.0025,False,True,False,0.0042834080677893,0.0734060238805071,False,340,"benchmarks are predictive-statistical, not clinical"
prior_response_representation,HRS,temporal_70_30,acute,change,current_state,R4_persistence_residual_minus_BASE,0.000314427954914,-0.0039902602333862,0.005231834922493,0.005,False,True,False,0.0042834080677893,0.0734060238805071,False,340,"benchmarks are predictive-statistical, not clinical"
prior_response_representation,HRS,temporal_70_30,acute,change,current_state,R4_persistence_residual_minus_BASE,0.000314427954914,-0.0039902602333862,0.005231834922493,0.01,True,False,False,0.0042834080677893,0.0734060238805071,False,340,"benchmarks are predictive-statistical, not clinical"
prior_response_representation,HRS,temporal_70_30,acute,change,current_state,R4_joint_residual_minus_BASE,-0.002235208729964,-0.0210461021793357,0.0184713979988277,0.0025,False,True,False,0.0042834080677893,-0.5218295092574933,True,340,"benchmarks are predictive-statistical, not clinical"
prior_response_representation,HRS,temporal_70_30,acute,change,current_state,R4_joint_residual_minus_BASE,-0.002235208729964,-0.0210461021793357,0.0184713979988277,0.005,False,True,False,0.0042834080677893,-0.5218295092574933,True,340,"benchmarks are predictive-statistical, not clinical"
prior_response_representation,HRS,temporal_70_30,acute,change,current_state,R4_joint_residual_minus_BASE,-0.002235208729964,-0.0210461021793357,0.0184713979988277,0.01,False,True,False,0.0042834080677893,-0.5218295092574933,True,340,"benchmarks are predictive-statistical, not clinical"
prior_response_representation,HRS,temporal_70_30,acute,ancova_level,ancova_current_state,R1_prior_acute_minus_BASE,0.0001264244509755,-0.0002374343457743,0.0005079239146836,0.0025,True,False,False,0.0042834080677893,0.0295149210569604,False,340,"benchmarks are predictive-statistical, not clinical"
prior_response_representation,HRS,temporal_70_30,acute,ancova_level,ancova_current_state,R1_prior_acute_minus_BASE,0.0001264244509755,-0.0002374343457743,0.0005079239146836,0.005,True,False,False,0.0042834080677893,0.0295149210569604,False,340,"benchmarks are predictive-statistical, not clinical"
prior_response_representation,HRS,temporal_70_30,acute,ancova_level,ancova_current_state,R1_prior_acute_minus_BASE,0.0001264244509755,-0.0002374343457743,0.0005079239146836,0.01,True,False,False,0.0042834080677893,0.0295149210569604,False,340,"benchmarks are predictive-statistical, not clinical"
prior_response_representation,HRS,temporal_70_30,acute,ancova_level,ancova_current_state,R2_prior_persistence_minus_BASE,0.0022347609318741,-0.0134904672255122,0.0186744942095892,0.0025,False,True,False,0.0042834080677893,0.5217249667803686,True,340,"benchmarks are predictive-statistical, not clinical"
prior_response_representation,HRS,temporal_70_30,acute,ancova_level,ancova_current_state,R2_prior_persistence_minus_BASE,0.0022347609318741,-0.0134904672255122,0.0186744942095892,0.005,False,True,False,0.0042834080677893,0.5217249667803686,True,340,"benchmarks are predictive-statistical, not clinical"
prior_response_representation,HRS,temporal_70_30,acute,ancova_level,ancova_current_state,R2_prior_persistence_minus_BASE,0.0022347609318741,-0.0134904672255122,0.0186744942095892,0.01,False,True,False,0.0042834080677893,0.5217249667803686,True,340,"benchmarks are predictive-statistical, not clinical"
prior_response_representation,HRS,temporal_70_30,acute,ancova_level,ancova_current_state,R3_joint_raw_minus_BASE,0.0003313530259577,-0.017519237275237,0.016630615793036,0.0025,False,True,False,0.0042834080677893,0.0773573333928896,False,340,"benchmarks are predictive-statistical, not clinical"
prior_response_representation,HRS,temporal_70_30,acute,ancova_level,ancova_current_state,R3_joint_raw_minus_BASE,0.0003313530259577,-0.017519237275237,0.016630615793036,0.005,False,True,False,0.0042834080677893,0.0773573333928896,False,340,"benchmarks are predictive-statistical, not clinical"
prior_response_representation,HRS,temporal_70_30,acute,ancova_level,ancova_current_state,R3_joint_raw_minus_BASE,0.0003313530259577,-0.017519237275237,0.016630615793036,0.01,False,True,False,0.0042834080677893,0.0773573333928896,False,340,"benchmarks are predictive-statistical, not clinical"
prior_response_representation,HRS,temporal_70_30,acute,ancova_level,ancova_current_state,R4_acute_residual_minus_BASE,-0.003886843215455,-0.0286640017030256,0.0183173845828593,0.0025,False,True,False,0.0042834080677893,-0.907418381331364,True,340,"benchmarks are predictive-statistical, not clinical"
prior_response_representation,HRS,temporal_70_30,acute,ancova_level,ancova_current_state,R4_acute_residual_minus_BASE,-0.003886843215455,-0.0286640017030256,0.0183173845828593,0.005,False,True,False,0.0042834080677893,-0.907418381331364,True,340,"benchmarks are predictive-statistical, not clinical"
prior_response_representation,HRS,temporal_70_30,acute,ancova_level,ancova_current_state,R4_acute_residual_minus_BASE,-0.003886843215455,-0.0286640017030256,0.0183173845828593,0.01,False,True,False,0.0042834080677893,-0.907418381331364,True,340,"benchmarks are predictive-statistical, not clinical"
prior_response_representation,HRS,temporal_70_30,acute,ancova_level,ancova_current_state,R4_persistence_residual_minus_BASE,0.0003014028684448,-0.003537959438383,0.004945736744919,0.0025,False,True,False,0.0042834080677893,0.0703652007174694,False,340,"benchmarks are predictive-statistical, not clinical"
prior_response_representation,HRS,temporal_70_30,acute,ancova_level,ancova_current_state,R4_persistence_residual_minus_BASE,0.0003014028684448,-0.003537959438383,0.004945736744919,0.005,True,False,False,0.0042834080677893,0.0703652007174694,False,340,"benchmarks are predictive-statistical, not clinical"
prior_response_representation,HRS,temporal_70_30,acute,ancova_level,ancova_current_state,R4_persistence_residual_minus_BASE,0.0003014028684448,-0.003537959438383,0.004945736744919,0.01,True,False,False,0.0042834080677893,0.0703652007174694,False,340,"benchmarks are predictive-statistical, not clinical"
prior_response_representation,HRS,temporal_70_30,acute,ancova_level,ancova_current_state,R4_joint_residual_minus_BASE,-0.0021426158592297,-0.0218115168671569,0.018449367466718,0.0025,False,True,False,0.0042834080677893,-0.5002128737959637,True,340,"benchmarks are predictive-statistical, not clinical"
prior_response_representation,HRS,temporal_70_30,acute,ancova_level,ancova_current_state,R4_joint_residual_minus_BASE,-0.0021426158592297,-0.0218115168671569,0.018449367466718,0.005,False,True,False,0.0042834080677893,-0.5002128737959637,True,340,"benchmarks are predictive-statistical, not clinical"
prior_response_representation,HRS,temporal_70_30,acute,ancova_level,ancova_current_state,R4_joint_residual_minus_BASE,-0.0021426158592297,-0.0218115168671569,0.018449367466718,0.01,False,True,False,0.0042834080677893,-0.5002128737959637,True,340,"benchmarks are predictive-statistical, not clinical"
prior_response_representation,HRS,temporal_70_30,persistence,change,context,R1_prior_acute_minus_BASE,0.0042770464115784,-0.0060151511161505,0.0153937639232165,0.0025,False,True,False,0.0042834080677893,0.998514814346386,True,340,"benchmarks are predictive-statistical, not clinical"
prior_response_representation,HRS,temporal_70_30,persistence,change,context,R1_prior_acute_minus_BASE,0.0042770464115784,-0.0060151511161505,0.0153937639232165,0.005,False,True,False,0.0042834080677893,0.998514814346386,True,340,"benchmarks are predictive-statistical, not clinical"
prior_response_representation,HRS,temporal_70_30,persistence,change,context,R1_prior_acute_minus_BASE,0.0042770464115784,-0.0060151511161505,0.0153937639232165,0.01,False,True,False,0.0042834080677893,0.998514814346386,True,340,"benchmarks are predictive-statistical, not clinical"
prior_response_representation,HRS,temporal_70_30,persistence,change,context,R2_prior_persistence_minus_BASE,0.0598860525069849,0.0236154977682112,0.102107109930965,0.0025,False,False,True,0.0042834080677893,13.980935637984318,False,340,"benchmarks are predictive-statistical, not clinical"
prior_response_representation,HRS,temporal_70_30,persistence,change,context,R2_prior_persistence_minus_BASE,0.0598860525069849,0.0236154977682112,0.102107109930965,0.005,False,False,True,0.0042834080677893,13.980935637984318,False,340,"benchmarks are predictive-statistical, not clinical"
prior_response_representation,HRS,temporal_70_30,persistence,change,context,R2_prior_persistence_minus_BASE,0.0598860525069849,0.0236154977682112,0.102107109930965,0.01,False,False,True,0.0042834080677893,13.980935637984318,False,340,"benchmarks are predictive-statistical, not clinical"
prior_response_representation,HRS,temporal_70_30,persistence,change,context,R3_joint_raw_minus_BASE,0.0646037816697386,0.0237475647081716,0.1058194957797271,0.0025,False,False,True,0.0042834080677893,15.082331789854706,False,340,"benchmarks are predictive-statistical, not clinical"
prior_response_representation,HRS,temporal_70_30,persistence,change,context,R3_joint_raw_minus_BASE,0.0646037816697386,0.0237475647081716,0.1058194957797271,0.005,False,False,True,0.0042834080677893,15.082331789854706,False,340,"benchmarks are predictive-statistical, not clinical"
prior_response_representation,HRS,temporal_70_30,persistence,change,context,R3_joint_raw_minus_BASE,0.0646037816697386,0.0237475647081716,0.1058194957797271,0.01,False,False,True,0.0042834080677893,15.082331789854706,False,340,"benchmarks are predictive-statistical, not clinical"
prior_response_representation,HRS,temporal_70_30,persistence,change,context,R4_acute_residual_minus_BASE,0.0082806879876664,-0.0077788466715982,0.0229441909979423,0.0025,False,True,False,0.0042834080677893,1.9332008196781925,True,340,"benchmarks are predictive-statistical, not clinical"
prior_response_representation,HRS,temporal_70_30,persistence,change,context,R4_acute_residual_minus_BASE,0.0082806879876664,-0.0077788466715982,0.0229441909979423,0.005,False,True,False,0.0042834080677893,1.9332008196781925,True,340,"benchmarks are predictive-statistical, not clinical"
prior_response_representation,HRS,temporal_70_30,persistence,change,context,R4_acute_residual_minus_BASE,0.0082806879876664,-0.0077788466715982,0.0229441909979423,0.01,False,True,False,0.0042834080677893,1.9332008196781925,True,340,"benchmarks are predictive-statistical, not clinical"
prior_response_representation,HRS,temporal_70_30,persistence,change,context,R4_persistence_residual_minus_BASE,0.0824630345080015,0.0301980113322779,0.1338883728917182,0.0025,False,False,True,0.0042834080677893,19.251734414031983,False,340,"benchmarks are predictive-statistical, not clinical"
prior_response_representation,HRS,temporal_70_30,persistence,change,context,R4_persistence_residual_minus_BASE,0.0824630345080015,0.0301980113322779,0.1338883728917182,0.005,False,False,True,0.0042834080677893,19.251734414031983,False,340,"benchmarks are predictive-statistical, not clinical"
prior_response_representation,HRS,temporal_70_30,persistence,change,context,R4_persistence_residual_minus_BASE,0.0824630345080015,0.0301980113322779,0.1338883728917182,0.01,False,False,True,0.0042834080677893,19.251734414031983,False,340,"benchmarks are predictive-statistical, not clinical"
prior_response_representation,HRS,temporal_70_30,persistence,change,context,R4_joint_residual_minus_BASE,0.0817252844315481,0.0290078929914523,0.1291813151186805,0.0025,False,False,True,0.0042834080677893,19.079500047196575,False,340,"benchmarks are predictive-statistical, not clinical"
prior_response_representation,HRS,temporal_70_30,persistence,change,context,R4_joint_residual_minus_BASE,0.0817252844315481,0.0290078929914523,0.1291813151186805,0.005,False,False,True,0.0042834080677893,19.079500047196575,False,340,"benchmarks are predictive-statistical, not clinical"
prior_response_representation,HRS,temporal_70_30,persistence,change,context,R4_joint_residual_minus_BASE,0.0817252844315481,0.0290078929914523,0.1291813151186805,0.01,False,False,True,0.0042834080677893,19.079500047196575,False,340,"benchmarks are predictive-statistical, not clinical"
prior_response_representation,HRS,temporal_70_30,persistence,change,current_state,R1_prior_acute_minus_BASE,0.0001301458687522,-0.0005025815770059,0.0008009690607301,0.0025,True,False,False,0.0042834080677893,0.0303837193871262,False,340,"benchmarks are predictive-statistical, not clinical"
prior_response_representation,HRS,temporal_70_30,persistence,change,current_state,R1_prior_acute_minus_BASE,0.0001301458687522,-0.0005025815770059,0.0008009690607301,0.005,True,False,False,0.0042834080677893,0.0303837193871262,False,340,"benchmarks are predictive-statistical, not clinical"
prior_response_representation,HRS,temporal_70_30,persistence,change,current_state,R1_prior_acute_minus_BASE,0.0001301458687522,-0.0005025815770059,0.0008009690607301,0.01,True,False,False,0.0042834080677893,0.0303837193871262,False,340,"benchmarks are predictive-statistical, not clinical"
prior_response_representation,HRS,temporal_70_30,persistence,change,current_state,R2_prior_persistence_minus_BASE,0.0068920786601285,-0.0017329982850715,0.0157272790342666,0.0025,False,True,False,0.0042834080677893,1.6090175278783527,True,340,"benchmarks are predictive-statistical, not clinical"
prior_response_representation,HRS,temporal_70_30,persistence,change,current_state,R2_prior_persistence_minus_BASE,0.0068920786601285,-0.0017329982850715,0.0157272790342666,0.005,False,True,False,0.0042834080677893,1.6090175278783527,True,340,"benchmarks are predictive-statistical, not clinical"
prior_response_representation,HRS,temporal_70_30,persistence,change,current_state,R2_prior_persistence_minus_BASE,0.0068920786601285,-0.0017329982850715,0.0157272790342666,0.01,False,True,False,0.0042834080677893,1.6090175278783527,True,340,"benchmarks are predictive-statistical, not clinical"
prior_response_representation,HRS,temporal_70_30,persistence,change,current_state,R3_joint_raw_minus_BASE,0.0097468110800271,0.0003238414674738,0.0192655025504099,0.0025,False,True,False,0.0042834080677893,2.2754803945302315,True,340,"benchmarks are predictive-statistical, not clinical"
prior_response_representation,HRS,temporal_70_30,persistence,change,current_state,R3_joint_raw_minus_BASE,0.0097468110800271,0.0003238414674738,0.0192655025504099,0.005,False,True,False,0.0042834080677893,2.2754803945302315,True,340,"benchmarks are predictive-statistical, not clinical"
prior_response_representation,HRS,temporal_70_30,persistence,change,current_state,R3_joint_raw_minus_BASE,0.0097468110800271,0.0003238414674738,0.0192655025504099,0.01,False,True,False,0.0042834080677893,2.2754803945302315,True,340,"benchmarks are predictive-statistical, not clinical"
prior_response_representation,HRS,temporal_70_30,persistence,change,current_state,R4_acute_residual_minus_BASE,0.007784970462596,-0.0124454426222284,0.0303424787236788,0.0025,False,True,False,0.0042834080677893,1.8174711209838008,True,340,"benchmarks are predictive-statistical, not clinical"
prior_response_representation,HRS,temporal_70_30,persistence,change,current_state,R4_acute_residual_minus_BASE,0.007784970462596,-0.0124454426222284,0.0303424787236788,0.005,False,True,False,0.0042834080677893,1.8174711209838008,True,340,"benchmarks are predictive-statistical, not clinical"
prior_response_representation,HRS,temporal_70_30,persistence,change,current_state,R4_acute_residual_minus_BASE,0.007784970462596,-0.0124454426222284,0.0303424787236788,0.01,False,True,False,0.0042834080677893,1.8174711209838008,True,340,"benchmarks are predictive-statistical, not clinical"
prior_response_representation,HRS,temporal_70_30,persistence,change,current_state,R4_persistence_residual_minus_BASE,-0.004496555229434,-0.0100416013320738,0.0025937357607572,0.0025,False,True,False,0.0042834080677893,-1.0497611150447188,True,340,"benchmarks are predictive-statistical, not clinical"
prior_response_representation,HRS,temporal_70_30,persistence,change,current_state,R4_persistence_residual_minus_BASE,-0.004496555229434,-0.0100416013320738,0.0025937357607572,0.005,True,False,False,0.0042834080677893,-1.0497611150447188,True,340,"benchmarks are predictive-statistical, not clinical"
prior_response_representation,HRS,temporal_70_30,persistence,change,current_state,R4_persistence_residual_minus_BASE,-0.004496555229434,-0.0100416013320738,0.0025937357607572,0.01,True,False,False,0.0042834080677893,-1.0497611150447188,True,340,"benchmarks are predictive-statistical, not clinical"
prior_response_representation,HRS,temporal_70_30,persistence,change,current_state,R4_joint_residual_minus_BASE,0.0067984247282505,-0.0102448401047165,0.0252140139313725,0.0025,False,True,False,0.0042834080677893,1.5871531781839454,True,340,"benchmarks are predictive-statistical, not clinical"
prior_response_representation,HRS,temporal_70_30,persistence,change,current_state,R4_joint_residual_minus_BASE,0.0067984247282505,-0.0102448401047165,0.0252140139313725,0.005,False,True,False,0.0042834080677893,1.5871531781839454,True,340,"benchmarks are predictive-statistical, not clinical"
prior_response_representation,HRS,temporal_70_30,persistence,change,current_state,R4_joint_residual_minus_BASE,0.0067984247282505,-0.0102448401047165,0.0252140139313725,0.01,False,True,False,0.0042834080677893,1.5871531781839454,True,340,"benchmarks are predictive-statistical, not clinical"
prior_response_representation,HRS,temporal_70_30,persistence,ancova_level,ancova_current_state,R1_prior_acute_minus_BASE,0.0001371622178437,-0.000619947301097,0.0007952801683164,0.0025,True,False,False,0.0042834080677893,0.0320217489608823,False,340,"benchmarks are predictive-statistical, not clinical"
prior_response_representation,HRS,temporal_70_30,persistence,ancova_level,ancova_current_state,R1_prior_acute_minus_BASE,0.0001371622178437,-0.000619947301097,0.0007952801683164,0.005,True,False,False,0.0042834080677893,0.0320217489608823,False,340,"benchmarks are predictive-statistical, not clinical"
prior_response_representation,HRS,temporal_70_30,persistence,ancova_level,ancova_current_state,R1_prior_acute_minus_BASE,0.0001371622178437,-0.000619947301097,0.0007952801683164,0.01,True,False,False,0.0042834080677893,0.0320217489608823,False,340,"benchmarks are predictive-statistical, not clinical"
prior_response_representation,HRS,temporal_70_30,persistence,ancova_level,ancova_current_state,R2_prior_persistence_minus_BASE,0.0072636404339204,-0.002694469112096,0.0164828853442817,0.0025,False,True,False,0.0042834080677893,1.6957619537914566,True,340,"benchmarks are predictive-statistical, not clinical"
prior_response_representation,HRS,temporal_70_30,persistence,ancova_level,ancova_current_state,R2_prior_persistence_minus_BASE,0.0072636404339204,-0.002694469112096,0.0164828853442817,0.005,False,True,False,0.0042834080677893,1.6957619537914566,True,340,"benchmarks are predictive-statistical, not clinical"
prior_response_representation,HRS,temporal_70_30,persistence,ancova_level,ancova_current_state,R2_prior_persistence_minus_BASE,0.0072636404339204,-0.002694469112096,0.0164828853442817,0.01,False,True,False,0.0042834080677893,1.6957619537914566,True,340,"benchmarks are predictive-statistical, not clinical"
prior_response_representation,HRS,temporal_70_30,persistence,ancova_level,ancova_current_state,R3_joint_raw_minus_BASE,0.0102722755432612,0.0006961900640526,0.0213444925431621,0.0025,False,True,False,0.0042834080677893,2.3981547825217753,True,340,"benchmarks are predictive-statistical, not clinical"
prior_response_representation,HRS,temporal_70_30,persistence,ancova_level,ancova_current_state,R3_joint_raw_minus_BASE,0.0102722755432612,0.0006961900640526,0.0213444925431621,0.005,False,True,False,0.0042834080677893,2.3981547825217753,True,340,"benchmarks are predictive-statistical, not clinical"
prior_response_representation,HRS,temporal_70_30,persistence,ancova_level,ancova_current_state,R3_joint_raw_minus_BASE,0.0102722755432612,0.0006961900640526,0.0213444925431621,0.01,False,True,False,0.0042834080677893,2.3981547825217753,True,340,"benchmarks are predictive-statistical, not clinical"
prior_response_representation,HRS,temporal_70_30,persistence,ancova_level,ancova_current_state,R4_acute_residual_minus_BASE,0.0082046693047952,-0.0125364919870141,0.0292014798210325,0.0025,False,True,False,0.0042834080677893,1.915453576906049,True,340,"benchmarks are predictive-statistical, not clinical"
prior_response_representation,HRS,temporal_70_30,persistence,ancova_level,ancova_current_state,R4_acute_residual_minus_BASE,0.0082046693047952,-0.0125364919870141,0.0292014798210325,0.005,False,True,False,0.0042834080677893,1.915453576906049,True,340,"benchmarks are predictive-statistical, not clinical"
prior_response_representation,HRS,temporal_70_30,persistence,ancova_level,ancova_current_state,R4_acute_residual_minus_BASE,0.0082046693047952,-0.0125364919870141,0.0292014798210325,0.01,False,True,False,0.0042834080677893,1.915453576906049,True,340,"benchmarks are predictive-statistical, not clinical"
prior_response_representation,HRS,temporal_70_30,persistence,ancova_level,ancova_current_state,R4_persistence_residual_minus_BASE,-0.0047389709242329,-0.0118677351638837,0.0016232251015548,0.0025,True,False,False,0.0042834080677893,-1.1063552314497882,True,340,"benchmarks are predictive-statistical, not clinical"
prior_response_representation,HRS,temporal_70_30,persistence,ancova_level,ancova_current_state,R4_persistence_residual_minus_BASE,-0.0047389709242329,-0.0118677351638837,0.0016232251015548,0.005,True,False,False,0.0042834080677893,-1.1063552314497882,True,340,"benchmarks are predictive-statistical, not clinical"
prior_response_representation,HRS,temporal_70_30,persistence,ancova_level,ancova_current_state,R4_persistence_residual_minus_BASE,-0.0047389709242329,-0.0118677351638837,0.0016232251015548,0.01,True,False,False,0.0042834080677893,-1.1063552314497882,True,340,"benchmarks are predictive-statistical, not clinical"
prior_response_representation,HRS,temporal_70_30,persistence,ancova_level,ancova_current_state,R4_joint_residual_minus_BASE,0.0071649374852263,-0.0135704096931002,0.0255743465509842,0.0025,False,True,False,0.0042834080677893,1.6727188658736118,True,340,"benchmarks are predictive-statistical, not clinical"
prior_response_representation,HRS,temporal_70_30,persistence,ancova_level,ancova_current_state,R4_joint_residual_minus_BASE,0.0071649374852263,-0.0135704096931002,0.0255743465509842,0.005,False,True,False,0.0042834080677893,1.6727188658736118,True,340,"benchmarks are predictive-statistical, not clinical"
prior_response_representation,HRS,temporal_70_30,persistence,ancova_level,ancova_current_state,R4_joint_residual_minus_BASE,0.0071649374852263,-0.0135704096931002,0.0255743465509842,0.01,False,True,False,0.0042834080677893,1.6727188658736118,True,340,"benchmarks are predictive-statistical, not clinical"
prior_response_representation,UKHLS,grouped_10fold,acute,change,context,R1_prior_acute_minus_BASE,-0.001270788037057,-0.0021598574280197,-0.0003588860185963,0.0025,True,False,False,0.0031969320991318,-0.3975023546487454,True,1955,"benchmarks are predictive-statistical, not clinical"
prior_response_representation,UKHLS,grouped_10fold,acute,change,context,R1_prior_acute_minus_BASE,-0.001270788037057,-0.0021598574280197,-0.0003588860185963,0.005,True,False,False,0.0031969320991318,-0.3975023546487454,True,1955,"benchmarks are predictive-statistical, not clinical"
prior_response_representation,UKHLS,grouped_10fold,acute,change,context,R1_prior_acute_minus_BASE,-0.001270788037057,-0.0021598574280197,-0.0003588860185963,0.01,True,False,False,0.0031969320991318,-0.3975023546487454,True,1955,"benchmarks are predictive-statistical, not clinical"
prior_response_representation,UKHLS,grouped_10fold,acute,change,context,R2_prior_persistence_minus_BASE,0.0267216523475332,0.009046544406153,0.0458439552084291,0.0025,False,False,True,0.0031969320991318,8.358529840152089,True,1955,"benchmarks are predictive-statistical, not clinical"
prior_response_representation,UKHLS,grouped_10fold,acute,change,context,R2_prior_persistence_minus_BASE,0.0267216523475332,0.009046544406153,0.0458439552084291,0.005,False,False,True,0.0031969320991318,8.358529840152089,True,1955,"benchmarks are predictive-statistical, not clinical"
prior_response_representation,UKHLS,grouped_10fold,acute,change,context,R2_prior_persistence_minus_BASE,0.0267216523475332,0.009046544406153,0.0458439552084291,0.01,False,True,False,0.0031969320991318,8.358529840152089,True,1955,"benchmarks are predictive-statistical, not clinical"
prior_response_representation,UKHLS,grouped_10fold,acute,change,context,R3_joint_raw_minus_BASE,0.0309897506704615,0.0104135222797476,0.0517749912193732,0.0025,False,False,True,0.0031969320991318,9.69359051412993,True,1955,"benchmarks are predictive-statistical, not clinical"
prior_response_representation,UKHLS,grouped_10fold,acute,change,context,R3_joint_raw_minus_BASE,0.0309897506704615,0.0104135222797476,0.0517749912193732,0.005,False,False,True,0.0031969320991318,9.69359051412993,True,1955,"benchmarks are predictive-statistical, not clinical"
prior_response_representation,UKHLS,grouped_10fold,acute,change,context,R3_joint_raw_minus_BASE,0.0309897506704615,0.0104135222797476,0.0517749912193732,0.01,False,False,True,0.0031969320991318,9.69359051412993,True,1955,"benchmarks are predictive-statistical, not clinical"
prior_response_representation,UKHLS,grouped_10fold,acute,change,context,R4_acute_residual_minus_BASE,-0.0008431637586013,-0.0022390124462634,0.0004407063825338,0.0025,True,False,False,0.0031969320991318,-0.2637415285830952,True,1955,"benchmarks are predictive-statistical, not clinical"
prior_response_representation,UKHLS,grouped_10fold,acute,change,context,R4_acute_residual_minus_BASE,-0.0008431637586013,-0.0022390124462634,0.0004407063825338,0.005,True,False,False,0.0031969320991318,-0.2637415285830952,True,1955,"benchmarks are predictive-statistical, not clinical"
prior_response_representation,UKHLS,grouped_10fold,acute,change,context,R4_acute_residual_minus_BASE,-0.0008431637586013,-0.0022390124462634,0.0004407063825338,0.01,True,False,False,0.0031969320991318,-0.2637415285830952,True,1955,"benchmarks are predictive-statistical, not clinical"
prior_response_representation,UKHLS,grouped_10fold,acute,change,context,R4_persistence_residual_minus_BASE,0.0425565197886088,0.0186629734875281,0.0635810049985979,0.0025,False,False,True,0.0031969320991318,13.311674589574816,False,1955,"benchmarks are predictive-statistical, not clinical"
prior_response_representation,UKHLS,grouped_10fold,acute,change,context,R4_persistence_residual_minus_BASE,0.0425565197886088,0.0186629734875281,0.0635810049985979,0.005,False,False,True,0.0031969320991318,13.311674589574816,False,1955,"benchmarks are predictive-statistical, not clinical"
prior_response_representation,UKHLS,grouped_10fold,acute,change,context,R4_persistence_residual_minus_BASE,0.0425565197886088,0.0186629734875281,0.0635810049985979,0.01,False,False,True,0.0031969320991318,13.311674589574816,False,1955,"benchmarks are predictive-statistical, not clinical"
prior_response_representation,UKHLS,grouped_10fold,acute,change,context,R4_joint_residual_minus_BASE,0.0444423559022013,0.0205429655888241,0.0698962841924495,0.0025,False,False,True,0.0031969320991318,13.90156391318749,False,1955,"benchmarks are predictive-statistical, not clinical"
prior_response_representation,UKHLS,grouped_10fold,acute,change,context,R4_joint_residual_minus_BASE,0.0444423559022013,0.0205429655888241,0.0698962841924495,0.005,False,False,True,0.0031969320991318,13.90156391318749,False,1955,"benchmarks are predictive-statistical, not clinical"
prior_response_representation,UKHLS,grouped_10fold,acute,change,context,R4_joint_residual_minus_BASE,0.0444423559022013,0.0205429655888241,0.0698962841924495,0.01,False,False,True,0.0031969320991318,13.90156391318749,False,1955,"benchmarks are predictive-statistical, not clinical"
prior_response_representation,UKHLS,grouped_10fold,acute,change,current_state,R1_prior_acute_minus_BASE,-0.0004726798114668,-0.0032890757282132,0.0025342813180891,0.0025,False,True,False,0.0031969320991318,-0.1478541917093519,True,1955,"benchmarks are predictive-statistical, not clinical"
prior_response_representation,UKHLS,grouped_10fold,acute,change,current_state,R1_prior_acute_minus_BASE,-0.0004726798114668,-0.0032890757282132,0.0025342813180891,0.005,True,False,False,0.0031969320991318,-0.1478541917093519,True,1955,"benchmarks are predictive-statistical, not clinical"
prior_response_representation,UKHLS,grouped_10fold,acute,change,current_state,R1_prior_acute_minus_BASE,-0.0004726798114668,-0.0032890757282132,0.0025342813180891,0.01,True,False,False,0.0031969320991318,-0.1478541917093519,True,1955,"benchmarks are predictive-statistical, not clinical"
prior_response_representation,UKHLS,grouped_10fold,acute,change,current_state,R2_prior_persistence_minus_BASE,0.0010375084602429,-0.0039494172736443,0.0065027333700801,0.0025,False,True,False,0.0031969320991318,0.3245325293348377,True,1955,"benchmarks are predictive-statistical, not clinical"
prior_response_representation,UKHLS,grouped_10fold,acute,change,current_state,R2_prior_persistence_minus_BASE,0.0010375084602429,-0.0039494172736443,0.0065027333700801,0.005,False,True,False,0.0031969320991318,0.3245325293348377,True,1955,"benchmarks are predictive-statistical, not clinical"
prior_response_representation,UKHLS,grouped_10fold,acute,change,current_state,R2_prior_persistence_minus_BASE,0.0010375084602429,-0.0039494172736443,0.0065027333700801,0.01,True,False,False,0.0031969320991318,0.3245325293348377,True,1955,"benchmarks are predictive-statistical, not clinical"
prior_response_representation,UKHLS,grouped_10fold,acute,change,current_state,R3_joint_raw_minus_BASE,0.003589465249983,-0.0031630681021,0.0113690559071472,0.0025,False,True,False,0.0031969320991318,1.122784325309208,True,1955,"benchmarks are predictive-statistical, not clinical"
prior_response_representation,UKHLS,grouped_10fold,acute,change,current_state,R3_joint_raw_minus_BASE,0.003589465249983,-0.0031630681021,0.0113690559071472,0.005,False,True,False,0.0031969320991318,1.122784325309208,True,1955,"benchmarks are predictive-statistical, not clinical"
prior_response_representation,UKHLS,grouped_10fold,acute,change,current_state,R3_joint_raw_minus_BASE,0.003589465249983,-0.0031630681021,0.0113690559071472,0.01,False,True,False,0.0031969320991318,1.122784325309208,True,1955,"benchmarks are predictive-statistical, not clinical"
prior_response_representation,UKHLS,grouped_10fold,acute,change,current_state,R4_acute_residual_minus_BASE,0.0127391634714031,0.0022282482370166,0.022992867944988,0.0025,False,True,False,0.0031969320991318,3.984808896899233,True,1955,"benchmarks are predictive-statistical, not clinical"
prior_response_representation,UKHLS,grouped_10fold,acute,change,current_state,R4_acute_residual_minus_BASE,0.0127391634714031,0.0022282482370166,0.022992867944988,0.005,False,True,False,0.0031969320991318,3.984808896899233,True,1955,"benchmarks are predictive-statistical, not clinical"
prior_response_representation,UKHLS,grouped_10fold,acute,change,current_state,R4_acute_residual_minus_BASE,0.0127391634714031,0.0022282482370166,0.022992867944988,0.01,False,True,False,0.0031969320991318,3.984808896899233,True,1955,"benchmarks are predictive-statistical, not clinical"
prior_response_representation,UKHLS,grouped_10fold,acute,change,current_state,R4_persistence_residual_minus_BASE,-0.0004490239270125,-0.005518302360639,0.0048330395745887,0.0025,False,True,False,0.0031969320991318,-0.1404546337203902,True,1955,"benchmarks are predictive-statistical, not clinical"
prior_response_representation,UKHLS,grouped_10fold,acute,change,current_state,R4_persistence_residual_minus_BASE,-0.0004490239270125,-0.005518302360639,0.0048330395745887,0.005,True,False,False,0.0031969320991318,-0.1404546337203902,True,1955,"benchmarks are predictive-statistical, not clinical"
prior_response_representation,UKHLS,grouped_10fold,acute,change,current_state,R4_persistence_residual_minus_BASE,-0.0004490239270125,-0.005518302360639,0.0048330395745887,0.01,True,False,False,0.0031969320991318,-0.1404546337203902,True,1955,"benchmarks are predictive-statistical, not clinical"
prior_response_representation,UKHLS,grouped_10fold,acute,change,current_state,R4_joint_residual_minus_BASE,0.0112383946607936,0.0019205507310434,0.0219218195975723,0.0025,False,True,False,0.0031969320991318,3.515368582224729,True,1955,"benchmarks are predictive-statistical, not clinical"
prior_response_representation,UKHLS,grouped_10fold,acute,change,current_state,R4_joint_residual_minus_BASE,0.0112383946607936,0.0019205507310434,0.0219218195975723,0.005,False,True,False,0.0031969320991318,3.515368582224729,True,1955,"benchmarks are predictive-statistical, not clinical"
prior_response_representation,UKHLS,grouped_10fold,acute,change,current_state,R4_joint_residual_minus_BASE,0.0112383946607936,0.0019205507310434,0.0219218195975723,0.01,False,True,False,0.0031969320991318,3.515368582224729,True,1955,"benchmarks are predictive-statistical, not clinical"
prior_response_representation,UKHLS,grouped_10fold,acute,ancova_level,ancova_current_state,R1_prior_acute_minus_BASE,-0.0004626651810002,-0.0037161421676434,0.0025473332522992,0.0025,False,True,False,0.0031969320991318,-0.1447216164290417,True,1955,"benchmarks are predictive-statistical, not clinical"
prior_response_representation,UKHLS,grouped_10fold,acute,ancova_level,ancova_current_state,R1_prior_acute_minus_BASE,-0.0004626651810002,-0.0037161421676434,0.0025473332522992,0.005,True,False,False,0.0031969320991318,-0.1447216164290417,True,1955,"benchmarks are predictive-statistical, not clinical"
prior_response_representation,UKHLS,grouped_10fold,acute,ancova_level,ancova_current_state,R1_prior_acute_minus_BASE,-0.0004626651810002,-0.0037161421676434,0.0025473332522992,0.01,True,False,False,0.0031969320991318,-0.1447216164290417,True,1955,"benchmarks are predictive-statistical, not clinical"
prior_response_representation,UKHLS,grouped_10fold,acute,ancova_level,ancova_current_state,R2_prior_persistence_minus_BASE,0.0010155268490474,-0.0041934429720665,0.0063023743543109,0.0025,False,True,False,0.0031969320991318,0.3176566838323771,True,1955,"benchmarks are predictive-statistical, not clinical"
prior_response_representation,UKHLS,grouped_10fold,acute,ancova_level,ancova_current_state,R2_prior_persistence_minus_BASE,0.0010155268490474,-0.0041934429720665,0.0063023743543109,0.005,False,True,False,0.0031969320991318,0.3176566838323771,True,1955,"benchmarks are predictive-statistical, not clinical"
prior_response_representation,UKHLS,grouped_10fold,acute,ancova_level,ancova_current_state,R2_prior_persistence_minus_BASE,0.0010155268490474,-0.0041934429720665,0.0063023743543109,0.01,True,False,False,0.0031969320991318,0.3176566838323771,True,1955,"benchmarks are predictive-statistical, not clinical"
prior_response_representation,UKHLS,grouped_10fold,acute,ancova_level,ancova_current_state,R3_joint_raw_minus_BASE,0.0035134155284169,-0.0036253878421577,0.0100538034310237,0.0025,False,True,False,0.0031969320991318,1.0989959809816243,True,1955,"benchmarks are predictive-statistical, not clinical"
prior_response_representation,UKHLS,grouped_10fold,acute,ancova_level,ancova_current_state,R3_joint_raw_minus_BASE,0.0035134155284169,-0.0036253878421577,0.0100538034310237,0.005,False,True,False,0.0031969320991318,1.0989959809816243,True,1955,"benchmarks are predictive-statistical, not clinical"
prior_response_representation,UKHLS,grouped_10fold,acute,ancova_level,ancova_current_state,R3_joint_raw_minus_BASE,0.0035134155284169,-0.0036253878421577,0.0100538034310237,0.01,False,True,False,0.0031969320991318,1.0989959809816243,True,1955,"benchmarks are predictive-statistical, not clinical"
prior_response_representation,UKHLS,grouped_10fold,acute,ancova_level,ancova_current_state,R4_acute_residual_minus_BASE,0.0124692598040004,0.0029392504019667,0.022628123913851,0.0025,False,False,True,0.0031969320991318,3.900383060180352,True,1955,"benchmarks are predictive-statistical, not clinical"
prior_response_representation,UKHLS,grouped_10fold,acute,ancova_level,ancova_current_state,R4_acute_residual_minus_BASE,0.0124692598040004,0.0029392504019667,0.022628123913851,0.005,False,True,False,0.0031969320991318,3.900383060180352,True,1955,"benchmarks are predictive-statistical, not clinical"
prior_response_representation,UKHLS,grouped_10fold,acute,ancova_level,ancova_current_state,R4_acute_residual_minus_BASE,0.0124692598040004,0.0029392504019667,0.022628123913851,0.01,False,True,False,0.0031969320991318,3.900383060180352,True,1955,"benchmarks are predictive-statistical, not clinical"
prior_response_representation,UKHLS,grouped_10fold,acute,ancova_level,ancova_current_state,R4_persistence_residual_minus_BASE,-0.0004395104919332,-0.0058100239178039,0.0041973701705687,0.0025,False,True,False,0.0031969320991318,-0.1374788323006945,True,1955,"benchmarks are predictive-statistical, not clinical"
prior_response_representation,UKHLS,grouped_10fold,acute,ancova_level,ancova_current_state,R4_persistence_residual_minus_BASE,-0.0004395104919332,-0.0058100239178039,0.0041973701705687,0.005,True,False,False,0.0031969320991318,-0.1374788323006945,True,1955,"benchmarks are predictive-statistical, not clinical"
prior_response_representation,UKHLS,grouped_10fold,acute,ancova_level,ancova_current_state,R4_persistence_residual_minus_BASE,-0.0004395104919332,-0.0058100239178039,0.0041973701705687,0.01,True,False,False,0.0031969320991318,-0.1374788323006945,True,1955,"benchmarks are predictive-statistical, not clinical"
prior_response_representation,UKHLS,grouped_10fold,acute,ancova_level,ancova_current_state,R4_joint_residual_minus_BASE,0.0110002876656621,0.0006264047134501,0.0213950627993147,0.0025,False,True,False,0.0031969320991318,3.440888741005657,True,1955,"benchmarks are predictive-statistical, not clinical"
prior_response_representation,UKHLS,grouped_10fold,acute,ancova_level,ancova_current_state,R4_joint_residual_minus_BASE,0.0110002876656621,0.0006264047134501,0.0213950627993147,0.005,False,True,False,0.0031969320991318,3.440888741005657,True,1955,"benchmarks are predictive-statistical, not clinical"
prior_response_representation,UKHLS,grouped_10fold,acute,ancova_level,ancova_current_state,R4_joint_residual_minus_BASE,0.0110002876656621,0.0006264047134501,0.0213950627993147,0.01,False,True,False,0.0031969320991318,3.440888741005657,True,1955,"benchmarks are predictive-statistical, not clinical"
prior_response_representation,UKHLS,grouped_10fold,persistence,change,context,R1_prior_acute_minus_BASE,-0.0016267541156298,-0.0030614783267155,-0.0003568324013591,0.0025,True,False,False,0.0031969320991318,-0.5088485038739576,True,1955,"benchmarks are predictive-statistical, not clinical"
prior_response_representation,UKHLS,grouped_10fold,persistence,change,context,R1_prior_acute_minus_BASE,-0.0016267541156298,-0.0030614783267155,-0.0003568324013591,0.005,True,False,False,0.0031969320991318,-0.5088485038739576,True,1955,"benchmarks are predictive-statistical, not clinical"
prior_response_representation,UKHLS,grouped_10fold,persistence,change,context,R1_prior_acute_minus_BASE,-0.0016267541156298,-0.0030614783267155,-0.0003568324013591,0.01,True,False,False,0.0031969320991318,-0.5088485038739576,True,1955,"benchmarks are predictive-statistical, not clinical"
prior_response_representation,UKHLS,grouped_10fold,persistence,change,context,R2_prior_persistence_minus_BASE,0.0267288598421667,0.0030041396827617,0.0463451097382676,0.0025,False,False,True,0.0031969320991318,8.360784343660477,True,1955,"benchmarks are predictive-statistical, not clinical"
prior_response_representation,UKHLS,grouped_10fold,persistence,change,context,R2_prior_persistence_minus_BASE,0.0267288598421667,0.0030041396827617,0.0463451097382676,0.005,False,True,False,0.0031969320991318,8.360784343660477,True,1955,"benchmarks are predictive-statistical, not clinical"
prior_response_representation,UKHLS,grouped_10fold,persistence,change,context,R2_prior_persistence_minus_BASE,0.0267288598421667,0.0030041396827617,0.0463451097382676,0.01,False,True,False,0.0031969320991318,8.360784343660477,True,1955,"benchmarks are predictive-statistical, not clinical"
prior_response_representation,UKHLS,grouped_10fold,persistence,change,context,R3_joint_raw_minus_BASE,0.0307663226519792,0.0096866959337361,0.0533589855560828,0.0025,False,False,True,0.0031969320991318,9.623702255150963,True,1955,"benchmarks are predictive-statistical, not clinical"
prior_response_representation,UKHLS,grouped_10fold,persistence,change,context,R3_joint_raw_minus_BASE,0.0307663226519792,0.0096866959337361,0.0533589855560828,0.005,False,False,True,0.0031969320991318,9.623702255150963,True,1955,"benchmarks are predictive-statistical, not clinical"
prior_response_representation,UKHLS,grouped_10fold,persistence,change,context,R3_joint_raw_minus_BASE,0.0307663226519792,0.0096866959337361,0.0533589855560828,0.01,False,True,False,0.0031969320991318,9.623702255150963,True,1955,"benchmarks are predictive-statistical, not clinical"
prior_response_representation,UKHLS,grouped_10fold,persistence,change,context,R4_acute_residual_minus_BASE,-0.0001339480931088,-0.0038386869350204,0.0036853923853781,0.0025,False,True,False,0.0031969320991318,-0.041898948415334,False,1955,"benchmarks are predictive-statistical, not clinical"
prior_response_representation,UKHLS,grouped_10fold,persistence,change,context,R4_acute_residual_minus_BASE,-0.0001339480931088,-0.0038386869350204,0.0036853923853781,0.005,True,False,False,0.0031969320991318,-0.041898948415334,False,1955,"benchmarks are predictive-statistical, not clinical"
prior_response_representation,UKHLS,grouped_10fold,persistence,change,context,R4_acute_residual_minus_BASE,-0.0001339480931088,-0.0038386869350204,0.0036853923853781,0.01,True,False,False,0.0031969320991318,-0.041898948415334,False,1955,"benchmarks are predictive-statistical, not clinical"
prior_response_representation,UKHLS,grouped_10fold,persistence,change,context,R4_persistence_residual_minus_BASE,0.0513548008854991,0.0196205469344368,0.0786948248729638,0.0025,False,False,True,0.0031969320991318,16.063775924251168,False,1955,"benchmarks are predictive-statistical, not clinical"
prior_response_representation,UKHLS,grouped_10fold,persistence,change,context,R4_persistence_residual_minus_BASE,0.0513548008854991,0.0196205469344368,0.0786948248729638,0.005,False,False,True,0.0031969320991318,16.063775924251168,False,1955,"benchmarks are predictive-statistical, not clinical"
prior_response_representation,UKHLS,grouped_10fold,persistence,change,context,R4_persistence_residual_minus_BASE,0.0513548008854991,0.0196205469344368,0.0786948248729638,0.01,False,False,True,0.0031969320991318,16.063775924251168,False,1955,"benchmarks are predictive-statistical, not clinical"
prior_response_representation,UKHLS,grouped_10fold,persistence,change,context,R4_joint_residual_minus_BASE,0.0513450815627436,0.0223241999238191,0.0772893239752328,0.0025,False,False,True,0.0031969320991318,16.060735721189566,False,1955,"benchmarks are predictive-statistical, not clinical"
prior_response_representation,UKHLS,grouped_10fold,persistence,change,context,R4_joint_residual_minus_BASE,0.0513450815627436,0.0223241999238191,0.0772893239752328,0.005,False,False,True,0.0031969320991318,16.060735721189566,False,1955,"benchmarks are predictive-statistical, not clinical"
prior_response_representation,UKHLS,grouped_10fold,persistence,change,context,R4_joint_residual_minus_BASE,0.0513450815627436,0.0223241999238191,0.0772893239752328,0.01,False,False,True,0.0031969320991318,16.060735721189566,False,1955,"benchmarks are predictive-statistical, not clinical"
prior_response_representation,UKHLS,grouped_10fold,persistence,change,current_state,R1_prior_acute_minus_BASE,-0.0007564259704633,-0.0034102204149801,0.0017273090886342,0.0025,True,False,False,0.0031969320991318,-0.2366099582373834,True,1955,"benchmarks are predictive-statistical, not clinical"
prior_response_representation,UKHLS,grouped_10fold,persistence,change,current_state,R1_prior_acute_minus_BASE,-0.0007564259704633,-0.0034102204149801,0.0017273090886342,0.005,True,False,False,0.0031969320991318,-0.2366099582373834,True,1955,"benchmarks are predictive-statistical, not clinical"
prior_response_representation,UKHLS,grouped_10fold,persistence,change,current_state,R1_prior_acute_minus_BASE,-0.0007564259704633,-0.0034102204149801,0.0017273090886342,0.01,True,False,False,0.0031969320991318,-0.2366099582373834,True,1955,"benchmarks are predictive-statistical, not clinical"
prior_response_representation,UKHLS,grouped_10fold,persistence,change,current_state,R2_prior_persistence_minus_BASE,-0.0004395559287385,-0.0040412002680133,0.0030180764829731,0.0025,False,True,False,0.0031969320991318,-0.1374930449282729,True,1955,"benchmarks are predictive-statistical, not clinical"
prior_response_representation,UKHLS,grouped_10fold,persistence,change,current_state,R2_prior_persistence_minus_BASE,-0.0004395559287385,-0.0040412002680133,0.0030180764829731,0.005,True,False,False,0.0031969320991318,-0.1374930449282729,True,1955,"benchmarks are predictive-statistical, not clinical"
prior_response_representation,UKHLS,grouped_10fold,persistence,change,current_state,R2_prior_persistence_minus_BASE,-0.0004395559287385,-0.0040412002680133,0.0030180764829731,0.01,True,False,False,0.0031969320991318,-0.1374930449282729,True,1955,"benchmarks are predictive-statistical, not clinical"
prior_response_representation,UKHLS,grouped_10fold,persistence,change,current_state,R3_joint_raw_minus_BASE,0.0010847253897796,-0.0036119529611958,0.0062742273869575,0.0025,False,True,False,0.0031969320991318,0.339301979567925,True,1955,"benchmarks are predictive-statistical, not clinical"
prior_response_representation,UKHLS,grouped_10fold,persistence,change,current_state,R3_joint_raw_minus_BASE,0.0010847253897796,-0.0036119529611958,0.0062742273869575,0.005,False,True,False,0.0031969320991318,0.339301979567925,True,1955,"benchmarks are predictive-statistical, not clinical"
prior_response_representation,UKHLS,grouped_10fold,persistence,change,current_state,R3_joint_raw_minus_BASE,0.0010847253897796,-0.0036119529611958,0.0062742273869575,0.01,True,False,False,0.0031969320991318,0.339301979567925,True,1955,"benchmarks are predictive-statistical, not clinical"
prior_response_representation,UKHLS,grouped_10fold,persistence,change,current_state,R4_acute_residual_minus_BASE,0.0104857652710861,0.0007205757406991,0.0182830881768185,0.0025,False,True,False,0.0031969320991318,3.2799461940195047,True,1955,"benchmarks are predictive-statistical, not clinical"
prior_response_representation,UKHLS,grouped_10fold,persistence,change,current_state,R4_acute_residual_minus_BASE,0.0104857652710861,0.0007205757406991,0.0182830881768185,0.005,False,True,False,0.0031969320991318,3.2799461940195047,True,1955,"benchmarks are predictive-statistical, not clinical"
prior_response_representation,UKHLS,grouped_10fold,persistence,change,current_state,R4_acute_residual_minus_BASE,0.0104857652710861,0.0007205757406991,0.0182830881768185,0.01,False,True,False,0.0031969320991318,3.2799461940195047,True,1955,"benchmarks are predictive-statistical, not clinical"
prior_response_representation,UKHLS,grouped_10fold,persistence,change,current_state,R4_persistence_residual_minus_BASE,0.002124899123999,-0.0045064978649993,0.0082738821287162,0.0025,False,True,False,0.0031969320991318,0.6646682063019455,True,1955,"benchmarks are predictive-statistical, not clinical"
prior_response_representation,UKHLS,grouped_10fold,persistence,change,current_state,R4_persistence_residual_minus_BASE,0.002124899123999,-0.0045064978649993,0.0082738821287162,0.005,False,True,False,0.0031969320991318,0.6646682063019455,True,1955,"benchmarks are predictive-statistical, not clinical"
prior_response_representation,UKHLS,grouped_10fold,persistence,change,current_state,R4_persistence_residual_minus_BASE,0.002124899123999,-0.0045064978649993,0.0082738821287162,0.01,True,False,False,0.0031969320991318,0.6646682063019455,True,1955,"benchmarks are predictive-statistical, not clinical"
prior_response_representation,UKHLS,grouped_10fold,persistence,change,current_state,R4_joint_residual_minus_BASE,0.0105838971279547,0.0006626431029233,0.0210015033937318,0.0025,False,True,False,0.0031969320991318,3.3106418277788916,True,1955,"benchmarks are predictive-statistical, not clinical"
prior_response_representation,UKHLS,grouped_10fold,persistence,change,current_state,R4_joint_residual_minus_BASE,0.0105838971279547,0.0006626431029233,0.0210015033937318,0.005,False,True,False,0.0031969320991318,3.3106418277788916,True,1955,"benchmarks are predictive-statistical, not clinical"
prior_response_representation,UKHLS,grouped_10fold,persistence,change,current_state,R4_joint_residual_minus_BASE,0.0105838971279547,0.0006626431029233,0.0210015033937318,0.01,False,True,False,0.0031969320991318,3.3106418277788916,True,1955,"benchmarks are predictive-statistical, not clinical"
prior_response_representation,UKHLS,grouped_10fold,persistence,ancova_level,ancova_current_state,R1_prior_acute_minus_BASE,-0.0008441416906962,-0.0038106561378079,0.002242809717346,0.0025,True,False,False,0.0031969320991318,-0.2640474256320579,True,1955,"benchmarks are predictive-statistical, not clinical"
prior_response_representation,UKHLS,grouped_10fold,persistence,ancova_level,ancova_current_state,R1_prior_acute_minus_BASE,-0.0008441416906962,-0.0038106561378079,0.002242809717346,0.005,True,False,False,0.0031969320991318,-0.2640474256320579,True,1955,"benchmarks are predictive-statistical, not clinical"
prior_response_representation,UKHLS,grouped_10fold,persistence,ancova_level,ancova_current_state,R1_prior_acute_minus_BASE,-0.0008441416906962,-0.0038106561378079,0.002242809717346,0.01,True,False,False,0.0031969320991318,-0.2640474256320579,True,1955,"benchmarks are predictive-statistical, not clinical"
prior_response_representation,UKHLS,grouped_10fold,persistence,ancova_level,ancova_current_state,R2_prior_persistence_minus_BASE,-0.0004905271623787,-0.0044419346958186,0.0037095924566875,0.0025,False,True,False,0.0031969320991318,-0.1534368410614519,True,1955,"benchmarks are predictive-statistical, not clinical"
prior_response_representation,UKHLS,grouped_10fold,persistence,ancova_level,ancova_current_state,R2_prior_persistence_minus_BASE,-0.0004905271623787,-0.0044419346958186,0.0037095924566875,0.005,True,False,False,0.0031969320991318,-0.1534368410614519,True,1955,"benchmarks are predictive-statistical, not clinical"
prior_response_representation,UKHLS,grouped_10fold,persistence,ancova_level,ancova_current_state,R2_prior_persistence_minus_BASE,-0.0004905271623787,-0.0044419346958186,0.0037095924566875,0.01,True,False,False,0.0031969320991318,-0.1534368410614519,True,1955,"benchmarks are predictive-statistical, not clinical"
prior_response_representation,UKHLS,grouped_10fold,persistence,ancova_level,ancova_current_state,R3_joint_raw_minus_BASE,0.0012105109557628,-0.0049771933712169,0.0068878408017253,0.0025,False,True,False,0.0031969320991318,0.3786476904190732,True,1955,"benchmarks are predictive-statistical, not clinical"
prior_response_representation,UKHLS,grouped_10fold,persistence,ancova_level,ancova_current_state,R3_joint_raw_minus_BASE,0.0012105109557628,-0.0049771933712169,0.0068878408017253,0.005,False,True,False,0.0031969320991318,0.3786476904190732,True,1955,"benchmarks are predictive-statistical, not clinical"
prior_response_representation,UKHLS,grouped_10fold,persistence,ancova_level,ancova_current_state,R3_joint_raw_minus_BASE,0.0012105109557628,-0.0049771933712169,0.0068878408017253,0.01,True,False,False,0.0031969320991318,0.3786476904190732,True,1955,"benchmarks are predictive-statistical, not clinical"
prior_response_representation,UKHLS,grouped_10fold,persistence,ancova_level,ancova_current_state,R4_acute_residual_minus_BASE,0.0117017024399052,0.0012587464927061,0.0215616291610617,0.0025,False,True,False,0.0031969320991318,3.6602912032704946,True,1955,"benchmarks are predictive-statistical, not clinical"
prior_response_representation,UKHLS,grouped_10fold,persistence,ancova_level,ancova_current_state,R4_acute_residual_minus_BASE,0.0117017024399052,0.0012587464927061,0.0215616291610617,0.005,False,True,False,0.0031969320991318,3.6602912032704946,True,1955,"benchmarks are predictive-statistical, not clinical"
prior_response_representation,UKHLS,grouped_10fold,persistence,ancova_level,ancova_current_state,R4_acute_residual_minus_BASE,0.0117017024399052,0.0012587464927061,0.0215616291610617,0.01,False,True,False,0.0031969320991318,3.6602912032704946,True,1955,"benchmarks are predictive-statistical, not clinical"
prior_response_representation,UKHLS,grouped_10fold,persistence,ancova_level,ancova_current_state,R4_persistence_residual_minus_BASE,0.002371304012728,-0.0046090826113967,0.0093428376619793,0.0025,False,True,False,0.0031969320991318,0.7417436277023167,True,1955,"benchmarks are predictive-statistical, not clinical"
prior_response_representation,UKHLS,grouped_10fold,persistence,ancova_level,ancova_current_state,R4_persistence_residual_minus_BASE,0.002371304012728,-0.0046090826113967,0.0093428376619793,0.005,False,True,False,0.0031969320991318,0.7417436277023167,True,1955,"benchmarks are predictive-statistical, not clinical"
prior_response_representation,UKHLS,grouped_10fold,persistence,ancova_level,ancova_current_state,R4_persistence_residual_minus_BASE,0.002371304012728,-0.0046090826113967,0.0093428376619793,0.01,True,False,False,0.0031969320991318,0.7417436277023167,True,1955,"benchmarks are predictive-statistical, not clinical"
prior_response_representation,UKHLS,grouped_10fold,persistence,ancova_level,ancova_current_state,R4_joint_residual_minus_BASE,0.0118112137401547,0.0007154478139382,0.0229279666504345,0.0025,False,True,False,0.0031969320991318,3.694546325635852,True,1955,"benchmarks are predictive-statistical, not clinical"
prior_response_representation,UKHLS,grouped_10fold,persistence,ancova_level,ancova_current_state,R4_joint_residual_minus_BASE,0.0118112137401547,0.0007154478139382,0.0229279666504345,0.005,False,True,False,0.0031969320991318,3.694546325635852,True,1955,"benchmarks are predictive-statistical, not clinical"
prior_response_representation,UKHLS,grouped_10fold,persistence,ancova_level,ancova_current_state,R4_joint_residual_minus_BASE,0.0118112137401547,0.0007154478139382,0.0229279666504345,0.01,False,True,False,0.0031969320991318,3.694546325635852,True,1955,"benchmarks are predictive-statistical, not clinical"
prior_response_representation,UKHLS,temporal_70_30,acute,change,context,R1_prior_acute_minus_BASE,-0.000690040743518,-0.0025555501113491,0.0012017006174826,0.0025,True,False,False,0.001672659687636,-0.4125410258994944,True,587,"benchmarks are predictive-statistical, not clinical"
prior_response_representation,UKHLS,temporal_70_30,acute,change,context,R1_prior_acute_minus_BASE,-0.000690040743518,-0.0025555501113491,0.0012017006174826,0.005,True,False,False,0.001672659687636,-0.4125410258994944,True,587,"benchmarks are predictive-statistical, not clinical"
prior_response_representation,UKHLS,temporal_70_30,acute,change,context,R1_prior_acute_minus_BASE,-0.000690040743518,-0.0025555501113491,0.0012017006174826,0.01,True,False,False,0.001672659687636,-0.4125410258994944,True,587,"benchmarks are predictive-statistical, not clinical"
prior_response_representation,UKHLS,temporal_70_30,acute,change,context,R2_prior_persistence_minus_BASE,-0.0393658973816606,-0.0892772105731171,0.0168869756301059,0.0025,False,True,False,0.001672659687636,-23.53491129884117,False,587,"benchmarks are predictive-statistical, not clinical"
prior_response_representation,UKHLS,temporal_70_30,acute,change,context,R2_prior_persistence_minus_BASE,-0.0393658973816606,-0.0892772105731171,0.0168869756301059,0.005,False,True,False,0.001672659687636,-23.53491129884117,False,587,"benchmarks are predictive-statistical, not clinical"
prior_response_representation,UKHLS,temporal_70_30,acute,change,context,R2_prior_persistence_minus_BASE,-0.0393658973816606,-0.0892772105731171,0.0168869756301059,0.01,False,True,False,0.001672659687636,-23.53491129884117,False,587,"benchmarks are predictive-statistical, not clinical"
prior_response_representation,UKHLS,temporal_70_30,acute,change,context,R3_joint_raw_minus_BASE,-0.067959963939852,-0.1313131687191957,-0.0026550366111614,0.0025,True,False,False,0.001672659687636,-40.62988092688542,False,587,"benchmarks are predictive-statistical, not clinical"
prior_response_representation,UKHLS,temporal_70_30,acute,change,context,R3_joint_raw_minus_BASE,-0.067959963939852,-0.1313131687191957,-0.0026550366111614,0.005,True,False,False,0.001672659687636,-40.62988092688542,False,587,"benchmarks are predictive-statistical, not clinical"
prior_response_representation,UKHLS,temporal_70_30,acute,change,context,R3_joint_raw_minus_BASE,-0.067959963939852,-0.1313131687191957,-0.0026550366111614,0.01,True,False,False,0.001672659687636,-40.62988092688542,False,587,"benchmarks are predictive-statistical, not clinical"
prior_response_representation,UKHLS,temporal_70_30,acute,change,context,R4_acute_residual_minus_BASE,-0.0020884065707339,-0.0044199534856042,0.0002415378237642,0.0025,True,False,False,0.001672659687636,-1.2485543749102543,True,587,"benchmarks are predictive-statistical, not clinical"
prior_response_representation,UKHLS,temporal_70_30,acute,change,context,R4_acute_residual_minus_BASE,-0.0020884065707339,-0.0044199534856042,0.0002415378237642,0.005,True,False,False,0.001672659687636,-1.2485543749102543,True,587,"benchmarks are predictive-statistical, not clinical"
prior_response_representation,UKHLS,temporal_70_30,acute,change,context,R4_acute_residual_minus_BASE,-0.0020884065707339,-0.0044199534856042,0.0002415378237642,0.01,True,False,False,0.001672659687636,-1.2485543749102543,True,587,"benchmarks are predictive-statistical, not clinical"
prior_response_representation,UKHLS,temporal_70_30,acute,change,context,R4_persistence_residual_minus_BASE,-0.0289104828560986,-0.0835814879853824,0.0251091749823251,0.0025,False,True,False,0.001672659687636,-17.284139188503048,False,587,"benchmarks are predictive-statistical, not clinical"
prior_response_representation,UKHLS,temporal_70_30,acute,change,context,R4_persistence_residual_minus_BASE,-0.0289104828560986,-0.0835814879853824,0.0251091749823251,0.005,False,True,False,0.001672659687636,-17.284139188503048,False,587,"benchmarks are predictive-statistical, not clinical"
prior_response_representation,UKHLS,temporal_70_30,acute,change,context,R4_persistence_residual_minus_BASE,-0.0289104828560986,-0.0835814879853824,0.0251091749823251,0.01,False,True,False,0.001672659687636,-17.284139188503048,False,587,"benchmarks are predictive-statistical, not clinical"
prior_response_representation,UKHLS,temporal_70_30,acute,change,context,R4_joint_residual_minus_BASE,-0.0593480686875842,-0.1299627207816377,0.0052705960700604,0.0025,False,True,False,0.001672659687636,-35.48125726127945,False,587,"benchmarks are predictive-statistical, not clinical"
prior_response_representation,UKHLS,temporal_70_30,acute,change,context,R4_joint_residual_minus_BASE,-0.0593480686875842,-0.1299627207816377,0.0052705960700604,0.005,False,True,False,0.001672659687636,-35.48125726127945,False,587,"benchmarks are predictive-statistical, not clinical"
prior_response_representation,UKHLS,temporal_70_30,acute,change,context,R4_joint_residual_minus_BASE,-0.0593480686875842,-0.1299627207816377,0.0052705960700604,0.01,True,False,False,0.001672659687636,-35.48125726127945,False,587,"benchmarks are predictive-statistical, not clinical"
prior_response_representation,UKHLS,temporal_70_30,acute,change,current_state,R1_prior_acute_minus_BASE,-0.005775257676599,-0.0169853347814696,0.005593969961629,0.0025,False,True,False,0.001672659687636,-3.4527392028926744,True,587,"benchmarks are predictive-statistical, not clinical"
prior_response_representation,UKHLS,temporal_70_30,acute,change,current_state,R1_prior_acute_minus_BASE,-0.005775257676599,-0.0169853347814696,0.005593969961629,0.005,False,True,False,0.001672659687636,-3.4527392028926744,True,587,"benchmarks are predictive-statistical, not clinical"
prior_response_representation,UKHLS,temporal_70_30,acute,change,current_state,R1_prior_acute_minus_BASE,-0.005775257676599,-0.0169853347814696,0.005593969961629,0.01,True,False,False,0.001672659687636,-3.4527392028926744,True,587,"benchmarks are predictive-statistical, not clinical"
prior_response_representation,UKHLS,temporal_70_30,acute,change,current_state,R2_prior_persistence_minus_BASE,-0.0067001520328769,-0.021467986156104,0.009219902509253,0.0025,False,True,False,0.001672659687636,-4.005687518150473,True,587,"benchmarks are predictive-statistical, not clinical"
prior_response_representation,UKHLS,temporal_70_30,acute,change,current_state,R2_prior_persistence_minus_BASE,-0.0067001520328769,-0.021467986156104,0.009219902509253,0.005,False,True,False,0.001672659687636,-4.005687518150473,True,587,"benchmarks are predictive-statistical, not clinical"
prior_response_representation,UKHLS,temporal_70_30,acute,change,current_state,R2_prior_persistence_minus_BASE,-0.0067001520328769,-0.021467986156104,0.009219902509253,0.01,True,False,False,0.001672659687636,-4.005687518150473,True,587,"benchmarks are predictive-statistical, not clinical"
prior_response_representation,UKHLS,temporal_70_30,acute,change,current_state,R3_joint_raw_minus_BASE,-0.0253581853866288,-0.0514188295155145,-0.0009220426052891,0.0025,True,False,False,0.001672659687636,-15.160397284678988,False,587,"benchmarks are predictive-statistical, not clinical"
prior_response_representation,UKHLS,temporal_70_30,acute,change,current_state,R3_joint_raw_minus_BASE,-0.0253581853866288,-0.0514188295155145,-0.0009220426052891,0.005,True,False,False,0.001672659687636,-15.160397284678988,False,587,"benchmarks are predictive-statistical, not clinical"
prior_response_representation,UKHLS,temporal_70_30,acute,change,current_state,R3_joint_raw_minus_BASE,-0.0253581853866288,-0.0514188295155145,-0.0009220426052891,0.01,True,False,False,0.001672659687636,-15.160397284678988,False,587,"benchmarks are predictive-statistical, not clinical"
prior_response_representation,UKHLS,temporal_70_30,acute,change,current_state,R4_acute_residual_minus_BASE,-0.0279155039606416,-0.0619086274799821,0.0013681898602268,0.0025,True,False,False,0.001672659687636,-16.689290814496264,False,587,"benchmarks are predictive-statistical, not clinical"
prior_response_representation,UKHLS,temporal_70_30,acute,change,current_state,R4_acute_residual_minus_BASE,-0.0279155039606416,-0.0619086274799821,0.0013681898602268,0.005,True,False,False,0.001672659687636,-16.689290814496264,False,587,"benchmarks are predictive-statistical, not clinical"
prior_response_representation,UKHLS,temporal_70_30,acute,change,current_state,R4_acute_residual_minus_BASE,-0.0279155039606416,-0.0619086274799821,0.0013681898602268,0.01,True,False,False,0.001672659687636,-16.689290814496264,False,587,"benchmarks are predictive-statistical, not clinical"
prior_response_representation,UKHLS,temporal_70_30,acute,change,current_state,R4_persistence_residual_minus_BASE,0.0030837555214217,-0.0054734916870425,0.011307077684506,0.0025,False,True,False,0.001672659687636,1.8436239865265311,True,587,"benchmarks are predictive-statistical, not clinical"
prior_response_representation,UKHLS,temporal_70_30,acute,change,current_state,R4_persistence_residual_minus_BASE,0.0030837555214217,-0.0054734916870425,0.011307077684506,0.005,False,True,False,0.001672659687636,1.8436239865265311,True,587,"benchmarks are predictive-statistical, not clinical"
prior_response_representation,UKHLS,temporal_70_30,acute,change,current_state,R4_persistence_residual_minus_BASE,0.0030837555214217,-0.0054734916870425,0.011307077684506,0.01,False,True,False,0.001672659687636,1.8436239865265311,True,587,"benchmarks are predictive-statistical, not clinical"
prior_response_representation,UKHLS,temporal_70_30,acute,change,current_state,R4_joint_residual_minus_BASE,-0.0265927361499989,-0.057953102342436,0.0021679156120183,0.0025,True,False,False,0.001672659687636,-15.898473758031976,False,587,"benchmarks are predictive-statistical, not clinical"
prior_response_representation,UKHLS,temporal_70_30,acute,change,current_state,R4_joint_residual_minus_BASE,-0.0265927361499989,-0.057953102342436,0.0021679156120183,0.005,True,False,False,0.001672659687636,-15.898473758031976,False,587,"benchmarks are predictive-statistical, not clinical"
prior_response_representation,UKHLS,temporal_70_30,acute,change,current_state,R4_joint_residual_minus_BASE,-0.0265927361499989,-0.057953102342436,0.0021679156120183,0.01,True,False,False,0.001672659687636,-15.898473758031976,False,587,"benchmarks are predictive-statistical, not clinical"
prior_response_representation,UKHLS,temporal_70_30,acute,ancova_level,ancova_current_state,R1_prior_acute_minus_BASE,-0.0048072171435664,-0.0131121166931049,0.0050811222898609,0.0025,False,True,False,0.001672659687636,-2.873995935395916,True,587,"benchmarks are predictive-statistical, not clinical"
prior_response_representation,UKHLS,temporal_70_30,acute,ancova_level,ancova_current_state,R1_prior_acute_minus_BASE,-0.0048072171435664,-0.0131121166931049,0.0050811222898609,0.005,False,True,False,0.001672659687636,-2.873995935395916,True,587,"benchmarks are predictive-statistical, not clinical"
prior_response_representation,UKHLS,temporal_70_30,acute,ancova_level,ancova_current_state,R1_prior_acute_minus_BASE,-0.0048072171435664,-0.0131121166931049,0.0050811222898609,0.01,True,False,False,0.001672659687636,-2.873995935395916,True,587,"benchmarks are predictive-statistical, not clinical"
prior_response_representation,UKHLS,temporal_70_30,acute,ancova_level,ancova_current_state,R2_prior_persistence_minus_BASE,-0.0055770820144457,-0.021274196624878,0.0087819819550431,0.0025,False,True,False,0.001672659687636,-3.3342598352016983,True,587,"benchmarks are predictive-statistical, not clinical"
prior_response_representation,UKHLS,temporal_70_30,acute,ancova_level,ancova_current_state,R2_prior_persistence_minus_BASE,-0.0055770820144457,-0.021274196624878,0.0087819819550431,0.005,False,True,False,0.001672659687636,-3.3342598352016983,True,587,"benchmarks are predictive-statistical, not clinical"
prior_response_representation,UKHLS,temporal_70_30,acute,ancova_level,ancova_current_state,R2_prior_persistence_minus_BASE,-0.0055770820144457,-0.021274196624878,0.0087819819550431,0.01,True,False,False,0.001672659687636,-3.3342598352016983,True,587,"benchmarks are predictive-statistical, not clinical"
prior_response_representation,UKHLS,temporal_70_30,acute,ancova_level,ancova_current_state,R3_joint_raw_minus_BASE,-0.0211076821756858,-0.0471156945749827,0.0027662394925498,0.0025,False,True,False,0.001672659687636,-12.619232908947357,False,587,"benchmarks are predictive-statistical, not clinical"
prior_response_representation,UKHLS,temporal_70_30,acute,ancova_level,ancova_current_state,R3_joint_raw_minus_BASE,-0.0211076821756858,-0.0471156945749827,0.0027662394925498,0.005,True,False,False,0.001672659687636,-12.619232908947357,False,587,"benchmarks are predictive-statistical, not clinical"
prior_response_representation,UKHLS,temporal_70_30,acute,ancova_level,ancova_current_state,R3_joint_raw_minus_BASE,-0.0211076821756858,-0.0471156945749827,0.0027662394925498,0.01,True,False,False,0.001672659687636,-12.619232908947357,False,587,"benchmarks are predictive-statistical, not clinical"
prior_response_representation,UKHLS,temporal_70_30,acute,ancova_level,ancova_current_state,R4_acute_residual_minus_BASE,-0.0232363466230515,-0.0468652857604537,0.0039824978963017,0.0025,False,True,False,0.001672659687636,-13.891855465167492,False,587,"benchmarks are predictive-statistical, not clinical"
prior_response_representation,UKHLS,temporal_70_30,acute,ancova_level,ancova_current_state,R4_acute_residual_minus_BASE,-0.0232363466230515,-0.0468652857604537,0.0039824978963017,0.005,True,False,False,0.001672659687636,-13.891855465167492,False,587,"benchmarks are predictive-statistical, not clinical"
prior_response_representation,UKHLS,temporal_70_30,acute,ancova_level,ancova_current_state,R4_acute_residual_minus_BASE,-0.0232363466230515,-0.0468652857604537,0.0039824978963017,0.01,True,False,False,0.001672659687636,-13.891855465167492,False,587,"benchmarks are predictive-statistical, not clinical"
prior_response_representation,UKHLS,temporal_70_30,acute,ancova_level,ancova_current_state,R4_persistence_residual_minus_BASE,0.0025668607773493,-0.0042915520180564,0.0098535686731532,0.0025,False,True,False,0.001672659687636,1.534598338396704,True,587,"benchmarks are predictive-statistical, not clinical"
prior_response_representation,UKHLS,temporal_70_30,acute,ancova_level,ancova_current_state,R4_persistence_residual_minus_BASE,0.0025668607773493,-0.0042915520180564,0.0098535686731532,0.005,False,True,False,0.001672659687636,1.534598338396704,True,587,"benchmarks are predictive-statistical, not clinical"
prior_response_representation,UKHLS,temporal_70_30,acute,ancova_level,ancova_current_state,R4_persistence_residual_minus_BASE,0.0025668607773493,-0.0042915520180564,0.0098535686731532,0.01,True,False,False,0.001672659687636,1.534598338396704,True,587,"benchmarks are predictive-statistical, not clinical"
prior_response_representation,UKHLS,temporal_70_30,acute,ancova_level,ancova_current_state,R4_joint_residual_minus_BASE,-0.0221352992841509,-0.0449634116038431,0.0023282941908382,0.0025,True,False,False,0.001672659687636,-13.233594046518297,False,587,"benchmarks are predictive-statistical, not clinical"
prior_response_representation,UKHLS,temporal_70_30,acute,ancova_level,ancova_current_state,R4_joint_residual_minus_BASE,-0.0221352992841509,-0.0449634116038431,0.0023282941908382,0.005,True,False,False,0.001672659687636,-13.233594046518297,False,587,"benchmarks are predictive-statistical, not clinical"
prior_response_representation,UKHLS,temporal_70_30,acute,ancova_level,ancova_current_state,R4_joint_residual_minus_BASE,-0.0221352992841509,-0.0449634116038431,0.0023282941908382,0.01,True,False,False,0.001672659687636,-13.233594046518297,False,587,"benchmarks are predictive-statistical, not clinical"
prior_response_representation,UKHLS,temporal_70_30,persistence,change,context,R1_prior_acute_minus_BASE,-0.009811119979687,-0.0200381016596428,-0.000264971169842,0.0025,True,False,False,0.001672659687636,-5.86558045979653,True,587,"benchmarks are predictive-statistical, not clinical"
prior_response_representation,UKHLS,temporal_70_30,persistence,change,context,R1_prior_acute_minus_BASE,-0.009811119979687,-0.0200381016596428,-0.000264971169842,0.005,True,False,False,0.001672659687636,-5.86558045979653,True,587,"benchmarks are predictive-statistical, not clinical"
prior_response_representation,UKHLS,temporal_70_30,persistence,change,context,R1_prior_acute_minus_BASE,-0.009811119979687,-0.0200381016596428,-0.000264971169842,0.01,True,False,False,0.001672659687636,-5.86558045979653,True,587,"benchmarks are predictive-statistical, not clinical"
prior_response_representation,UKHLS,temporal_70_30,persistence,change,context,R2_prior_persistence_minus_BASE,-0.0825033212939509,-0.1432087310367328,-0.0255866737639171,0.0025,True,False,False,0.001672659687636,-49.32463064890051,False,587,"benchmarks are predictive-statistical, not clinical"
prior_response_representation,UKHLS,temporal_70_30,persistence,change,context,R2_prior_persistence_minus_BASE,-0.0825033212939509,-0.1432087310367328,-0.0255866737639171,0.005,True,False,False,0.001672659687636,-49.32463064890051,False,587,"benchmarks are predictive-statistical, not clinical"
prior_response_representation,UKHLS,temporal_70_30,persistence,change,context,R2_prior_persistence_minus_BASE,-0.0825033212939509,-0.1432087310367328,-0.0255866737639171,0.01,True,False,False,0.001672659687636,-49.32463064890051,False,587,"benchmarks are predictive-statistical, not clinical"
prior_response_representation,UKHLS,temporal_70_30,persistence,change,context,R3_joint_raw_minus_BASE,-0.0694774769527979,-0.130708825567089,-0.0079635154707398,0.0025,True,False,False,0.001672659687636,-41.53712644978711,False,587,"benchmarks are predictive-statistical, not clinical"
prior_response_representation,UKHLS,temporal_70_30,persistence,change,context,R3_joint_raw_minus_BASE,-0.0694774769527979,-0.130708825567089,-0.0079635154707398,0.005,True,False,False,0.001672659687636,-41.53712644978711,False,587,"benchmarks are predictive-statistical, not clinical"
prior_response_representation,UKHLS,temporal_70_30,persistence,change,context,R3_joint_raw_minus_BASE,-0.0694774769527979,-0.130708825567089,-0.0079635154707398,0.01,True,False,False,0.001672659687636,-41.53712644978711,False,587,"benchmarks are predictive-statistical, not clinical"
prior_response_representation,UKHLS,temporal_70_30,persistence,change,context,R4_acute_residual_minus_BASE,-0.0055299253277831,-0.017402776609566,0.0072247467594115,0.0025,False,True,False,0.001672659687636,-3.3060671986414185,True,587,"benchmarks are predictive-statistical, not clinical"
prior_response_representation,UKHLS,temporal_70_30,persistence,change,context,R4_acute_residual_minus_BASE,-0.0055299253277831,-0.017402776609566,0.0072247467594115,0.005,False,True,False,0.001672659687636,-3.3060671986414185,True,587,"benchmarks are predictive-statistical, not clinical"
prior_response_representation,UKHLS,temporal_70_30,persistence,change,context,R4_acute_residual_minus_BASE,-0.0055299253277831,-0.017402776609566,0.0072247467594115,0.01,True,False,False,0.001672659687636,-3.3060671986414185,True,587,"benchmarks are predictive-statistical, not clinical"
prior_response_representation,UKHLS,temporal_70_30,persistence,change,context,R4_persistence_residual_minus_BASE,-0.0593743250303346,-0.1344458123411484,0.010187639038008,0.0025,False,True,False,0.001672659687636,-35.49695462216196,False,587,"benchmarks are predictive-statistical, not clinical"
prior_response_representation,UKHLS,temporal_70_30,persistence,change,context,R4_persistence_residual_minus_BASE,-0.0593743250303346,-0.1344458123411484,0.010187639038008,0.005,False,True,False,0.001672659687636,-35.49695462216196,False,587,"benchmarks are predictive-statistical, not clinical"
prior_response_representation,UKHLS,temporal_70_30,persistence,change,context,R4_persistence_residual_minus_BASE,-0.0593743250303346,-0.1344458123411484,0.010187639038008,0.01,False,True,False,0.001672659687636,-35.49695462216196,False,587,"benchmarks are predictive-statistical, not clinical"
prior_response_representation,UKHLS,temporal_70_30,persistence,change,context,R4_joint_residual_minus_BASE,-0.0610630543552548,-0.1444915807088247,0.002579978136606,0.0025,False,True,False,0.001672659687636,-36.50656185871039,False,587,"benchmarks are predictive-statistical, not clinical"
prior_response_representation,UKHLS,temporal_70_30,persistence,change,context,R4_joint_residual_minus_BASE,-0.0610630543552548,-0.1444915807088247,0.002579978136606,0.005,True,False,False,0.001672659687636,-36.50656185871039,False,587,"benchmarks are predictive-statistical, not clinical"
prior_response_representation,UKHLS,temporal_70_30,persistence,change,context,R4_joint_residual_minus_BASE,-0.0610630543552548,-0.1444915807088247,0.002579978136606,0.01,True,False,False,0.001672659687636,-36.50656185871039,False,587,"benchmarks are predictive-statistical, not clinical"
prior_response_representation,UKHLS,temporal_70_30,persistence,change,current_state,R1_prior_acute_minus_BASE,0.0017365040800761,6.46056540040102e-05,0.0033446005820899,0.0025,False,True,False,0.001672659687636,1.0381693855074776,True,587,"benchmarks are predictive-statistical, not clinical"
prior_response_representation,UKHLS,temporal_70_30,persistence,change,current_state,R1_prior_acute_minus_BASE,0.0017365040800761,6.46056540040102e-05,0.0033446005820899,0.005,True,False,False,0.001672659687636,1.0381693855074776,True,587,"benchmarks are predictive-statistical, not clinical"
prior_response_representation,UKHLS,temporal_70_30,persistence,change,current_state,R1_prior_acute_minus_BASE,0.0017365040800761,6.46056540040102e-05,0.0033446005820899,0.01,True,False,False,0.001672659687636,1.0381693855074776,True,587,"benchmarks are predictive-statistical, not clinical"
prior_response_representation,UKHLS,temporal_70_30,persistence,change,current_state,R2_prior_persistence_minus_BASE,-0.01874642396892,-0.0338362913644824,-0.0041130587578158,0.0025,True,False,False,0.001672659687636,-11.207554117248243,False,587,"benchmarks are predictive-statistical, not clinical"
prior_response_representation,UKHLS,temporal_70_30,persistence,change,current_state,R2_prior_persistence_minus_BASE,-0.01874642396892,-0.0338362913644824,-0.0041130587578158,0.005,True,False,False,0.001672659687636,-11.207554117248243,False,587,"benchmarks are predictive-statistical, not clinical"
prior_response_representation,UKHLS,temporal_70_30,persistence,change,current_state,R2_prior_persistence_minus_BASE,-0.01874642396892,-0.0338362913644824,-0.0041130587578158,0.01,True,False,False,0.001672659687636,-11.207554117248243,False,587,"benchmarks are predictive-statistical, not clinical"
prior_response_representation,UKHLS,temporal_70_30,persistence,change,current_state,R3_joint_raw_minus_BASE,-0.0127129873496846,-0.0306813545938253,0.0052150176254606,0.0025,False,True,False,0.001672659687636,-7.600462570872451,True,587,"benchmarks are predictive-statistical, not clinical"
prior_response_representation,UKHLS,temporal_70_30,persistence,change,current_state,R3_joint_raw_minus_BASE,-0.0127129873496846,-0.0306813545938253,0.0052150176254606,0.005,False,True,False,0.001672659687636,-7.600462570872451,True,587,"benchmarks are predictive-statistical, not clinical"
prior_response_representation,UKHLS,temporal_70_30,persistence,change,current_state,R3_joint_raw_minus_BASE,-0.0127129873496846,-0.0306813545938253,0.0052150176254606,0.01,True,False,False,0.001672659687636,-7.600462570872451,True,587,"benchmarks are predictive-statistical, not clinical"
prior_response_representation,UKHLS,temporal_70_30,persistence,change,current_state,R4_acute_residual_minus_BASE,0.0106441333172001,-0.0138064309853053,0.0349796598675926,0.0025,False,True,False,0.001672659687636,6.363597685697621,True,587,"benchmarks are predictive-statistical, not clinical"
prior_response_representation,UKHLS,temporal_70_30,persistence,change,current_state,R4_acute_residual_minus_BASE,0.0106441333172001,-0.0138064309853053,0.0349796598675926,0.005,False,True,False,0.001672659687636,6.363597685697621,True,587,"benchmarks are predictive-statistical, not clinical"
prior_response_representation,UKHLS,temporal_70_30,persistence,change,current_state,R4_acute_residual_minus_BASE,0.0106441333172001,-0.0138064309853053,0.0349796598675926,0.01,False,True,False,0.001672659687636,6.363597685697621,True,587,"benchmarks are predictive-statistical, not clinical"
prior_response_representation,UKHLS,temporal_70_30,persistence,change,current_state,R4_persistence_residual_minus_BASE,0.006963820264659,-0.0022485614526516,0.0166277594606131,0.0025,False,True,False,0.001672659687636,4.163321634480902,True,587,"benchmarks are predictive-statistical, not clinical"
prior_response_representation,UKHLS,temporal_70_30,persistence,change,current_state,R4_persistence_residual_minus_BASE,0.006963820264659,-0.0022485614526516,0.0166277594606131,0.005,False,True,False,0.001672659687636,4.163321634480902,True,587,"benchmarks are predictive-statistical, not clinical"
prior_response_representation,UKHLS,temporal_70_30,persistence,change,current_state,R4_persistence_residual_minus_BASE,0.006963820264659,-0.0022485614526516,0.0166277594606131,0.01,False,True,False,0.001672659687636,4.163321634480902,True,587,"benchmarks are predictive-statistical, not clinical"
prior_response_representation,UKHLS,temporal_70_30,persistence,change,current_state,R4_joint_residual_minus_BASE,0.0141865255202061,-0.0054801541212834,0.0357964402013038,0.0025,False,True,False,0.001672659687636,8.481417723563503,True,587,"benchmarks are predictive-statistical, not clinical"
prior_response_representation,UKHLS,temporal_70_30,persistence,change,current_state,R4_joint_residual_minus_BASE,0.0141865255202061,-0.0054801541212834,0.0357964402013038,0.005,False,True,False,0.001672659687636,8.481417723563503,True,587,"benchmarks are predictive-statistical, not clinical"
prior_response_representation,UKHLS,temporal_70_30,persistence,change,current_state,R4_joint_residual_minus_BASE,0.0141865255202061,-0.0054801541212834,0.0357964402013038,0.01,False,True,False,0.001672659687636,8.481417723563503,True,587,"benchmarks are predictive-statistical, not clinical"
prior_response_representation,UKHLS,temporal_70_30,persistence,ancova_level,ancova_current_state,R1_prior_acute_minus_BASE,0.0016346706451899,5.860724354337377e-05,0.0033243945820135,0.0025,False,True,False,0.001672659687636,0.9772882417584124,True,587,"benchmarks are predictive-statistical, not clinical"
prior_response_representation,UKHLS,temporal_70_30,persistence,ancova_level,ancova_current_state,R1_prior_acute_minus_BASE,0.0016346706451899,5.860724354337377e-05,0.0033243945820135,0.005,True,False,False,0.001672659687636,0.9772882417584124,True,587,"benchmarks are predictive-statistical, not clinical"
prior_response_representation,UKHLS,temporal_70_30,persistence,ancova_level,ancova_current_state,R1_prior_acute_minus_BASE,0.0016346706451899,5.860724354337377e-05,0.0033243945820135,0.01,True,False,False,0.001672659687636,0.9772882417584124,True,587,"benchmarks are predictive-statistical, not clinical"
prior_response_representation,UKHLS,temporal_70_30,persistence,ancova_level,ancova_current_state,R2_prior_persistence_minus_BASE,-0.0176470814643485,-0.0342874616132106,-0.0010195928611673,0.0025,True,False,False,0.001672659687636,-10.550311934216282,False,587,"benchmarks are predictive-statistical, not clinical"
prior_response_representation,UKHLS,temporal_70_30,persistence,ancova_level,ancova_current_state,R2_prior_persistence_minus_BASE,-0.0176470814643485,-0.0342874616132106,-0.0010195928611673,0.005,True,False,False,0.001672659687636,-10.550311934216282,False,587,"benchmarks are predictive-statistical, not clinical"
prior_response_representation,UKHLS,temporal_70_30,persistence,ancova_level,ancova_current_state,R2_prior_persistence_minus_BASE,-0.0176470814643485,-0.0342874616132106,-0.0010195928611673,0.01,True,False,False,0.001672659687636,-10.550311934216282,False,587,"benchmarks are predictive-statistical, not clinical"
prior_response_representation,UKHLS,temporal_70_30,persistence,ancova_level,ancova_current_state,R3_joint_raw_minus_BASE,-0.0119674623697358,-0.0316824084582073,0.0056530080258437,0.0025,False,True,False,0.001672659687636,-7.15475028076376,True,587,"benchmarks are predictive-statistical, not clinical"
prior_response_representation,UKHLS,temporal_70_30,persistence,ancova_level,ancova_current_state,R3_joint_raw_minus_BASE,-0.0119674623697358,-0.0316824084582073,0.0056530080258437,0.005,False,True,False,0.001672659687636,-7.15475028076376,True,587,"benchmarks are predictive-statistical, not clinical"
prior_response_representation,UKHLS,temporal_70_30,persistence,ancova_level,ancova_current_state,R3_joint_raw_minus_BASE,-0.0119674623697358,-0.0316824084582073,0.0056530080258437,0.01,True,False,False,0.001672659687636,-7.15475028076376,True,587,"benchmarks are predictive-statistical, not clinical"
prior_response_representation,UKHLS,temporal_70_30,persistence,ancova_level,ancova_current_state,R4_acute_residual_minus_BASE,0.0100199316988366,-0.0122511459527765,0.0318580484545489,0.0025,False,True,False,0.001672659687636,5.990418596742765,True,587,"benchmarks are predictive-statistical, not clinical"
prior_response_representation,UKHLS,temporal_70_30,persistence,ancova_level,ancova_current_state,R4_acute_residual_minus_BASE,0.0100199316988366,-0.0122511459527765,0.0318580484545489,0.005,False,True,False,0.001672659687636,5.990418596742765,True,587,"benchmarks are predictive-statistical, not clinical"
prior_response_representation,UKHLS,temporal_70_30,persistence,ancova_level,ancova_current_state,R4_acute_residual_minus_BASE,0.0100199316988366,-0.0122511459527765,0.0318580484545489,0.01,False,True,False,0.001672659687636,5.990418596742765,True,587,"benchmarks are predictive-statistical, not clinical"
prior_response_representation,UKHLS,temporal_70_30,persistence,ancova_level,ancova_current_state,R4_persistence_residual_minus_BASE,0.0065554424522396,-0.0020484350656567,0.0155421046922361,0.0025,False,True,False,0.001672659687636,3.9191728602633606,True,587,"benchmarks are predictive-statistical, not clinical"
prior_response_representation,UKHLS,temporal_70_30,persistence,ancova_level,ancova_current_state,R4_persistence_residual_minus_BASE,0.0065554424522396,-0.0020484350656567,0.0155421046922361,0.005,False,True,False,0.001672659687636,3.9191728602633606,True,587,"benchmarks are predictive-statistical, not clinical"
prior_response_representation,UKHLS,temporal_70_30,persistence,ancova_level,ancova_current_state,R4_persistence_residual_minus_BASE,0.0065554424522396,-0.0020484350656567,0.0155421046922361,0.01,False,True,False,0.001672659687636,3.9191728602633606,True,587,"benchmarks are predictive-statistical, not clinical"
prior_response_representation,UKHLS,temporal_70_30,persistence,ancova_level,ancova_current_state,R4_joint_residual_minus_BASE,0.0133545881585869,-0.0038520842819043,0.033643902323711,0.0025,False,True,False,0.001672659687636,7.984043770111541,True,587,"benchmarks are predictive-statistical, not clinical"
prior_response_representation,UKHLS,temporal_70_30,persistence,ancova_level,ancova_current_state,R4_joint_residual_minus_BASE,0.0133545881585869,-0.0038520842819043,0.033643902323711,0.005,False,True,False,0.001672659687636,7.984043770111541,True,587,"benchmarks are predictive-statistical, not clinical"
prior_response_representation,UKHLS,temporal_70_30,persistence,ancova_level,ancova_current_state,R4_joint_residual_minus_BASE,0.0133545881585869,-0.0038520842819043,0.033643902323711,0.01,False,True,False,0.001672659687636,7.984043770111541,True,587,"benchmarks are predictive-statistical, not clinical"
split_half_cross_form,HRS,grouped_10fold,acute,change,context,SPLIT_PRIOR_minus_BASE,-6.104551077140696e-05,-0.0049432821122662,0.0048042686200471,0.0025,False,True,False,0.0049367170673443,-0.0123656085488906,False,1127,"benchmarks are predictive-statistical, not clinical"
split_half_cross_form,HRS,grouped_10fold,acute,change,context,SPLIT_PRIOR_minus_BASE,-6.104551077140696e-05,-0.0049432821122662,0.0048042686200471,0.005,True,False,False,0.0049367170673443,-0.0123656085488906,False,1127,"benchmarks are predictive-statistical, not clinical"
split_half_cross_form,HRS,grouped_10fold,acute,change,context,SPLIT_PRIOR_minus_BASE,-6.104551077140696e-05,-0.0049432821122662,0.0048042686200471,0.01,True,False,False,0.0049367170673443,-0.0123656085488906,False,1127,"benchmarks are predictive-statistical, not clinical"
split_half_cross_form,HRS,grouped_10fold,acute,change,current_state,SPLIT_PRIOR_minus_BASE,-0.0013117626606075,-0.002251972164698,-0.000437257684569,0.0025,True,False,False,0.0049367170673443,-0.2657155844082367,True,1127,"benchmarks are predictive-statistical, not clinical"
split_half_cross_form,HRS,grouped_10fold,acute,change,current_state,SPLIT_PRIOR_minus_BASE,-0.0013117626606075,-0.002251972164698,-0.000437257684569,0.005,True,False,False,0.0049367170673443,-0.2657155844082367,True,1127,"benchmarks are predictive-statistical, not clinical"
split_half_cross_form,HRS,grouped_10fold,acute,change,current_state,SPLIT_PRIOR_minus_BASE,-0.0013117626606075,-0.002251972164698,-0.000437257684569,0.01,True,False,False,0.0049367170673443,-0.2657155844082367,True,1127,"benchmarks are predictive-statistical, not clinical"
split_half_cross_form,HRS,grouped_10fold,acute,ancova_level,ancova_current_state,SPLIT_PRIOR_minus_BASE,-0.0013457911492595,-0.0022105978593213,-0.0004925281099562,0.0025,True,False,False,0.0049367170673443,-0.2726085232151051,True,1127,"benchmarks are predictive-statistical, not clinical"
split_half_cross_form,HRS,grouped_10fold,acute,ancova_level,ancova_current_state,SPLIT_PRIOR_minus_BASE,-0.0013457911492595,-0.0022105978593213,-0.0004925281099562,0.005,True,False,False,0.0049367170673443,-0.2726085232151051,True,1127,"benchmarks are predictive-statistical, not clinical"
split_half_cross_form,HRS,grouped_10fold,acute,ancova_level,ancova_current_state,SPLIT_PRIOR_minus_BASE,-0.0013457911492595,-0.0022105978593213,-0.0004925281099562,0.01,True,False,False,0.0049367170673443,-0.2726085232151051,True,1127,"benchmarks are predictive-statistical, not clinical"
split_half_cross_form,HRS,grouped_10fold,persistence,change,context,SPLIT_PRIOR_minus_BASE,0.0136563419616387,2.479657379018984e-05,0.0269207431834918,0.0025,False,True,False,0.0049367170673443,2.7662800552159537,True,1117,"benchmarks are predictive-statistical, not clinical"
split_half_cross_form,HRS,grouped_10fold,persistence,change,context,SPLIT_PRIOR_minus_BASE,0.0136563419616387,2.479657379018984e-05,0.0269207431834918,0.005,False,True,False,0.0049367170673443,2.7662800552159537,True,1117,"benchmarks are predictive-statistical, not clinical"
split_half_cross_form,HRS,grouped_10fold,persistence,change,context,SPLIT_PRIOR_minus_BASE,0.0136563419616387,2.479657379018984e-05,0.0269207431834918,0.01,False,True,False,0.0049367170673443,2.7662800552159537,True,1117,"benchmarks are predictive-statistical, not clinical"
split_half_cross_form,HRS,grouped_10fold,persistence,change,current_state,SPLIT_PRIOR_minus_BASE,-0.0010847578731855,-0.0038558717000735,0.0013432339301579,0.0025,True,False,False,0.0049367170673443,-0.2197326398065415,True,1117,"benchmarks are predictive-statistical, not clinical"
split_half_cross_form,HRS,grouped_10fold,persistence,change,current_state,SPLIT_PRIOR_minus_BASE,-0.0010847578731855,-0.0038558717000735,0.0013432339301579,0.005,True,False,False,0.0049367170673443,-0.2197326398065415,True,1117,"benchmarks are predictive-statistical, not clinical"
split_half_cross_form,HRS,grouped_10fold,persistence,change,current_state,SPLIT_PRIOR_minus_BASE,-0.0010847578731855,-0.0038558717000735,0.0013432339301579,0.01,True,False,False,0.0049367170673443,-0.2197326398065415,True,1117,"benchmarks are predictive-statistical, not clinical"
split_half_cross_form,HRS,grouped_10fold,persistence,ancova_level,ancova_current_state,SPLIT_PRIOR_minus_BASE,-0.0011214542800156,-0.0040729531965862,0.0018773778903735,0.0025,True,False,False,0.0049367170673443,-0.2271660021664819,True,1117,"benchmarks are predictive-statistical, not clinical"
split_half_cross_form,HRS,grouped_10fold,persistence,ancova_level,ancova_current_state,SPLIT_PRIOR_minus_BASE,-0.0011214542800156,-0.0040729531965862,0.0018773778903735,0.005,True,False,False,0.0049367170673443,-0.2271660021664819,True,1117,"benchmarks are predictive-statistical, not clinical"
split_half_cross_form,HRS,grouped_10fold,persistence,ancova_level,ancova_current_state,SPLIT_PRIOR_minus_BASE,-0.0011214542800156,-0.0040729531965862,0.0018773778903735,0.01,True,False,False,0.0049367170673443,-0.2271660021664819,True,1117,"benchmarks are predictive-statistical, not clinical"
split_half_cross_form,HRS,temporal_70_30,acute,change,context,SPLIT_PRIOR_minus_BASE,0.0040562016778076,-0.0027397665960271,0.0110243686998993,0.0025,False,True,False,0.0042834080677893,0.9469566321055928,True,327,"benchmarks are predictive-statistical, not clinical"
split_half_cross_form,HRS,temporal_70_30,acute,change,context,SPLIT_PRIOR_minus_BASE,0.0040562016778076,-0.0027397665960271,0.0110243686998993,0.005,False,True,False,0.0042834080677893,0.9469566321055928,True,327,"benchmarks are predictive-statistical, not clinical"
split_half_cross_form,HRS,temporal_70_30,acute,change,context,SPLIT_PRIOR_minus_BASE,0.0040562016778076,-0.0027397665960271,0.0110243686998993,0.01,False,True,False,0.0042834080677893,0.9469566321055928,True,327,"benchmarks are predictive-statistical, not clinical"
split_half_cross_form,HRS,temporal_70_30,acute,change,current_state,SPLIT_PRIOR_minus_BASE,0.0001815655419906,-0.0009720111875077,0.0012859457895055,0.0025,True,False,False,0.0042834080677893,0.0423881029117828,False,327,"benchmarks are predictive-statistical, not clinical"
split_half_cross_form,HRS,temporal_70_30,acute,change,current_state,SPLIT_PRIOR_minus_BASE,0.0001815655419906,-0.0009720111875077,0.0012859457895055,0.005,True,False,False,0.0042834080677893,0.0423881029117828,False,327,"benchmarks are predictive-statistical, not clinical"
split_half_cross_form,HRS,temporal_70_30,acute,change,current_state,SPLIT_PRIOR_minus_BASE,0.0001815655419906,-0.0009720111875077,0.0012859457895055,0.01,True,False,False,0.0042834080677893,0.0423881029117828,False,327,"benchmarks are predictive-statistical, not clinical"
split_half_cross_form,HRS,temporal_70_30,acute,ancova_level,ancova_current_state,SPLIT_PRIOR_minus_BASE,0.0001936678025117,-0.001041807188069,0.0013418910059332,0.0025,True,False,False,0.0042834080677893,0.0452134840871431,False,327,"benchmarks are predictive-statistical, not clinical"
split_half_cross_form,HRS,temporal_70_30,acute,ancova_level,ancova_current_state,SPLIT_PRIOR_minus_BASE,0.0001936678025117,-0.001041807188069,0.0013418910059332,0.005,True,False,False,0.0042834080677893,0.0452134840871431,False,327,"benchmarks are predictive-statistical, not clinical"
split_half_cross_form,HRS,temporal_70_30,acute,ancova_level,ancova_current_state,SPLIT_PRIOR_minus_BASE,0.0001936678025117,-0.001041807188069,0.0013418910059332,0.01,True,False,False,0.0042834080677893,0.0452134840871431,False,327,"benchmarks are predictive-statistical, not clinical"
split_half_cross_form,HRS,temporal_70_30,persistence,change,context,SPLIT_PRIOR_minus_BASE,0.0132736584025251,-0.0058776494730584,0.0333452303496842,0.0025,False,True,False,0.0042834080677893,3.098854508479222,True,325,"benchmarks are predictive-statistical, not clinical"
split_half_cross_form,HRS,temporal_70_30,persistence,change,context,SPLIT_PRIOR_minus_BASE,0.0132736584025251,-0.0058776494730584,0.0333452303496842,0.005,False,True,False,0.0042834080677893,3.098854508479222,True,325,"benchmarks are predictive-statistical, not clinical"
split_half_cross_form,HRS,temporal_70_30,persistence,change,context,SPLIT_PRIOR_minus_BASE,0.0132736584025251,-0.0058776494730584,0.0333452303496842,0.01,False,True,False,0.0042834080677893,3.098854508479222,True,325,"benchmarks are predictive-statistical, not clinical"
split_half_cross_form,HRS,temporal_70_30,persistence,change,current_state,SPLIT_PRIOR_minus_BASE,-0.0078379899403043,-0.0128305671450839,-0.0030870659422301,0.0025,True,False,False,0.0042834080677893,-1.8298489931989064,True,325,"benchmarks are predictive-statistical, not clinical"
split_half_cross_form,HRS,temporal_70_30,persistence,change,current_state,SPLIT_PRIOR_minus_BASE,-0.0078379899403043,-0.0128305671450839,-0.0030870659422301,0.005,True,False,False,0.0042834080677893,-1.8298489931989064,True,325,"benchmarks are predictive-statistical, not clinical"
split_half_cross_form,HRS,temporal_70_30,persistence,change,current_state,SPLIT_PRIOR_minus_BASE,-0.0078379899403043,-0.0128305671450839,-0.0030870659422301,0.01,True,False,False,0.0042834080677893,-1.8298489931989064,True,325,"benchmarks are predictive-statistical, not clinical"
split_half_cross_form,HRS,temporal_70_30,persistence,ancova_level,ancova_current_state,SPLIT_PRIOR_minus_BASE,-0.0087564680976945,-0.0146597257997487,-0.0034204400584706,0.0025,True,False,False,0.0042834080677893,-2.0442759501580285,True,325,"benchmarks are predictive-statistical, not clinical"
split_half_cross_form,HRS,temporal_70_30,persistence,ancova_level,ancova_current_state,SPLIT_PRIOR_minus_BASE,-0.0087564680976945,-0.0146597257997487,-0.0034204400584706,0.005,True,False,False,0.0042834080677893,-2.0442759501580285,True,325,"benchmarks are predictive-statistical, not clinical"
split_half_cross_form,HRS,temporal_70_30,persistence,ancova_level,ancova_current_state,SPLIT_PRIOR_minus_BASE,-0.0087564680976945,-0.0146597257997487,-0.0034204400584706,0.01,True,False,False,0.0042834080677893,-2.0442759501580285,True,325,"benchmarks are predictive-statistical, not clinical"
split_half_cross_form,UKHLS,grouped_10fold,acute,change,context,SPLIT_PRIOR_minus_BASE,-0.0010682169592599,-0.0017345337437905,-0.0004154451898709,0.0025,True,False,False,0.0031969320991318,-0.3341381443634848,True,1956,"benchmarks are predictive-statistical, not clinical"
split_half_cross_form,UKHLS,grouped_10fold,acute,change,context,SPLIT_PRIOR_minus_BASE,-0.0010682169592599,-0.0017345337437905,-0.0004154451898709,0.005,True,False,False,0.0031969320991318,-0.3341381443634848,True,1956,"benchmarks are predictive-statistical, not clinical"
split_half_cross_form,UKHLS,grouped_10fold,acute,change,context,SPLIT_PRIOR_minus_BASE,-0.0010682169592599,-0.0017345337437905,-0.0004154451898709,0.01,True,False,False,0.0031969320991318,-0.3341381443634848,True,1956,"benchmarks are predictive-statistical, not clinical"
split_half_cross_form,UKHLS,grouped_10fold,acute,change,current_state,SPLIT_PRIOR_minus_BASE,0.0001019538125454,-0.002174729106709,0.0027343394932223,0.0025,False,True,False,0.0031969320991318,0.0318911410640067,False,1956,"benchmarks are predictive-statistical, not clinical"
split_half_cross_form,UKHLS,grouped_10fold,acute,change,current_state,SPLIT_PRIOR_minus_BASE,0.0001019538125454,-0.002174729106709,0.0027343394932223,0.005,True,False,False,0.0031969320991318,0.0318911410640067,False,1956,"benchmarks are predictive-statistical, not clinical"
split_half_cross_form,UKHLS,grouped_10fold,acute,change,current_state,SPLIT_PRIOR_minus_BASE,0.0001019538125454,-0.002174729106709,0.0027343394932223,0.01,True,False,False,0.0031969320991318,0.0318911410640067,False,1956,"benchmarks are predictive-statistical, not clinical"
split_half_cross_form,UKHLS,grouped_10fold,acute,ancova_level,ancova_current_state,SPLIT_PRIOR_minus_BASE,0.0001267513676221,-0.0026013850007427,0.0024191855871558,0.0025,True,False,False,0.0031969320991318,0.0396478134948683,False,1956,"benchmarks are predictive-statistical, not clinical"
split_half_cross_form,UKHLS,grouped_10fold,acute,ancova_level,ancova_current_state,SPLIT_PRIOR_minus_BASE,0.0001267513676221,-0.0026013850007427,0.0024191855871558,0.005,True,False,False,0.0031969320991318,0.0396478134948683,False,1956,"benchmarks are predictive-statistical, not clinical"
split_half_cross_form,UKHLS,grouped_10fold,acute,ancova_level,ancova_current_state,SPLIT_PRIOR_minus_BASE,0.0001267513676221,-0.0026013850007427,0.0024191855871558,0.01,True,False,False,0.0031969320991318,0.0396478134948683,False,1956,"benchmarks are predictive-statistical, not clinical"
split_half_cross_form,UKHLS,grouped_10fold,persistence,change,context,SPLIT_PRIOR_minus_BASE,0.0178094407889801,0.0031241077679029,0.0333219395429934,0.0025,False,False,True,0.0031969320991318,5.570791069918775,True,1956,"benchmarks are predictive-statistical, not clinical"
split_half_cross_form,UKHLS,grouped_10fold,persistence,change,context,SPLIT_PRIOR_minus_BASE,0.0178094407889801,0.0031241077679029,0.0333219395429934,0.005,False,True,False,0.0031969320991318,5.570791069918775,True,1956,"benchmarks are predictive-statistical, not clinical"
split_half_cross_form,UKHLS,grouped_10fold,persistence,change,context,SPLIT_PRIOR_minus_BASE,0.0178094407889801,0.0031241077679029,0.0333219395429934,0.01,False,True,False,0.0031969320991318,5.570791069918775,True,1956,"benchmarks are predictive-statistical, not clinical"
split_half_cross_form,UKHLS,grouped_10fold,persistence,change,current_state,SPLIT_PRIOR_minus_BASE,0.0003469541689337,-0.00184930052325,0.0026693853814042,0.0025,False,True,False,0.0031969320991318,0.1085272249066502,True,1956,"benchmarks are predictive-statistical, not clinical"
split_half_cross_form,UKHLS,grouped_10fold,persistence,change,current_state,SPLIT_PRIOR_minus_BASE,0.0003469541689337,-0.00184930052325,0.0026693853814042,0.005,True,False,False,0.0031969320991318,0.1085272249066502,True,1956,"benchmarks are predictive-statistical, not clinical"
split_half_cross_form,UKHLS,grouped_10fold,persistence,change,current_state,SPLIT_PRIOR_minus_BASE,0.0003469541689337,-0.00184930052325,0.0026693853814042,0.01,True,False,False,0.0031969320991318,0.1085272249066502,True,1956,"benchmarks are predictive-statistical, not clinical"
split_half_cross_form,UKHLS,grouped_10fold,persistence,ancova_level,ancova_current_state,SPLIT_PRIOR_minus_BASE,0.0004102616905631,-0.001948598364327,0.0028566920265841,0.0025,False,True,False,0.0031969320991318,0.1283298105313531,True,1956,"benchmarks are predictive-statistical, not clinical"
split_half_cross_form,UKHLS,grouped_10fold,persistence,ancova_level,ancova_current_state,SPLIT_PRIOR_minus_BASE,0.0004102616905631,-0.001948598364327,0.0028566920265841,0.005,True,False,False,0.0031969320991318,0.1283298105313531,True,1956,"benchmarks are predictive-statistical, not clinical"
split_half_cross_form,UKHLS,grouped_10fold,persistence,ancova_level,ancova_current_state,SPLIT_PRIOR_minus_BASE,0.0004102616905631,-0.001948598364327,0.0028566920265841,0.01,True,False,False,0.0031969320991318,0.1283298105313531,True,1956,"benchmarks are predictive-statistical, not clinical"
split_half_cross_form,UKHLS,temporal_70_30,acute,change,context,SPLIT_PRIOR_minus_BASE,-0.0008107677084726,-0.0025583050554824,0.0008337591969756,0.0025,True,False,False,0.001672659687636,-0.4847176711830319,True,587,"benchmarks are predictive-statistical, not clinical"
split_half_cross_form,UKHLS,temporal_70_30,acute,change,context,SPLIT_PRIOR_minus_BASE,-0.0008107677084726,-0.0025583050554824,0.0008337591969756,0.005,True,False,False,0.001672659687636,-0.4847176711830319,True,587,"benchmarks are predictive-statistical, not clinical"
split_half_cross_form,UKHLS,temporal_70_30,acute,change,context,SPLIT_PRIOR_minus_BASE,-0.0008107677084726,-0.0025583050554824,0.0008337591969756,0.01,True,False,False,0.001672659687636,-0.4847176711830319,True,587,"benchmarks are predictive-statistical, not clinical"
split_half_cross_form,UKHLS,temporal_70_30,acute,change,current_state,SPLIT_PRIOR_minus_BASE,-0.0041712237497928,-0.0129771805043507,0.0041399094163207,0.0025,False,True,False,0.001672659687636,-2.4937671306517264,True,587,"benchmarks are predictive-statistical, not clinical"
split_half_cross_form,UKHLS,temporal_70_30,acute,change,current_state,SPLIT_PRIOR_minus_BASE,-0.0041712237497928,-0.0129771805043507,0.0041399094163207,0.005,True,False,False,0.001672659687636,-2.4937671306517264,True,587,"benchmarks are predictive-statistical, not clinical"
split_half_cross_form,UKHLS,temporal_70_30,acute,change,current_state,SPLIT_PRIOR_minus_BASE,-0.0041712237497928,-0.0129771805043507,0.0041399094163207,0.01,True,False,False,0.001672659687636,-2.4937671306517264,True,587,"benchmarks are predictive-statistical, not clinical"
split_half_cross_form,UKHLS,temporal_70_30,acute,ancova_level,ancova_current_state,SPLIT_PRIOR_minus_BASE,-0.0036631981037687,-0.0108795008148717,0.0041547101871063,0.0025,False,True,False,0.001672659687636,-2.1900438749414795,True,587,"benchmarks are predictive-statistical, not clinical"
split_half_cross_form,UKHLS,temporal_70_30,acute,ancova_level,ancova_current_state,SPLIT_PRIOR_minus_BASE,-0.0036631981037687,-0.0108795008148717,0.0041547101871063,0.005,True,False,False,0.001672659687636,-2.1900438749414795,True,587,"benchmarks are predictive-statistical, not clinical"
split_half_cross_form,UKHLS,temporal_70_30,acute,ancova_level,ancova_current_state,SPLIT_PRIOR_minus_BASE,-0.0036631981037687,-0.0108795008148717,0.0041547101871063,0.01,True,False,False,0.001672659687636,-2.1900438749414795,True,587,"benchmarks are predictive-statistical, not clinical"
split_half_cross_form,UKHLS,temporal_70_30,persistence,change,context,SPLIT_PRIOR_minus_BASE,-0.0597190610303612,-0.106807648091787,-0.0195374344925508,0.0025,True,False,False,0.001672659687636,-35.703055123402486,False,587,"benchmarks are predictive-statistical, not clinical"
split_half_cross_form,UKHLS,temporal_70_30,persistence,change,context,SPLIT_PRIOR_minus_BASE,-0.0597190610303612,-0.106807648091787,-0.0195374344925508,0.005,True,False,False,0.001672659687636,-35.703055123402486,False,587,"benchmarks are predictive-statistical, not clinical"
split_half_cross_form,UKHLS,temporal_70_30,persistence,change,context,SPLIT_PRIOR_minus_BASE,-0.0597190610303612,-0.106807648091787,-0.0195374344925508,0.01,True,False,False,0.001672659687636,-35.703055123402486,False,587,"benchmarks are predictive-statistical, not clinical"
split_half_cross_form,UKHLS,temporal_70_30,persistence,change,current_state,SPLIT_PRIOR_minus_BASE,-0.0142290256650557,-0.0259640378701002,-0.0050475846623327,0.0025,True,False,False,0.001672659687636,-8.506826445471363,True,587,"benchmarks are predictive-statistical, not clinical"
split_half_cross_form,UKHLS,temporal_70_30,persistence,change,current_state,SPLIT_PRIOR_minus_BASE,-0.0142290256650557,-0.0259640378701002,-0.0050475846623327,0.005,True,False,False,0.001672659687636,-8.506826445471363,True,587,"benchmarks are predictive-statistical, not clinical"
split_half_cross_form,UKHLS,temporal_70_30,persistence,change,current_state,SPLIT_PRIOR_minus_BASE,-0.0142290256650557,-0.0259640378701002,-0.0050475846623327,0.01,True,False,False,0.001672659687636,-8.506826445471363,True,587,"benchmarks are predictive-statistical, not clinical"
split_half_cross_form,UKHLS,temporal_70_30,persistence,ancova_level,ancova_current_state,SPLIT_PRIOR_minus_BASE,-0.0141749824818426,-0.0259074791155122,-0.0034258818295862,0.0025,True,False,False,0.001672659687636,-8.474516715277833,True,587,"benchmarks are predictive-statistical, not clinical"
split_half_cross_form,UKHLS,temporal_70_30,persistence,ancova_level,ancova_current_state,SPLIT_PRIOR_minus_BASE,-0.0141749824818426,-0.0259074791155122,-0.0034258818295862,0.005,True,False,False,0.001672659687636,-8.474516715277833,True,587,"benchmarks are predictive-statistical, not clinical"
split_half_cross_form,UKHLS,temporal_70_30,persistence,ancova_level,ancova_current_state,SPLIT_PRIOR_minus_BASE,-0.0141749824818426,-0.0259074791155122,-0.0034258818295862,0.01,True,False,False,0.001672659687636,-8.474516715277833,True,587,"benchmarks are predictive-statistical, not clinical"
